job_key,job_id,job_kind,title,company_name,company_industry,company_stage,company_size,location,salary,experience,education,benefits,detail_update_time,detail_recruit_count,detail_labels,match_reason,source_url,page_url,job_url,first_seen_at,last_seen_at,job_intro,company_intro
unknown:1961419985,1961419985,unknown,内容安全策略运营,58同城,互联网,不需要融资,10000人以上,北京-大山子,15-25k,3-5年,本科,发展空间大 | 扁平管理 | 岗位晋升,90天前更新,招1人,发展空间大 | 扁平管理 | 岗位晋升,标题领域词=内容安全; 标题岗位词=运营; 公司标签=互联网,https://www.liepin.com/zpneironganquan/,https://www.liepin.com/zpneironganquan/pn4/,https://www.liepin.com/job/1961419985.shtml,2026-04-14T14:01:30+08:00,2026-06-04T14:08:00+08:00,1、 负责内容安全风险审核能力的建设，对内容安全风险（涉政、涉黄、涉暴、违禁）等有较好的防控治理经验，能把解决方案快速转化为线上实时的防控策略，在以上几个风险领域具备专业的防控和对抗理解 2、 有抽象思维能力，能结合风险舆情，在内容、账户等场景的不同业务流程中抽离出共性问题，协调相关算法、研发和审核资源，确定优化方向不断提升中台治理能力 3、 能通过数据分析挖掘平台风险，结合敏感词库、内容和图片的算法模型、行为模型等多项能力打造内容安全风控策略，对风控效果和风控效率负责 岗位要求： 1、 本科及以上学历（优先），3年以上风控策略运营或相关分析工作经验 2、 数据处理能力，熟练使用SQL\EXCEL等数据提取和处理工具,"58同城，遵循“开放协作、简单可信、学习成长、创新进取”的企业核心价值观，以“让生活简单美好”为企业使命，以“人人信赖的生活服务平台”为愿景。业务覆盖招聘、房产、汽车、二手、本地生活服务及金融等各个领域，旗下拥有安居客、转转、58到家、人人车、赶集网、中华英才网、58魔方、爱房、驾校一点通、58数科、58同镇、58部落等。

2005年12月，58同城创立于北京，并于2013年10月31日，正式于纽交所挂牌上市，2015年58同城先后完成安居客、中华英才网并购，同年11月正式合并赶集网。58同城不断进行AI、大数据、VR可视化、智能化技术创新，完善用户服务标准化和保障体系，为客户提供更专业、高效的服务，全方位的市场营销解决方案，让用户更安心，让更多人生活简单美好。

2021年，58同城全面向产业化布局发展，公司以“4+N”投资布局发展战略，围绕招聘、房产、汽车、本地生活服务等各个事业群，通过内部孵化、投资等向N个创新的细分业务方向发展，打通上下游服务产品链，逐步完成生活服务信息流程的在线化和一体化解决方案。"
unknown:1956035545,1956035545,unknown,安全合规运营（内容安全方向）,58同城,互联网,不需要融资,10000人以上,北京-酒仙桥,18-30k·15薪,3-5年,本科,发展空间大 | 扁平管理 | 岗位晋升,90天前更新,招1人,发展空间大 | 扁平管理 | 岗位晋升,标题领域词=内容安全; 标题岗位词=运营; 公司标签=互联网,https://www.liepin.com/zpneironganquan/,https://www.liepin.com/zpneironganquan/pn4/,https://www.liepin.com/job/1956035545.shtml,2026-04-14T14:01:30+08:00,2026-06-04T14:08:00+08:00,"工作职责：
1、负责内容安全监管工作，从监管对接、政策解读、方案协同、方案落地和验收推动公司合规建设；
2、负责公司内容安全规则体系运营工作，制定和完善相关管控规则和制度；
3、与GR、PR、法务等部门建立良好的沟通机制，了解监管动向解读监管尺度，并转化为可落地的安全解决方案；
4、持续优化集团的监管系统，制度平台等合规系统。
任职资格：
1、本科及其以上学历，3年以上内容安全领域相关工作经验者优先；
2、具有较丰富的内容安全政策解读的经验、制定内容安全防控标准和流程的经验。","58同城，遵循“开放协作、简单可信、学习成长、创新进取”的企业核心价值观，以“让生活简单美好”为企业使命，以“人人信赖的生活服务平台”为愿景。业务覆盖招聘、房产、汽车、二手、本地生活服务及金融等各个领域，旗下拥有安居客、转转、58到家、人人车、赶集网、中华英才网、58魔方、爱房、驾校一点通、58数科、58同镇、58部落等。

2005年12月，58同城创立于北京，并于2013年10月31日，正式于纽交所挂牌上市，2015年58同城先后完成安居客、中华英才网并购，同年11月正式合并赶集网。58同城不断进行AI、大数据、VR可视化、智能化技术创新，完善用户服务标准化和保障体系，为客户提供更专业、高效的服务，全方位的市场营销解决方案，让用户更安心，让更多人生活简单美好。

2021年，58同城全面向产业化布局发展，公司以“4+N”投资布局发展战略，围绕招聘、房产、汽车、本地生活服务等各个事业群，通过内部孵化、投资等向N个创新的细分业务方向发展，打通上下游服务产品链，逐步完成生活服务信息流程的在线化和一体化解决方案。"
unknown:1977634395,1977634395,unknown,内容安全策略运营,BIGO LIVE,互联网,D轮及以上融资,5000-10000人,广州-洛溪,18-35k·16薪,2年以上,本科,五险一金 | 年终奖金 | 绩效奖金 | 带薪年假,90天前更新,招1人,五险一金 | 年终奖金 | 绩效奖金 | 带薪年假 | 餐费补贴,标题领域词=内容安全; 标题岗位词=运营; 公司标签=互联网,https://www.liepin.com/zpneironganquan/,https://www.liepin.com/zpneironganquan/pn3/,https://www.liepin.com/job/1977634395.shtml,2026-04-14T14:01:30+08:00,2026-06-04T14:08:00+08:00,"岗位职责
1、风控体系建设：全面理解平台内容生态及风险类型，参与搭建和优化风控治理体系，重点关注语音房场景，制定可执行的策略方案，推动机人审策略、模型能力迭代
2、风险监测与复盘：理解业务场景，并基于平台规则与外部舆情、负面反馈，建立风控检测指标，追踪策略、模型整体效果，定期进行复盘，总结经验并提出改进方向，优化具体策略，为策略的投入产出比负责
3、沟通与项目推进：能清晰表达业务诉求和风险判断，高效协同产品、审核、算法、政策合规等多方，推动项目闭环落地

任职要求
1、教育背景：本科及以上学历，有机审/风控策略从业经验、完整项目经历优先
2、经验要求：2年以上内容风控/策略运营/风险治理相关风险对抗的实战经验
3、专业能力：熟悉整体审核链路及常见风险处置方式，能独立进行风险特征挖掘、制定风控策略。熟悉策略引擎的使用，了解模型工作流程，能结合业务场景提出模型需求并进行效果验证
4、数据分析：有一定数据敏感性，并至少掌握一种数据分析工具（如SQL、Python等），能基于数据量化分析的方式提出风控策略迭代方案、验证风控效果
5、综合能力：主动自驱，沟通与推动力强，能高效与协作方对齐目标，推动需求落地；思维逻辑清晰，具备优秀的文档撰写与表达能力","【关于BIGO】

BIGO 于2014年成立，是一家高速发展的科技公司。BIGO 基于强大的音视频处理技术、全球音视频实时传输技术、人工智能技术、CDN 技术，推出了一系列音视频类社交及内容产品，包括Bigo Live、Likee等。目前，BIGO 在全球已拥有近4亿月活用户，产品及服务已覆盖超过150个国家和地区。为了让用户更积极、自在、安全地感受世界的精彩，BIGO 一直不懈地探索前沿技术，提升自身研发水平，现已在中国（北京、上海、广州）、新加坡和美国（硅谷）建立了5个研发中心。BIGO 深耕本地化运营和本土团队建设，拥有产品、运营、营销、业务等全方位本土化落地能力，已在全球建立30余个本地办公室。使命连接美好世界，传递快乐生活愿景成为影响10亿人生活的内容平台。

 

【BIGO发展历程】

2014年11月——BIGO成立

2016年3月——海外视频直播应用 - Bigo Live上线

2017年7月——创意产品全球头部的创意短视频社交应用 - Likee在全球上线

2017年12月——Likee获得Google Play 多个奖项

2018年6月——BIGO完成D轮融资，成功超过3亿美元

2020年3月——第⼀季度社交及通讯应⽤全球下载排⾏Likee跻身前六名

2020年12月——Bigo Live位列全球⾮游戏类应⽤收⼊年度榜单第⼗位

2021年1月——旗下产品全球⽉活数近4亿，全球员工8000人；BIGO 点亮迪拜塔、纽约时代⼴场等全球30多个城市地标，拓宽泛娱乐新版图

2021年6月——Bigo Live位列2021上半年全球娱乐应⽤收⼊榜单第九位

 

【全球化产品，月活用户近4亿】

Bigo Live---全球视频直播社交平台，月活跃用户超过 2800 万；2021年第三季度月活达3100万，营收同比增长8.6%

Likee---全球短视频创作平台，登顶应用排行；移动端月活跃用户超过 1 亿，2021年第三季度月活用户达7680万，营收同比增长58.1%

 

【企业主页】

公司官网*******************

请关注“BIGO 招聘”微信公众号，获得更多企业及招聘动态

 

【公司地址】

广州万达办公室：广州市番禺区万达广场B1栋

北京办公室：北京市朝阳区望京利泽西街东湖国际中心A座2-3层

上海办公室：上海市黄浦区淮海中路381号中环广场办公大楼23层2339室

佛山办公室：佛山市桂城南海区荣耀国际金融中心14-15层

成都办公室：成都市高新区天府三街大有智慧广场迈普大厦1栋8层"
unknown:1959167725,1959167725,unknown,内容安全评估负责人,Baidu,"互联网,IT服务,计算机软件",已上市,10000人以上,北京-西北旺,15-30k·16薪,1-3年,本科,,90天前更新,招1人,,标题领域词=内容安全; 标题岗位词=评估; 公司标签=互联网,https://www.liepin.com/zpneironganquan/,https://www.liepin.com/zpneironganquan/pn4/,https://www.liepin.com/job/1959167725.shtml,2026-04-14T14:01:30+08:00,2026-06-04T14:08:00+08:00,"工作职责

-制定和实施内容安全评估策略，确保我们的产品符合内部和外部政策和法规要求
-对接内容评估团队，指导评估团队书写并沉淀系统、全面的内容安全评估集合
-关注内容监管政策和行业动态，进行相关专项分析研究，形成业务建议
-分析内容安全相关的问题，与技术、产品、法务、运营等相关部门沟通和协作解决
任职资格

-本科及以上学历，具备两年以上内容安全相关工作经验优先
-熟悉互联网行业相关政策和法规，对内容安全评估有一定了解
-具备良好的沟通和协调能力，能够有效跨团队协作解决问题
-有责任心，耐心细致，主动学习，执行能力强","百度，全球最大的中文搜索引擎、最大的中文网站。2000年1月创立于北京中关村。
 百度拥有数千名研发工程师，这是中国乃至全球最为优秀的技术团队，这支队伍掌握着世界上最为先进的搜索引擎技术，使百度成为中国掌握世界尖端科学核心技术的中国高科技企业，也使中国成为美国、俄罗斯、和韩国之外，全球仅有的4个拥有搜索引擎核心技术的国家之一。
 从创立之初，百度便将“让人们最便捷地获取信息，找到所求”作为自己的使命，成立以来，公司秉承“以用户为导向”的理念，不断坚持技术创新，致力于为用户提供“简单，可依赖”的互联网搜索产品及服务，其中包括：以网络搜索为主的功能性搜索，以贴吧为主的社区搜索，针对各区域、行业所需的垂直搜索，Mp3搜索，以及门户频道、IM等，全面覆盖了中文网络世界所有的搜索需求，根据第三方权威数据，百度在中国的搜索份额超过80%。"
unknown:1979945427,1979945427,unknown,风控运营(A172541),PayerMax,互联网,500-999人,,上海-塘桥,15-25k,3-5年,本科,,4月21日更新,招1人,,标题领域词=风控; 标题岗位词=运营; 公司标签=互联网,https://www.liepin.com/zpfengkongyunying/,https://www.liepin.com/zpfengkongyunying/pn1/,https://www.liepin.com/job/1979945427.shtml,2026-04-14T14:01:30+08:00,2026-06-04T14:08:00+08:00,"职位描述
核心业务运营：负责国际支付业务中的拒付（Chargeback）、争议（Dispute）、申诉（Appeal）等风控流程的日常运营与处理，确保操作合规、高效。监控风险指标，对异常交易及风险事件进行及时响应与处置，保障业务安全。
流程优化与提效：持续分析现有风控运营流程，识别瓶颈与改进点，推动流程优化与自动化，提升处理效率与准确性。设计并落地标准化操作手册（SOP），协同技术团队推进系统化解决方案。
数据驱动与自动化建设：基于历史数据与业务经验，挖掘风险特征，构建并迭代风控规则与模型。主导或参与风控工具、自动化处理系统的需求设计、测试与落地，降低人工干预比例。
风险水位管理与协作：动态监控拒付率、欺诈率等核心风险指标，制定并执行风险管控策略。协同支付渠道、业务团队及外部合作机构，优化风险协查与处理机制，平衡风险与用户体验。
团队管理与绩效提升：具备风控运营团队管理经验，能够制定并落实团队绩效考核标准，提升整体运营质量与效率。负责相关业务培训与知识沉淀，提升团队专业能力。

职位要求
本科及以上学历，金融、经济、计算机、统计学等相关专业优先。
3-5年支付风控运营经验，其中至少2年专注于国际支付争议/拒付处理。
熟悉国际卡组织（Visa/Mastercard等）及第三方支付机构（PayPal等）的争议处理规则、拒付流程及行业风控标准。
具备数据敏感性和分析能力，熟练使用SQL、Excel等工具进行数据分析，有Python/R等分析经验者优先。
具备风控流程优化或系统化项目落地经验，能够独立撰写需求文档并推动实施。
逻辑清晰，原则性强，具备出色的风险识别与判断能力。
学习能力强，能够快速适应业务变化与跨境支付监管环境。
具备良好的跨团队沟通与协作能力，能够高效对接技术、产品、渠道等多方团队。


加分项
具备良好的英文读写能力，可独立处理英文争议工单或对接海外渠道。
拥有反欺诈、信用风险等相关领域经验，或熟悉跨境电商、金融科技行业风控特点。
持有相关专业认证（如EC-Council、反欺诈协会证书等）。","PayerMax是一家植根新兴市场，布局全球业务的金融科技公司，致力于提供专业的全球跨境支付解决方案,服务涵盖全球收单、付款、收款等领域,旨在为全球商户提供更安全、便捷的一站式支付体验。

基于多年深耕新兴市场的经验,PayerMax持续布局全球业务,打破地域和货币的限制,为商户提供全球范围内的支付选择,让支付变得更加普惠和便捷,让客户的每一分钟和每一分钱都得到回报。"
unknown:1962525883,1962525883,unknown,资深风控运营专家（游戏方向）,SHEIN,互联网,10000人以上,,上海-淮海路,25-45k,3-5年,本科,五险一金 | 年终奖金 | 绩效奖金 | 带薪年假,90天前更新,招1人,五险一金 | 年终奖金 | 绩效奖金 | 带薪年假 | 团队聚餐 | 节日礼物 | 定期体检 | 餐费补贴 | 加班补贴 | 发展空间大,标题领域词=风控; 标题岗位词=运营; 公司标签=互联网,https://www.liepin.com/zpfengkongyunying/,https://www.liepin.com/zpfengkongyunying/pn2/,https://www.liepin.com/job/1962525883.shtml,2026-04-14T14:01:30+08:00,2026-06-04T14:08:00+08:00,"岗位职责:
1.基于历史数据及专家经验，通过数据分析和挖掘，设计针对游戏方向的的安全策略，并且持续优化；
2.完成游戏业务场景的关键风险识别和策略制定，独立执行风险行为的监控与分析，减少或者杜绝平台业务中可能出现的风险损失；
3.负责推动完善与优化风控体系与工具；
4.与市场、数据、产品、技术团队深度合作，整体把握具体风控场景解决方案的推进。


任职要求:
1.本科以上学历，工科类专业优先；
2.游戏风控策略关联、数据挖掘、机器学习等互联网相关工作经验3-5年以上；
3.突出的逻辑思维、解决问题能力，优秀的沟通协调能力和较强的抗压能力。","SHEIN是一家全球时尚和生活方式在线零售商，为全球超过150个国家和地区的消费者提供丰富且具性价比的时尚产品，让人人尽享时尚之美。

-全球Top5独角兽企业
-2022、2023购物类APP下载量全球Top1
-2024全球Top3时尚零售商"
unknown:1962525881,1962525881,unknown,资深风控运营专家（游戏方向）,SHEIN,互联网,10000人以上,,南京-小行,25-45k,3-5年,本科,五险一金 | 年终奖金 | 绩效奖金 | 带薪年假,90天前更新,招1人,五险一金 | 年终奖金 | 绩效奖金 | 带薪年假 | 团队聚餐 | 节日礼物 | 定期体检 | 餐费补贴 | 加班补贴 | 发展空间大,标题领域词=风控; 标题岗位词=运营; 公司标签=互联网,https://www.liepin.com/zpfengkongyunying/,https://www.liepin.com/zpfengkongyunying/pn2/,https://www.liepin.com/job/1962525881.shtml,2026-04-14T14:01:30+08:00,2026-06-04T14:08:00+08:00,"岗位职责:
1.基于历史数据及专家经验，通过数据分析和挖掘，设计针对游戏方向的的安全策略，并且持续优化；
2.完成游戏业务场景的关键风险识别和策略制定，独立执行风险行为的监控与分析，减少或者杜绝平台业务中可能出现的风险损失；
3.负责推动完善与优化风控体系与工具；
4.与市场、数据、产品、技术团队深度合作，整体把握具体风控场景解决方案的推进。


任职要求:
1.本科以上学历，工科类专业优先；
2.游戏风控策略关联、数据挖掘、机器学习等互联网相关工作经验3-5年以上；
3.突出的逻辑思维、解决问题能力，优秀的沟通协调能力和较强的抗压能力。","SHEIN是一家全球时尚和生活方式在线零售商，为全球超过150个国家和地区的消费者提供丰富且具性价比的时尚产品，让人人尽享时尚之美。

-全球Top5独角兽企业
-2022、2023购物类APP下载量全球Top1
-2024全球Top3时尚零售商"
unknown:1976859197,1976859197,unknown,风控运营专家,万联易达集团,互联网,融资未公开,1000-2000人,北京-望京,25-45k,5年以上,本科,五险一金 | 年终奖金 | 带薪年假 | 节日礼物,90天前更新,招1人,五险一金 | 年终奖金 | 带薪年假 | 节日礼物 | 公司规模大,标题领域词=风控; 标题岗位词=运营; 公司标签=互联网,https://www.liepin.com/zpfengkongyunying/,https://www.liepin.com/zpfengkongyunying/pn1/,https://www.liepin.com/job/1976859197.shtml,2026-04-14T14:01:30+08:00,2026-06-04T14:08:00+08:00,"岗位职责：
风控战略与体系建设：
制定并执行平台全面的风险管理战略、政策和流程，构建与业务发展相匹配的全流程风控体系。
主导搭建平台的核心信用体系，包括用户信用模型的设计、信用分的计算规则、信用标签体系及信用权益/限制策略，并推动其与智能定价、订单匹配等核心流程深度融合。
建立并完善风险识别、评估、预警、处置和复盘的闭环机制，定期输出风控报告，向管理层汇报风险状况。

全链路风险管控：
用户准入风险： 建立多维度的用户资质审核（企业/个人）与验真机制，从源头杜绝虚假运力和虚假货主。
交易与履约风险： 实时监控交易链路，防控欺诈交易、虚假报价、恶意竞价、运费诈骗、货物丢失/损坏、运输纠纷等风险。
金融与支付风险： 设计与业务场景结合的金融风控策略，防控盗刷、套现、骗贷、坏账等风险，保障平台与用户的资金安全。
数据与信息安全风险： 制定策略防止数据泄露、信息爬取、隐私违规等，保障平台和用户数据安全。
运营与内部风险： 建立内控机制，防范内部操作风险与合规风险。

系统与流程优化：
作为业务需求的最终出口，与产品、技术、数据团队紧密协作，将风控策略和信用体系逻辑转化为清晰的产品需求和技术开发需求，推动风控系统与工具的落地与迭代。
优化风险调查与处置流程，提升团队处理效率与准确性。

团队管理与行业洞察：
负责风控团队的搭建、培训和管理，提升团队专业能力。
持续研究物流行业及互联网金融领域的新型风险特征和防控手段，引入前沿风控技术和理念。
任职要求：
学历专业： 本科及以上学历，金融、数学、统计学、计算机、法律等相关专业优先。
行业经验： 8年以上风险管理工作经验，必须具备5年以上互联网交易平台、金融科技、物流平台或网络货运行业风控团队管理经验。有从0到1搭建平台级风控和信用体系成功经验者尤佳。
专业能力： 精通各类风险识别与防控方法，对信用模型、规则策略、反欺诈、数据安全等领域有深刻理解和实战经验。
数据驱动： 具备极强的数据分析和逻辑思维能力，能熟练使用SQL、Python等工具进行数据提取和分析，依赖数据制定策略、评估效果。
业务理解： 深刻理解物流平台业务模式和潜在风险点，具备优秀的商业敏感度和风险平衡能力。","北京万联易达控股集团有限公司是由中泽集团出资设立的产业互联网公司，致力于打造基于人工智能等前沿科技的全行业的产业互联生态系统。

公司的目标是将全球领先的数字技术应用于国民经济中的所有行业企业。基于此目标构建了AI应用平台、商品交易平台、物流服务平台和数智金融平台四大核心基础服务平台，并通过赋能吸引各类产业平台、产业链企业、服务机构入驻生态，打造共建、共享、共赢的开放式产业互联网生态系统。"
unknown:1976096367,1976096367,unknown,风控运营专家,万联易达集团,互联网,融资未公开,1000-2000人,北京-大山子,30-50k·14薪,8年以上,本科,五险一金 | 年终奖金 | 股票期权 | 带薪年假,90天前更新,招1人,五险一金 | 年终奖金 | 股票期权 | 带薪年假 | 领导好 | 发展空间大 | 扁平管理,标题领域词=风控; 标题岗位词=运营; 公司标签=互联网,https://www.liepin.com/zpfengkongyunying/,https://www.liepin.com/zpfengkongyunying/pn1/,https://www.liepin.com/job/1976096367.shtml,2026-04-14T14:01:30+08:00,2026-06-04T14:08:00+08:00,"岗位职责：
​​1、构建信用风控体系与模型​​
设计托运人/承运人信用评级模型，覆盖付款能力、运力真实性、历史履约等维度
开发反欺诈策略，拦截高风险交易
建立动态风控规则库，结合行业黑名单、交易行为数据实时更新模型参数
​​2、全流程风险监控与迭代​​
监控交易全链路风险指标
建立风险预警系统，实时监测运价波动、区域供需失衡等潜在风险
牵头制定应急预案
​​3、资源整合与生态构建​​
对接央行征信、第三方数据服务商，接入物流行业专属数据源
推动与金融机构合作开发运费保理、信用贷款等金融产品，降低平台坏账风险
联合行业协会建立行业信用联盟，共享高风险运力/货主黑名单
​​4、数据驱动决策与团队赋能​​
构建风控驾驶舱
指导团队运用机器学习模型优化风控策略
定期组织风控案例复盘

任职要求：
1. 行业经验​​
8年以上风控管理经验，有物流/供应链金融风控体系搭建经验优先
熟悉物流行业欺诈模式，具备反欺诈策略设计能力
​​2. 核心能力​​
精通信用评级模型开发，能基于业务场景定制风险评估指标
强数据分析能力：熟练进行风控数据建模
资源整合能力：能联动金融机构、数据供应商构建风控生态
​​3. 核心素质​​
风险敏感度：能预判行业风险趋势
决策魄力：在数据不完整时快速制定应急风控方案
合规意识：熟悉物流行业监管要求","北京万联易达控股集团有限公司是由中泽集团出资设立的产业互联网公司，致力于打造基于人工智能等前沿科技的全行业的产业互联生态系统。

公司的目标是将全球领先的数字技术应用于国民经济中的所有行业企业。基于此目标构建了AI应用平台、商品交易平台、物流服务平台和数智金融平台四大核心基础服务平台，并通过赋能吸引各类产业平台、产业链企业、服务机构入驻生态，打造共建、共享、共赢的开放式产业互联网生态系统。"
unknown:1965769115,1965769115,unknown,风险运营经理,上海即科智能技术集团有限公司,互联网,A轮融资,100-499人,上海-江湾,25-35k,5-10年,本科,,90天前更新,招1人,,标题领域词=风险; 标题岗位词=运营; 公司标签=互联网,https://www.liepin.com/zpfengxianyunying/,https://www.liepin.com/zpfengxianyunying/,https://www.liepin.com/job/1965769115.shtml,2026-05-08T12:24:46+08:00,2026-06-04T14:08:00+08:00,"工作职责：

1、根据实际的业务情况，负责风险策略的监控和优化，为风险管理提供决策支持；

2、持续性推动规则模型、策略的执行落地，可对风险预警异常情况进行深入分析并提出独立的风险判断，对业务风险指标进行跟踪分析及优化；

3、风险流程 SOP 制定，根据不同产品制定差异化操作流程，从业务风险视角出发，定位当前风险策略的漏水点并优化 

4、监控操作风险，审核的策略，防止和发现欺诈点。保障公司放款安全性。

任职要求：

1、本科及以上学历，5年以上风险运营方面工作经验，有风控相关行业经验优先；

2、精通运营项目管理工具，有强的沟通协调能力，作为负责人承担产品风险治理的工作，协调推进各方达到项目目标。","即科集团 Geex Group 成立于2014年4月，由国际知名投资机构红杉资本投资，服务国内数十家持牌金融机构、数万家商户以及数千万消费者。即科集团 Geex Group 深耕“场景”，为持牌金融机构提供小额分散的优质资产，同时以普惠信用赋能消费场景，助力实体经济发展，推动幸福消费。
 
即科集团传承GE基因，秉承即时和科学的服务理念，实现公司的科学治理。高效的处理业务问题，提供良好的客户体验，保护消费者权益；用科学的方法控制业务风险，保证公司的稳健运营，并助力所服务行业的规范化和可持续发展。
 
即科集团荟萃国际国内一流科技菁英，创始人和SVP全是海外背景，核心管理团队硕博占比90%，核心技术人才占比32%，技术投入每年增长115%，核心员工来自包括美国运通、GE金融、花旗银行、平安银行、交通银行、建设银行、华为、德勤、腾讯、微软、阿里、百度等国际国内知名的金融机构和互联网巨头。
 
即科金融的核心员工来自包括美国运通、GE金融、Capital One、花旗银行、中信银行、平安银行、交通银行、建设银行、兴业银行、德勤、腾讯、微软、新浪等大型金融机构或互联网巨头。"
unknown:1980561157,1980561157,unknown,运营风控岗,上海聚均科技有限公司,"科技金融,互联网,云计算/大数据",A轮融资,100-499人,上海-联洋,15-30k,3-5年,本科,五险一金 | 带薪年假 | 餐费补贴 | 扁平管理,6月3日更新,招2人,五险一金 | 带薪年假 | 餐费补贴 | 扁平管理 | 高端医疗保险,标题领域词=风控; 标题岗位词=运营; 公司标签=互联网,https://www.liepin.com/zpfengkong/ | https://www.liepin.com/zpfengkongyunying/,https://www.liepin.com/zpfengkong/pn2/ | https://www.liepin.com/zpfengkongyunying/,https://www.liepin.com/job/1980561157.shtml,2026-04-14T14:01:30+08:00,2026-06-04T14:08:00+08:00,"岗位职责：
1、负责供应链金融风控体系的搭建、完善和优化，制定并持续改进风险管理的各项制度、政策、操作规程和业务流程。
2、覆盖债权类业务和货权类业务的贷前、贷中到贷后的全流程风险管控，包括资料审核、风险识别与评估、审批意见出具、关键环节监督、持续监控及预警响应等。
3、参与项目调研，关注业务中的风险管控，将风险管控节点融入公司获客类平台的交易流程。
4、基于大数据风控特点，设计并优化评级打分卡和风险模型；利用多维数据（如第三方数据、舆情监控）进行风险分析和监控。
5、参与新产品的设计与评审，从风险控制要点出发提供合理化建议；对相关业务人员进行风险知识和产品的培训。
6、与业务部门、技术部门、资金方及外部合作伙伴等进行有效沟通，协调落实风控措施，推动风险管理要求的执行。
7、依据平台数据分析结果，定期迭代优化风控指标、规则、模型、画像等内容，旨在使模型更贴合业务场景使用。

任职资格：
1、金融、经济、法律、数学、统计等相关专业本科及以上学历。
2、3年以上供应链金融、银行对公信贷、保理、融资租赁、担保等行业的风控相关工作经验。有银行或知名金融机构的对公业务、风险管理经历者优先。
3、熟悉产业链、银行对公信贷业务，精通应收账款融资、货押融资、预付款融资等常见产品的风险点和管控措施。
4、能独立进行风险审核，对市场风险有独立见解，能敏锐识别风险。
5、能独立进行数据分析，并提供业务操作指导，熟悉风险计量方法和风险缓释技术。
6、了解相关金融法律法规和监管政策。
7、具有较强的团队合作意识、担当精神、执行能力；学习意愿强，责任心强。具备较好的组织推动能力、较强的责任心、优秀的沟通、表达、协调能力和学习能力，抗压力强。","聚均科技是上海市高新技术企业，融合全球先进的物联网、区块链、云计算、大数据、人工智能等全场景数字科技手段，为金融机构产业金融服务的数字化转型提供整体解决方案，服务金融机构高质量数字化转型。
聚均科技拥有多项技术资质和专利。公司通过了 ISO9001质量管理体系认证、ISO20000 信息技术服务管理体系认证、ISO27001 信息安全管理体系认证、CMMI V2.0 三级认证，旗下产业数字金融服务平台通过信息系统安全等级保护（2.0版）三级复测。同时，公司还参与了国家信息安全标准制定，助力金融机构在安全合规、核心技术国产化、国密改造等方面取得超前优势。
经过多年的探索、创新、实践，聚均科技获得了诸多权威机构认可。公司作为产业数字金融综合服务商入选“2021 IDC 中国 FinTech 50”，旗下产业数字金融服务平台入选工信部国家产融合作平台优秀案例，“产业数字金融模式研究与应用”荣获“2021 数博会科技成果优秀项目奖”等。
聚均科技遵循数字经济时代“融合、生态、赋能”的客观规律，愿与客户建立价值共生、合作共赢的长期伙伴关系；同时不忘初心，致力于为系统性解决产业链上中小企业融资难、融资贵问题，为实现经济运行降本增效、中国经济高质量发展贡献自己的力量。"
unknown:1976304753,1976304753,unknown,资深风控运营,上海钧正网络科技有限公司,互联网,A轮融资,5000-10000人,上海-莘庄,15-30k·15薪,5年以上,本科,发展空间大 | 弹性工作 | 带薪年假 | 团队聚餐,90天前更新,招1人,发展空间大 | 弹性工作 | 带薪年假 | 团队聚餐 | 节日礼物 | 定期体检 | 餐费补贴,标题领域词=风控; 标题岗位词=运营; 公司标签=互联网,https://www.liepin.com/zpfengkongyunying/,https://www.liepin.com/zpfengkongyunying/pn1/,https://www.liepin.com/job/1976304753.shtml,2026-04-14T14:01:30+08:00,2026-06-04T14:08:00+08:00,"职责描述：
1、主动挖掘线索，根据线索进行案件监察，包括但不限于实地取证、人员面谈等
2、针对不同的业务流模块制定相应的专项审计计划
3、针对识别出的相关运营/管理/流程/产品等问题进行整改跟进和闭环检核
任职要求：
岗位要求：
1、本科学历以上，具备5年工作经验，至少2年风控相关工作（包括但不限于内控/审计/信息安全/监察）
2、具备较好的数据分析能力，能够从数据异常刻画出行为动机
3、能适应较为频繁的全国出差
4、具有供应链/工厂端工作经验者加分",哈啰是国内专业的本地出行及生活服务平台，致力于应用数字技术的红利，为人们提供更便捷的出行以及更好的普惠生活服务。公司成立于2016年9月，总部位于上海，从大家熟悉的共享单车业务起步。目前哈啰主要提供移动出行服务及新兴本地服务，其中，移动出行服务包括两轮共享服务（哈啰单车、哈啰助力车）和四轮出行服务（哈啰顺风车、哈啰打车）；新兴本地服务包括自主品牌哈啰电动车，与蚂蚁集团、宁德时代合资建立的小哈换电，以及租车服务聚合平台哈啰租车等。截至2021年底，哈啰已拥有注册用户达5.3亿。
unknown:1959742213,1959742213,unknown,资深风控运营(J16904),上海钧正网络科技有限公司,互联网,A轮融资,5000-10000人,上海-莘庄,15-30k·14薪,5-10年,本科,发展空间大 | 弹性工作,90天前更新,招1人,发展空间大 | 弹性工作,标题领域词=风控; 标题岗位词=运营; 公司标签=互联网,https://www.liepin.com/zpfengkongyunying/,https://www.liepin.com/zpfengkongyunying/pn2/,https://www.liepin.com/job/1959742213.shtml,2026-04-14T14:01:30+08:00,2026-06-04T14:08:00+08:00,"职责描述：
1、负责两轮业务内部相关的风险识别和策略对接部署；
2、针对不同的业务流模块制定相应的专项审计计划；
3、针对识别出的相关运营/管理/流程/产品等问题进行整改跟进和闭环检核。


任职要求：
1、本科学历以上，具备5年工作经验，至少2年风控内控经验；
2、具备较好的数据分析能力，必须会使用sql自主取数，具备独立处理百万数据的能力；
3、能适应较为频繁的全国出差。",哈啰是国内专业的本地出行及生活服务平台，致力于应用数字技术的红利，为人们提供更便捷的出行以及更好的普惠生活服务。公司成立于2016年9月，总部位于上海，从大家熟悉的共享单车业务起步。目前哈啰主要提供移动出行服务及新兴本地服务，其中，移动出行服务包括两轮共享服务（哈啰单车、哈啰助力车）和四轮出行服务（哈啰顺风车、哈啰打车）；新兴本地服务包括自主品牌哈啰电动车，与蚂蚁集团、宁德时代合资建立的小哈换电，以及租车服务聚合平台哈啰租车等。截至2021年底，哈啰已拥有注册用户达5.3亿。
unknown:1965293045,1965293045,unknown,资金风控运营岗,京东商城,互联网,已上市,10000人以上,通州区,20-30k·16薪,5-10年,本科,,90天前更新,招1人,,标题领域词=风控; 标题岗位词=运营; 公司标签=互联网,https://www.liepin.com/zpfengkongyunying/,https://www.liepin.com/zpfengkongyunying/pn2/,https://www.liepin.com/job/1965293045.shtml,2026-04-14T14:01:30+08:00,2026-06-04T14:08:00+08:00,"一、岗位职责
1.策略制定：针对退款、赔付等资损场景，虚拟高危业务等，制定风险管控策略，精细化管控风险，缩小资损敞口，降低坏账成本；
2. 系统能力：基于管控策略，推动系统方案落地及支持可配置化，提高产品通用性及利用率。日常解决商家客诉咨询，协助产研解决系统问题。
3. 产品运营：梳理数据看板需求，建立预警、监控等机制，支持下探分析风险场景，并对看板能力组织培训及宣贯；
4.竞对分析：及时关注行业内部竞对信息，进行分析研究，推动规则优化。
二、岗位要求
1. 全日制本科及以上学历，专业不限。金融、财务类专业优先。
2. 5年以上电商业务运营、结算、治理、风控、策略运营等工作经验，具备行业认知，有大型互联网公司工作经验优先。 
3、逻辑清晰严谨，具备自驱力和探索精神，有责任心，善于沟通协作、组织推动。
4. 具备产品化、系统化思维，以客户角度思考问题，善于总结归纳，具备团队合作精神。
5. 熟练使用Excel，PPT等办公软件，有良好的数据分析与处理能力。
6.能适应快节奏、高强度的工作氛围、具备抗压能力","京东于2004年正式涉足电商领域，2017年，京东集团市场交易额接近1.3万亿元*。2018年7月，京东第三次入榜《财富》全球500强，位列第181位，在全球仅次于亚马逊和Alphabet。

2014年5月，京东集团在美国纳斯达克证券交易所正式挂牌上市。2015年7月，京东凭借高成长性入选纳斯达克100指数和纳斯达克100平均加权指数。

京东商城致力于打造一站式综合购物平台，通过组建大快消、电子文娱、时尚生活三大事业群，服务中国亿万家庭，并以高于行业平均增长速度的发展态势满足消费者日益多元的消费需求。京东商城已完成全品类覆盖，消费品、3C、家电等优势品类年交易额突破千亿大关，未来京东还将培育出生鲜、文旅、时尚、大客户、新通路、拍卖、大汽车、家居家装、大健康等近20个“千亿级品类”。"
unknown:1982998179,1982998179,unknown,美股风控运营,北京微云众网络科技有限公司,互联网,100-499人,,上海-陆家嘴,30-60k·16薪,3年以上,本科,年终奖金 | 绩效奖金 | 带薪年假 | 节日礼物,5月29日更新,招2人,年终奖金 | 绩效奖金 | 带薪年假 | 节日礼物 | 年底双薪 | 住房补贴 | 发展空间大 | 弹性工作 | 扁平管理 | 海外工作签证,标题领域词=风控; 标题岗位词=运营; 公司标签=互联网,https://www.liepin.com/zpfengkongyunying/,https://www.liepin.com/zpfengkongyunying/,https://www.liepin.com/job/1982998179.shtml,2026-06-03T14:16:53+08:00,2026-06-04T14:08:00+08:00,"岗位职责：
1、负责公司自营 Omnibus 美股业务Margin 保证金交易、融券做空、美股期权的日常风控运营，把控盘中、盘后持仓风险。
2、负责保证金管控、维持保证金监控、追保与强平流程执行，防范透支风险。
3、负责融券业务风控：券源额度管理、头寸监控、风险预警、异常头寸处置。
4、核心重点：独立负责美股期权交易风险管理，包含期权持仓敞口、保证金校验、到期行权风险、异常期权交易监控与处置。
5、对接上游托管券商，核对风控头寸、处理风险差异，跟进各类异常、风险闭环。
6、日常风控指标监控、风险台账记录、周报日报输出，配合合规、清结算、交易团队完成风险核查。

任职要求：
1、本科及以上学历，3年以上美股券商 / 自营机构风控运营经验。
2、硬性必备：同时具备美股 Margin、融券做空、美股期权风控运营实操经验，熟悉美股全品类交易风控逻辑。
3、熟悉美股交易规则、保证金制度、期权风险机制，懂持仓敞口、风险系数、强平逻辑。
4、英文可读写，能看懂海外券商风控报表与系统；熟练 Excel，数据敏感、严谨细心、抗压性强。
加分项
有头部券商、美股自营机构风控经验；熟悉期权组合策略风控；有风控流程优化、系统对接经验，
持有FRM/FCA证书者优先",
unknown:1981449131,1981449131,unknown,高德-业务风险运营专家-杭州,北京高德云图科技有限公司,"互联网,计算机软件,人工智能",融资未公开,500-999人,余杭区,30-50k·16薪,5年以上,本科,,4月2日更新,招1人,,标题领域词=风险; 标题岗位词=运营; 公司标签=互联网,https://www.liepin.com/zpfengxianyunying/,https://www.liepin.com/zpfengxianyunying/,https://www.liepin.com/job/1981449131.shtml,2026-04-14T14:01:30+08:00,2026-06-04T14:08:00+08:00,"岗位职责：
1、受理来自于不同渠道的举报及调查任务，熟练运用各种调查方法，独立或组织团队查明事实真相，取得充足证据；同时，针对调查过程及结论形成完整书面报告，对调查中发现的业务风险进行分析和评估，与业务共同形成改进方案，并推动落地；
2、基于案件、对业务的理解和相关行业知识，完整、准确识别业务当前风险及现存问题，提出有效的、可落地的系统化解决方案，并跟进问题解决和方案落地；
3、基于业务政策/规则/流程、数据链路、操作系统等主动进行数据分析，完成全链路全面、多维度的风险识别及结果展现；
4、根据业务特点制定稽核计划，通过项目稽核，深入识别在业务设计及执行层面的风险，并对风险程度进行评估，同时提出有效的改进建议并协同各方进行改善，把风险控制在合理范围内。
任职要求：
1、有5年以上业务风险管理工作经验，本地生活行业领域相关经验更佳；
2、为人正直，原则性及保密意识强，善于沟通及团队协作，对事物敏感度高，有较强的逻辑判断能力、学习能力，性格开朗，抗压能力强；
3、成功主导过大型跨团队项目，具备通过产品、流程、机制等系统化解决问题的能力
4、熟练掌握SQL、Python等编程语言，能够独立进行复杂数据挖掘和统计分析，并形成相应的风控策略",高德地图是中国领先的数字地图内容、导航和位置服务解决方案提供商，致力于打造以用户为核心的“出门好生活开放服务平台”。
unknown:1916635147,1916635147,unknown,风控运营经理,北纬科技,"互联网,游戏",已上市,100-499人,北京-西罗园,20-30k,5-10年,本科,年底双薪 | 发展空间大 | 绩效奖金 | 带薪年假,90天前更新,招1人,年底双薪 | 发展空间大 | 绩效奖金 | 带薪年假 | 定期体检 | 年度旅游 | 节日礼物 | 领导好 | 管理规范 | 地铁站口,标题领域词=风控; 标题岗位词=运营; 公司标签=互联网,https://www.liepin.com/zpfengkongyunying/,https://www.liepin.com/zpfengkongyunying/pn2/,https://www.liepin.com/job/1916635147.shtml,2026-04-14T14:01:30+08:00,2026-06-04T14:08:00+08:00,"岗位职责
1、负责对公司产品进行及时有效的运营管理资源补充；制定相应业务线的产品运营机制和策略方案，参与战略决策,对产品的各项运营指标负责；
2、跟踪分析用户使用消耗行为规律，测算资源规模，建立日常流动性监测系统，并适时调整模型，确保预估数据有效；
3、监控产品运行效果，收集用户反馈，分析用户行为统计数据，对产品进行优化，并及时跟进产品的新功能分析；
4、协同研发团队监督确保产品开发的合理架构、优化方案、资源落实和项目进度；建立日、周、月等流动性管理报表体系。
任职要求：
1、本科及以上学历，数学相关专业毕业优先考虑；
2、5年以上数据建模相关工作经验，互联网、金融、互联网金融工作经验优先考虑，
3、熟练使用数据统计分析等工具，对数学理论及模型建立熟练运用
4、做事以结果为导向，自驱能力强，具有创新精神，逻辑思维严谨，注重团队协作；","北京北纬通信科技股份有限公司（以下简称“北纬科技”或“公司”）成立于1997年， 是一家致力于提供移动互联网先进产品与服务的移动互联网服务集成商。 公司于2007年在深圳证券交易所成功挂牌上市，系中国较早登陆A股市场的移动增值服务提供商。

北纬科技系北京市认定的高新技术企业，拥有较为完善的研发体系和安全体系架构， 自主研发了私有paas平台、海量数据处理平台。公司作为较早进入移动互联网服务领域的企业之一， 集结了具有竞争力的研发、市场、内容制作、业务运营等技术能力和专业团队， 专注于移动互联网服务与系统产品的研发和运营，在移动互联网领域系统集成及解决方案方面具备优势。 北纬科技于2013年12月获得工信部批准的首批移动通信转售服务试点企业资质，并于2019年4月获发虚拟运营商正式商用牌照。 近年来，北纬科技成功由移动增值服务企业向移动互联网企业转型，布局移动互联网多个垂直领域， 陆续开展手机游戏、虚拟运营商、移动互联网行业应用等业务，受益于物联网连接数的爆发及5G产业的快速发展， 公司紧抓市场机遇，加大物联网产业布局，积极拥抱即将到来的万物互联时代。

北纬科技围绕主营业务，先后涉足移动互联网创业投资和移动互联网行业地产， 成功投资杭州掌盟和北京青游等知名创业企业，并在南京建设了北纬移动互联网产业园。 5G时代，北纬科技将继续聚焦价值创造，坚持可持续发展，围绕物联网、手机游戏和移动转售三大核心业务， 以构建差异化核心竞争力为经营策略，聚焦新技术、新业务与新模式，凭借专业的技术开发和运营团队、优秀的资源整合能力、 亲和的行业伙伴合作关系及上市公司资本运作平台，致力成为优秀的互联网企业"
unknown:1981648175,1981648175,unknown,内容安全产品运营,哔哩哔哩,互联网,已上市,5000-10000人,上海-五角场,15-30k·15薪,3-5年,本科,五险一金 | 年终奖金 | 带薪年假 | 节日礼物,4月10日更新,招1人,五险一金 | 年终奖金 | 带薪年假 | 节日礼物 | 团队聚餐 | 定期体检 | 餐费补贴 | 发展空间大,标题领域词=内容安全; 标题岗位词=运营; 公司标签=互联网,https://www.liepin.com/zpneironganquan/,https://www.liepin.com/zpneironganquan/pn2/,https://www.liepin.com/job/1981648175.shtml,2026-04-14T14:01:30+08:00,2026-06-04T14:08:00+08:00,"工作职责
1、持续分析挖掘内容安全风险，识别新型、隐蔽的违规内容，设计并优化识别与处置策略。
2、熟悉审核链路和流程。运用定量分析和定性调研，优化审核策略和审核流程，确保业务安全，提升审核效率，兼顾用户体验。
3、负责内容安全相关产品功能的需求分析，并撰写详细的产品需求文档。全程跟进安全功能的开发、测试与上线，并负责上线后的日常监控与效果排查，定位问题并推动优化。
4、优化模型能力，制定评估体系，监测模型识别的准确率、召回率等核心指标，分析badcase，推动模型持续优化。

职位要求
1、本科及以上学历。
2、高成就动机、高度责任感、自驱力强，能承受较高强度工作压力，3年以上内容安全或产品策略经验，有内容平台类机审策略经验优先。
3、具备优秀的产品需求文档撰写能力，逻辑严谨，能将复杂策略转化为技术可理解的需求。
4、熟悉行业相关国家法律法规和政策。对互联网媒体及平台及安全行业有充分认知，有较高的政治素养。
5、学习力、理解力好，逻辑清晰，对数据敏感，数据分析能力好。
6、理解用户需求，业务敏感度高，结果导向，具备数据、产研团队对接沟通、资源整合和抗压能力。
7、熟练使用AI agent能力者优先。","哔哩哔哩是中国年轻世代高度聚集的综合性视频社区，被用户亲切地称为“B站”。截至2021年第一季度，B站月均活跃用户达2.23亿，其中35岁及以下用户占比超86%。
围绕用户、创作者和内容，B站构建了一个源源不断产生优质内容的生态系统。中国优秀的专业创作者都聚集在B站创作内容，涵盖生活、游戏、时尚、知识、音乐等数千个品类和圈层，带领着流行文化的风潮，成为中文互联网极其独特的存在。目前，B站91%的视频播放量都来自于专业用户创作的视频（Professional User Generated Video，PUGV）。
在此基础之上，B站提供了移动游戏、直播、付费内容、广告、漫画、电商等商业化产品服务，并对电竞、虚拟偶像等前沿领域展开战略布局。
B站多个季度蝉联QuestMobile“Z世代偏爱APP”和“Z世代偏爱泛娱乐APP”两项榜单第一位。公司于2018年3月登陆美国纳斯达克，并于2021年3月在港交所二次上市。"
unknown:1974897273,1974897273,unknown,内容安全策略运营,哔哩哔哩,互联网,已上市,5000-10000人,上海-五角场,20-30k·15薪,3年以上,本科,五险一金 | 年终奖金 | 带薪年假 | 节日礼物,3月23日更新,招1人,五险一金 | 年终奖金 | 带薪年假 | 节日礼物 | 团队聚餐 | 定期体检 | 餐费补贴 | 发展空间大,标题领域词=内容安全; 标题岗位词=运营; 公司标签=互联网,https://www.liepin.com/zpneironganquan/,https://www.liepin.com/zpneironganquan/pn2/,https://www.liepin.com/job/1974897273.shtml,2026-04-14T14:01:30+08:00,2026-06-04T14:08:00+08:00,"工作职责：
1.负责内容安全重大专项发起、推进及落地全流程，拉通相关业务团队落实策略的执行，并评估策略效果；
2.负责平台安全审核策略分析，风险漏洞挖掘，负责和相关业务团队沟通对接优化规则；
3.日常审核规则的制定、维护与更新，根据一线执行情况，不断完善规则；
4.解读国家相关管控政策和指令，提炼安全管控方向，输出内容安全管控策略；
5.及时响应工作指令要求，快速有效落地执行，确保执行结果；

任职要求：
1、本科或以上学历，具备良好的沟通能力，逻辑清晰，学习能力较强；
2、有较强的政治敏感度和鉴别能力，对重大舆情有敏锐的风险判断能力；
3、3年以上内容安全团队相关工作经验，有规则制定、培训等经验优先；
4、积极主动，具有较强的执行力，有项目拉通经验，善于发现问题并推动解决。
5、熟练使用AI agent能力者优先。","哔哩哔哩是中国年轻世代高度聚集的综合性视频社区，被用户亲切地称为“B站”。截至2021年第一季度，B站月均活跃用户达2.23亿，其中35岁及以下用户占比超86%。
围绕用户、创作者和内容，B站构建了一个源源不断产生优质内容的生态系统。中国优秀的专业创作者都聚集在B站创作内容，涵盖生活、游戏、时尚、知识、音乐等数千个品类和圈层，带领着流行文化的风潮，成为中文互联网极其独特的存在。目前，B站91%的视频播放量都来自于专业用户创作的视频（Professional User Generated Video，PUGV）。
在此基础之上，B站提供了移动游戏、直播、付费内容、广告、漫画、电商等商业化产品服务，并对电竞、虚拟偶像等前沿领域展开战略布局。
B站多个季度蝉联QuestMobile“Z世代偏爱APP”和“Z世代偏爱泛娱乐APP”两项榜单第一位。公司于2018年3月登陆美国纳斯达克，并于2021年3月在港交所二次上市。"
unknown:1978456381,1978456381,unknown,内容安全策略运营,哔哩哔哩,互联网,已上市,5000-10000人,上海-五角场,15-25k·15薪,3-5年,本科,,90天前更新,招1人,,标题领域词=内容安全; 标题岗位词=运营; 公司标签=互联网,https://www.liepin.com/zpneironganquan/,https://www.liepin.com/zpneironganquan/pn3/,https://www.liepin.com/job/1978456381.shtml,2026-04-14T14:01:30+08:00,2026-06-04T14:08:00+08:00,"工作职责：
1.负责内容安全重大专项发起、推进及落地全流程，拉通相关业务团队落实策略的执行，并评估策略效果；
2.负责平台安全审核策略分析，风险漏洞挖掘，负责和相关业务团队沟通对接优化规则；
3.日常审核规则的制定、维护与更新，根据一线执行情况，不断完善规则；
4.解读国家相关管控政策和指令，提炼安全管控方向，输出内容安全管控策略；
5.及时响应工作指令要求，快速有效落地执行，确保执行结果；

任职要求：
1、本科或以上学历，具备良好的沟通能力，逻辑清晰，学习能力较强；
2、有较强的政治敏感度和鉴别能力，对重大舆情有敏锐的风险判断能力；
3、3年以上内容安全团队相关工作经验，有规则制定、培训等经验优先；
4、积极主动，具有较强的执行力，有项目拉通经验，善于发现问题并推动解决。","哔哩哔哩是中国年轻世代高度聚集的综合性视频社区，被用户亲切地称为“B站”。截至2021年第一季度，B站月均活跃用户达2.23亿，其中35岁及以下用户占比超86%。
围绕用户、创作者和内容，B站构建了一个源源不断产生优质内容的生态系统。中国优秀的专业创作者都聚集在B站创作内容，涵盖生活、游戏、时尚、知识、音乐等数千个品类和圈层，带领着流行文化的风潮，成为中文互联网极其独特的存在。目前，B站91%的视频播放量都来自于专业用户创作的视频（Professional User Generated Video，PUGV）。
在此基础之上，B站提供了移动游戏、直播、付费内容、广告、漫画、电商等商业化产品服务，并对电竞、虚拟偶像等前沿领域展开战略布局。
B站多个季度蝉联QuestMobile“Z世代偏爱APP”和“Z世代偏爱泛娱乐APP”两项榜单第一位。公司于2018年3月登陆美国纳斯达克，并于2021年3月在港交所二次上市。"
unknown:1976121817,1976121817,unknown,内容安全策略运营,哔哩哔哩,互联网,已上市,5000-10000人,上海-五角场,20-30k·15薪,1-3年,本科,,90天前更新,招1人,,标题领域词=内容安全; 标题岗位词=运营; 公司标签=互联网,https://www.liepin.com/zpneironganquan/,https://www.liepin.com/zpneironganquan/pn3/,https://www.liepin.com/job/1976121817.shtml,2026-04-14T14:01:30+08:00,2026-06-04T14:08:00+08:00,"工作职责：
1.负责内容安全重大专项发起、推进及落地全流程，拉通相关业务团队落实策略的执行，并评估策略效果；
2.负责平台安全审核策略分析，风险漏洞挖掘，负责和相关业务团队沟通对接优化规则；
3.日常审核规则的制定、维护与更新，根据一线执行情况，不断完善规则；
4.解读国家相关管控政策和指令，提炼安全管控方向，输出内容安全管控策略；
5.及时响应工作指令要求，快速有效落地执行，确保执行结果；

任职要求：
1、本科或以上学历，具备良好的沟通能力，逻辑清晰，学习能力较强；
2、有较强的政治敏感度和鉴别能力，对重大舆情有敏锐的风险判断能力；
3、3年以上内容安全团队相关工作经验，有规则制定、培训等经验优先；
4、积极主动，具有较强的执行力，有项目拉通经验，善于发现问题并推动解决。","哔哩哔哩是中国年轻世代高度聚集的综合性视频社区，被用户亲切地称为“B站”。截至2021年第一季度，B站月均活跃用户达2.23亿，其中35岁及以下用户占比超86%。
围绕用户、创作者和内容，B站构建了一个源源不断产生优质内容的生态系统。中国优秀的专业创作者都聚集在B站创作内容，涵盖生活、游戏、时尚、知识、音乐等数千个品类和圈层，带领着流行文化的风潮，成为中文互联网极其独特的存在。目前，B站91%的视频播放量都来自于专业用户创作的视频（Professional User Generated Video，PUGV）。
在此基础之上，B站提供了移动游戏、直播、付费内容、广告、漫画、电商等商业化产品服务，并对电竞、虚拟偶像等前沿领域展开战略布局。
B站多个季度蝉联QuestMobile“Z世代偏爱APP”和“Z世代偏爱泛娱乐APP”两项榜单第一位。公司于2018年3月登陆美国纳斯达克，并于2021年3月在港交所二次上市。"
unknown:1982728809,1982728809,unknown,直播产品运营（内容安全方向）,哔哩哔哩,互联网,已上市,5000-10000人,上海-五角场,15-30k,3年以上,本科,年终奖金 | 团队聚餐 | 休闲餐点 | 节日礼物,6月3日更新,招1人,年终奖金 | 团队聚餐 | 休闲餐点 | 节日礼物 | 优秀员工奖 | 餐费补贴 | 交通补助 | 发展空间大 | 公司规模大 | 六险一金,标题领域词=内容安全; 标题岗位词=运营; 公司标签=互联网,https://www.liepin.com/zpneironganquan/,https://www.liepin.com/zpneironganquan/,https://www.liepin.com/job/1982728809.shtml,2026-05-21T13:36:40+08:00,2026-06-04T14:08:00+08:00,"工作职责
1、持续分析挖掘内容安全风险，识别新型、隐蔽的违规内容，设计并优化识别与处置策略；
2、熟悉审核链路和流程。运用定量分析和定性调研，优化审核策略和审核流程，确保业务安全，提升审核效率，兼顾用户体验；
3、负责内容安全相关产品功能的需求分析，并撰写详细的产品需求文档。全程跟进安全功能的开发、测试与上线，并负责上线后的日常监控与效果排查，定位问题并推动优化；
4、优化模型能力，制定评估体系，监测模型识别的准确率、召回率等核心指标，分析badcase，推动模型持续优化。
职位要求
1、本科及以上学历；
2、高成就动机、高度责任感、自驱力强，能承受较高强度工作压力，3年以上内容安全或产品策略经验，有内容平台类机审策略经验优先；
3、具备优秀的产品需求文档撰写能力，逻辑严谨，能将复杂策略转化为技术可理解的需求；
4、熟悉行业相关国家法律法规和政策。对互联网媒体及平台及安全行业有充分认知，有较高的政治素养；
5、学习力、理解力好，逻辑清晰，对数据敏感，数据分析能力好；
6、理解用户需求，业务敏感度高，结果导向，具备数据、产研团队对接沟通、资源整合和抗压能力。","哔哩哔哩是中国年轻世代高度聚集的综合性视频社区，被用户亲切地称为“B站”。截至2021年第一季度，B站月均活跃用户达2.23亿，其中35岁及以下用户占比超86%。
围绕用户、创作者和内容，B站构建了一个源源不断产生优质内容的生态系统。中国优秀的专业创作者都聚集在B站创作内容，涵盖生活、游戏、时尚、知识、音乐等数千个品类和圈层，带领着流行文化的风潮，成为中文互联网极其独特的存在。目前，B站91%的视频播放量都来自于专业用户创作的视频（Professional User Generated Video，PUGV）。
在此基础之上，B站提供了移动游戏、直播、付费内容、广告、漫画、电商等商业化产品服务，并对电竞、虚拟偶像等前沿领域展开战略布局。
B站多个季度蝉联QuestMobile“Z世代偏爱APP”和“Z世代偏爱泛娱乐APP”两项榜单第一位。公司于2018年3月登陆美国纳斯达克，并于2021年3月在港交所二次上市。"
unknown:1981437055,1981437055,unknown,高级风控运营,哔哩哔哩,互联网,已上市,5000-10000人,杨浦区,20-40k·15薪,3-5年,本科,,4月1日更新,招1人,,标题领域词=风控; 标题岗位词=运营; 公司标签=互联网,https://www.liepin.com/zpfengkongyunying/,https://www.liepin.com/zpfengkongyunying/pn1/,https://www.liepin.com/job/1981437055.shtml,2026-04-14T14:01:30+08:00,2026-06-04T14:08:00+08:00,"工作职责:
1. 负责反作弊风控策略的设计、落地、评估与持续优化，涵盖内容安全、账户安全、交易安全等多个场景。
2. 通过对业务数据的监控分析，主动发现作弊行为模式，并设计相应的识别与防控策略。
3. 与算法、研发、运营多团队紧密协作，推动策略的工程落地与效果验证。
4. 关注行业动态与黑灰产手段变化，持续迭代风控模型与策略体系，提升防御能力。
5. 制定相关数据监控报表与预警机制，及时感知风险变化并推动应对。
工作要求:
1. 本科及以上学历，3年以上互联网风控、反作弊、安全策略相关经验，有策略产品或策略运营经验者优先。
2. 熟悉常见的作弊手法及其对抗思路，具备较强的数据分析能力和逻辑思维，能独立完成策略设计及效果评估。
3. 熟练使用SQL等数据分析工具，具备良好的跨团队沟通与项目推进能力。
4. 责任心强，对风险敏感，能在压力下保持冷静，具备良好的风险判断与决策能力。","哔哩哔哩是中国年轻世代高度聚集的综合性视频社区，被用户亲切地称为“B站”。截至2021年第一季度，B站月均活跃用户达2.23亿，其中35岁及以下用户占比超86%。
围绕用户、创作者和内容，B站构建了一个源源不断产生优质内容的生态系统。中国优秀的专业创作者都聚集在B站创作内容，涵盖生活、游戏、时尚、知识、音乐等数千个品类和圈层，带领着流行文化的风潮，成为中文互联网极其独特的存在。目前，B站91%的视频播放量都来自于专业用户创作的视频（Professional User Generated Video，PUGV）。
在此基础之上，B站提供了移动游戏、直播、付费内容、广告、漫画、电商等商业化产品服务，并对电竞、虚拟偶像等前沿领域展开战略布局。
B站多个季度蝉联QuestMobile“Z世代偏爱APP”和“Z世代偏爱泛娱乐APP”两项榜单第一位。公司于2018年3月登陆美国纳斯达克，并于2021年3月在港交所二次上市。"
unknown:1980962873,1980962873,unknown,内容安全策略运营 (MJ019247),唯品会(中国),互联网,已上市,10000人以上,广州-新港,20-30k,5-10年,本科,免费班车 | 公司规模大 | 免费三餐 | 超棒办公环境,3月16日更新,招1人,免费班车 | 公司规模大 | 免费三餐 | 超棒办公环境 | 超专业靠谱的同事,标题领域词=内容安全; 标题岗位词=运营; 公司标签=互联网,https://www.liepin.com/zpneironganquan/,https://www.liepin.com/zpneironganquan/pn2/,https://www.liepin.com/job/1980962873.shtml,2026-04-14T14:01:30+08:00,2026-06-04T14:08:00+08:00,"资深内容安全策略运营
工作职责
1、针对电商场景（商品详情页、用户评论、营销活动等）的底线类风险制定分层级的内容安全策略（如审核标准、风险分级、处置规则），负责风险场景接入风控并持续完善机审策略和人审策略；
2、负责搭建电商内容风险监控体系，及时发现问题并主导跟进恢复，事后输出事件分析报告并推动策略持续优化。
3、管理内容审核团队，能够带领团队发现体验问题和机会点，并持续优化审核流程与审核界面，提升人审效率和产能；


任职资格
1、本科及以上学历，3年以上内容治理运营经验，对内容治理链路或审核链路有清晰了解，具备业务流程诊断及优化能力，能定位问题并提出解决方案；
2、跨团队沟通协调能力强，有主导过项目全流程的经验，熟悉平台规则及行业动态，对内容理解；
3、具备项目管理全流程经验，擅长跨部门协作，高效推动目标落地，逻辑思维佳，抗压能力强，韧性强，有owner意识。",
unknown:1978382965,1978382965,unknown,风控运营,四季为农,"科技金融,农/林/牧/渔,互联网",A轮融资,100-499人,历下区,10-12k,5-10年,本科,五险一金 | 年终奖金 | 全勤奖 | 优秀员工奖,90天前更新,招1人,五险一金 | 年终奖金 | 全勤奖 | 优秀员工奖 | 定期体检 | 餐费补贴 | 交通补助 | 发展空间大 | 岗位晋升 | 年度旅游,标题领域词=风控; 标题岗位词=运营; 公司标签=互联网,https://www.liepin.com/zpfengkongyunying/,https://www.liepin.com/zpfengkongyunying/pn1/,https://www.liepin.com/job/1978382965.shtml,2026-04-14T14:01:30+08:00,2026-06-04T14:08:00+08:00,"核心说明：该岗位向部门负责人汇报，主要工作为基于业务和产品需求，协助标准建设、流程优化、制度输出，跟踪过程执行等。
薪资结构：10000元/月+奖金，入职六险一金、双休、法定。

【岗位职责】
1.保障落地： 协助产品经理对农机金融及保险政策的整理、发布、迭代，及时跟进及解决政策落地过程中的问题，保障政策的执行实施。
2.标准建设： 协助建立业务全流程的操作规范及标准，不断优化、迭代，并扫清合规漏洞。
3.协同对接：与公司各部门紧密协作，收集、归纳、汇总业务信息反馈，并及时汇报解决。
4.业务支持： 在业务高峰期，根据安排参与审核工作，确保审批时效，并借此深入理解业务，反哺政策优化

【任职要求】
1.本科及以上，年龄27-35岁，在金融风控领域有≥5年实操经验，金融信贷机构（如银行、消费金融公司、小贷公司）或大型互联网金融机构有政策制定或参与、运营管理或标准化相关岗位经验优先考虑。
2.沟通与协调能力：具备良好的沟通/协调能力，能够清晰、准确的传达需求及要求，高效与各部门各岗位沟通。
3.文案输出能力：政策撰写、制度输出等。
4.执行力与抗压能力：能够在业务旺季投身一线审核工作，保证审核效率与质量。","1、四季为农是专注于农机垂直领域的互联网服务平台，为农机行业的生产企业、经销商、终端用户提供金融、软件等综合服务。公司2018年获得种子轮投资，2019年初获得天使轮投资，2020年初获得PRE-A轮融资，发展前景良好，处于快速成长阶段。

2、公司运营中心在济南高新区，在北京设有办公室，团队核心成员从大多来自于华为、浪潮、宜信、中国人寿等知名企业，团队平均年龄93年，职场氛围融洽，致力于打造向上、拼搏的工作氛围。

3、缴纳六险一金，国家法定节假日，每年端午、中秋、春节福利，每年定期体检，旅游、生日派对等团建活动！"
unknown:1982849987,1982849987,unknown,业务风险分析（舆情方向）运营-CQC,字节跳动,互联网,融资未公开,10000人以上,北京-大钟寺,14-25k·13薪,3-5年,本科,六险一金 | 带薪休假 | 免费三餐 | 房租补贴,5月25日更新,招2人,六险一金 | 带薪休假 | 免费三餐 | 房租补贴,标题领域词=风险; 标题岗位词=运营; 公司标签=互联网,https://www.liepin.com/zpfengxianyunying/,https://www.liepin.com/zpfengxianyunying/pn1/,https://www.liepin.com/job/1982849987.shtml,2026-06-03T14:16:53+08:00,2026-06-04T14:08:00+08:00,"职位描述：
1、能够独立承担具体业务及协作方对接工作，根据业务需求制定舆情服务及风险感知策略；
2、梳理业务逻辑，完成上下游数据梳理、看板搭建，并根据业务场景搭建&完善指标体系；
3、通过指标监控和数据分析，评估风险趋势和治理效果，为业务决策提供数据支持和建议；
4、探索大模型可应用的业务场景，协调内外部资源，推动大模型在风险感知、报告分析等领域的实际应用。

职位要求：
1、本科及以上学历，3年以上互联网舆情分析、风险研究相关工作经验，熟悉数据分析方法和思路；
2、具备优秀的结构化思维能力和项目管理能力，善于应用数据分析发现和挖掘问题；
3、熟悉内容安全、风险防控相关产品工具，有AI大模型搭建等项目统筹经验者优先；
4、具备良好的沟通能力，跨部门协同能力，逻辑清晰，目标感强。","字节跳动成立于2012年3月，公司使命为“Inspire Creativity, Enrich Life（激发创造，丰富生活）”。公司业务覆盖150个国家和地区，拥有15万名员工。
字节跳动在全球推出了多款有影响力的产品，包括今日头条、抖音、西瓜视频、飞书、Lark、PICO、剪映、TikTok等。截至2021年6月，字节跳动旗下产品全球月活跃用户数超过19亿。"
unknown:1982849699,1982849699,unknown,业务风险分析（舆情方向）运营-CQC,字节跳动,互联网,融资未公开,10000人以上,朝阳区,14-25k·15薪,3-5年,本科,,5月25日更新,招1人,,标题领域词=风险; 标题岗位词=运营; 公司标签=互联网,https://www.liepin.com/zpfengxianyunying/,https://www.liepin.com/zpfengxianyunying/pn1/,https://www.liepin.com/job/1982849699.shtml,2026-06-03T14:16:53+08:00,2026-06-04T14:08:00+08:00,"职位描述: 
1、能够独立承担具体业务及协作方对接工作，根据业务需求制定舆情服务及风险感知策略；
2、梳理业务逻辑，完成上下游数据梳理、看板搭建，并根据业务场景搭建&完善指标体系；
3、通过指标监控和数据分析，评估风险趋势和治理效果，为业务决策提供数据支持和建议；
4、探索大模型可应用的业务场景，协调内外部资源，推动大模型在风险感知、报告分析等领域的实际应用。

职位要求: 
1、本科及以上学历，3年以上互联网舆情分析、风险研究相关工作经验，熟悉数据分析方法和思路；
2、具备优秀的结构化思维能力和项目管理能力，善于应用数据分析发现和挖掘问题；
3、熟悉内容安全、风险防控相关产品工具，有AI大模型搭建等项目统筹经验者优先；
4、具备良好的沟通能力，跨部门协同能力，逻辑清晰，目标感强。","字节跳动成立于2012年3月，公司使命为“Inspire Creativity, Enrich Life（激发创造，丰富生活）”。公司业务覆盖150个国家和地区，拥有15万名员工。
字节跳动在全球推出了多款有影响力的产品，包括今日头条、抖音、西瓜视频、飞书、Lark、PICO、剪映、TikTok等。截至2021年6月，字节跳动旗下产品全球月活跃用户数超过19亿。"
unknown:1981248761,1981248761,unknown,交易风控运营专家-抖音生活服务,字节跳动,互联网,融资未公开,10000人以上,北京-大钟寺,30-60k·15薪,3年以上,本科,,5月10日更新,招1人,,标题领域词=风控; 标题岗位词=运营; 公司标签=互联网,https://www.liepin.com/zpfengkongyunying/,https://www.liepin.com/zpfengkongyunying/,https://www.liepin.com/job/1981248761.shtml,2026-04-14T14:01:30+08:00,2026-06-04T14:08:00+08:00,"职位描述
1、负责生活服务的风控运营工作，完成相关风险场景的定义、识别策略部署、处置动作的落地等；
2、有效协同横向团队，整合产品、研发、算法资源达成业务结果；
3、通过数据分析、运营手段管控治理商达、平台经营过程中遇到的资损、被恶意攻击等问题；通过产品、技术能力迭代提升攻防效率；
4、通过深入调查黑灰产市场，建立有效监控渠道和手段，持续进行风险类情报的监控采集，为业务提供情报服务；
5、通过指标监控和数据分析，及时掌握风险及业务的变化，根据实际情况持续优化调整政策、规则或模型。
职位要求
1、本科及以上学历，3年及以上互联网产品运营经验，具备法律、规则、风控等相关工作背景者优先；
2、具备优秀的结构化思维能力，能洞察用户痛点并把握问题本质，设计可切实落地的方案，有业务和数据分析的经验和知识，善于应用数据分析发现和挖掘问题； 
3、善于交流，有良好的资源协调和沟通能力，有跨部门多方密切配合的经验和意识，需要有效协调多方资源，推落地，拿结果的实战经验； 
4、具备较强的适应能力，能够自我驱动不断提升，有大型互联网企业相关背景优先。","字节跳动成立于2012年3月，公司使命为“Inspire Creativity, Enrich Life（激发创造，丰富生活）”。公司业务覆盖150个国家和地区，拥有15万名员工。
字节跳动在全球推出了多款有影响力的产品，包括今日头条、抖音、西瓜视频、飞书、Lark、PICO、剪映、TikTok等。截至2021年6月，字节跳动旗下产品全球月活跃用户数超过19亿。"
unknown:1982716185,1982716185,unknown,内容安全产品运营,字节跳动,互联网,融资未公开,10000人以上,高新区,18-35k·15薪,3年以上,本科,,5月20日更新,招1人,,标题领域词=内容安全; 标题岗位词=运营; 公司标签=互联网,https://www.liepin.com/zpneironganquan/,https://www.liepin.com/zpneironganquan/pn1/,https://www.liepin.com/job/1982716185.shtml,2026-05-21T13:36:40+08:00,2026-06-04T14:08:00+08:00,"该岗位可Base西安/郑州/成都
职位描述
1、负责产品运营工作，理解产品和业务场景，面向电商内容安全业务提供相关产品能力支持，助力业务目标达成与发展；
2、与内部各业务建立良好的协作关系，及时跟进和收集相关业务需求，搭建相关需求运营机制；
3、基于数据驱动制定产品运营指标，结合AI及行业前沿推动产品改进及运营策略优化，提升运营效率和平台产品的使用体验；
4、负责跟进不同业务的产品需求，搭建一站式解决方案，打造标杆案例及产品推广和培训体系。
职位要求
1、本科及以上学历，产品运营经验或相关解决方案运营经验优先，AI产品运营经验优先；
2、有良好的组织沟通和推进能力，能够在复杂环境下沟通协作；
3、工作态度严谨，逻辑思维清晰，有追求细节的意识；
4、较强的逻辑分析能力和项目管理能力。","字节跳动成立于2012年3月，公司使命为“Inspire Creativity, Enrich Life（激发创造，丰富生活）”。公司业务覆盖150个国家和地区，拥有15万名员工。
字节跳动在全球推出了多款有影响力的产品，包括今日头条、抖音、西瓜视频、飞书、Lark、PICO、剪映、TikTok等。截至2021年6月，字节跳动旗下产品全球月活跃用户数超过19亿。"
unknown:1979636827,1979636827,unknown,内容安全产品运营-商业生态与安全,字节跳动,互联网,融资未公开,10000人以上,成都-桐梓林,20-40k·15薪,3-5年,本科,,4月24日更新,招1人,,标题领域词=内容安全; 标题岗位词=运营; 公司标签=互联网,https://www.liepin.com/zpneironganquan/,https://www.liepin.com/zpneironganquan/pn1/,https://www.liepin.com/job/1979636827.shtml,2026-04-14T14:01:30+08:00,2026-06-04T14:08:00+08:00,"职位描述: 
1、负责产品运营工作，理解产品和业务场景，面向电商内容安全业务提供相关产品能力支持，助力业务目标达成与发展；
2、与内部各业务建立良好的协作关系，及时跟进和收集相关业务需求，搭建相关需求运营机制；
3、基于数据驱动制定产品运营指标，结合AI及行业推动产品改进及运营策略优化，提升运营效率和平台产品的使用体验；
4、负责跟进不同业务的产品需求，搭建一站式解决方案，打造标杆案例及产品推广和培训体系。

职位要求: 
1、本科及以上学历，产品运营经验或相关解决方案运营经验优先，AI产品运营经验优先；
2、有良好的组织沟通和推进能力，能够在复杂环境下沟通协作；
3、工作态度严谨，逻辑思维清晰，有追求细节的意识；
4、较强的逻辑分析能力和项目管理能力。","字节跳动成立于2012年3月，公司使命为“Inspire Creativity, Enrich Life（激发创造，丰富生活）”。公司业务覆盖150个国家和地区，拥有15万名员工。
字节跳动在全球推出了多款有影响力的产品，包括今日头条、抖音、西瓜视频、飞书、Lark、PICO、剪映、TikTok等。截至2021年6月，字节跳动旗下产品全球月活跃用户数超过19亿。"
unknown:1982093143,1982093143,unknown,内容安全标准运营专家,字节跳动,互联网,融资未公开,10000人以上,北京-慈云寺,20-35k·15薪,5-10年,本科,,4月25日更新,招1人,,标题领域词=内容安全; 标题岗位词=运营; 公司标签=互联网,https://www.liepin.com/zpneironganquan/,https://www.liepin.com/zpneironganquan/pn1/,https://www.liepin.com/job/1982093143.shtml,2026-05-02T12:28:22+08:00,2026-06-04T14:08:00+08:00,"职位描述
1、负责风险评估标准体系搭建与团队管理工作，与PA、运营和业务基地合作，共同推进业务标准体系的完善与优化；
2、能够以风险研判为基础，进行风险评估的标准体系搭建与完善；
3、推进标准制定、透传、优化、效果验证等相关工作落地。

职位要求
1、本科及以上学历，有风险管理、内容风控、标准管理等相关经验优先；
2、风险敏锐度高，思考逻辑强，有较好的文字功底，善于发现问题和归纳总结；
3、理解沟通能力强，有较强的主动性和责任心，适应性强。","字节跳动成立于2012年3月，公司使命为“Inspire Creativity, Enrich Life（激发创造，丰富生活）”。公司业务覆盖150个国家和地区，拥有15万名员工。
字节跳动在全球推出了多款有影响力的产品，包括今日头条、抖音、西瓜视频、飞书、Lark、PICO、剪映、TikTok等。截至2021年6月，字节跳动旗下产品全球月活跃用户数超过19亿。"
unknown:1982849957,1982849957,unknown,内容安全治理运营（巡检）-CQC,字节跳动,互联网,融资未公开,10000人以上,成都-三圣,10-30k·13薪,1-3年,本科,六险一金 | 带薪休假 | 免费三餐 | 房租补贴,5月25日更新,招2人,六险一金 | 带薪休假 | 免费三餐 | 房租补贴,标题领域词=内容安全; 标题岗位词=运营; 公司标签=互联网,https://www.liepin.com/zpneironganquan/,https://www.liepin.com/zpneironganquan/,https://www.liepin.com/job/1982849957.shtml,2026-06-01T14:19:06+08:00,2026-06-04T14:08:00+08:00,"职位描述：
1. 承接不同产品及业务线的内容安全及生态画风向项目,对负责产品根据专项治理需求,与上下游团队紧密协作,输出完整项目方案,并统筹推进项目落地，输出项目结论；
2. 根据过往安全背景，定期复盘、优化业务流程,推动团队内部的经验沉淀、流程机制优化；
3. 承接不同产品及业务线的应急响应流程，根据应急要求，与上下游团队协作，并对结果进行整理统计、特征提炼、规律总结等；
4. 熟悉模型评估方法，具备数据思维，能结合线上场景优化模型识别策略。

职位要求：
1、本科及以上学历，了解行业特点、政策、发展趋势，具备对行业新闻事件的高度敏感性、良好的新闻感知能力；熟悉网络媒体，具备网络安全专业知识优先；
2、了解网络舆情监测，能够熟练运用各类搜索引擎完成信息的收集，并提炼信息碎片重点，具备内容质量把控、舆情风控等信息安全行业从业经验者优先；
3、具备优秀的文档梳理能力与表达能力，能熟练运用Excel、Word等办公软件，具备良好的沟通协调能力、应变能力、风险研判能力与团队合作精神。","字节跳动成立于2012年3月，公司使命为“Inspire Creativity, Enrich Life（激发创造，丰富生活）”。公司业务覆盖150个国家和地区，拥有15万名员工。
字节跳动在全球推出了多款有影响力的产品，包括今日头条、抖音、西瓜视频、飞书、Lark、PICO、剪映、TikTok等。截至2021年6月，字节跳动旗下产品全球月活跃用户数超过19亿。"
unknown:1982919973,1982919973,unknown,内容安全治理运营（巡检）-成都,字节跳动,互联网,融资未公开,10000人以上,高新区,13-26k·15薪,1-3年,本科,,5月27日更新,招1人,,标题领域词=内容安全; 标题岗位词=运营; 公司标签=互联网,https://www.liepin.com/zpneironganquan/,https://www.liepin.com/zpneironganquan/,https://www.liepin.com/job/1982919973.shtml,2026-06-01T14:19:06+08:00,2026-06-04T14:08:00+08:00,"职位描述
1. 承接不同产品及业务线的内容安全及生态画风向项目,对负责产品根据专项治理需求,与上下游团队紧密协作,输出完整项目方案,并统筹推进项目落地，输出项目结论；
2. 根据过往安全背景，定期复盘、优化业务流程,推动团队内部的经验沉淀、流程机制优化；
3. 承接不同产品及业务线的应急响应流程，根据应急要求，与上下游团队协作，并对结果进行整理统计、特征提炼、规律总结等；
4. 熟悉模型评估方法，具备数据思维，能结合线上场景优化模型识别策略。
职位要求
1、本科及以上学历，了解行业特点、政策、发展趋势，具备对行业新闻事件的高度敏感性、良好的新闻感知能力；熟悉网络媒体，具备网络安全专业知识优先；
2、了解网络舆情监测，能够熟练运用各类搜索引擎完成信息的收集，并提炼信息碎片重点，具备内容质量把控、舆情风控等信息安全行业从业经验者优先；
3、具备优秀的文档梳理能力与表达能力，能熟练运用Excel、Word等办公软件，具备良好的沟通协调能力、应变能力、风险研判能力与团队合作精神。","字节跳动成立于2012年3月，公司使命为“Inspire Creativity, Enrich Life（激发创造，丰富生活）”。公司业务覆盖150个国家和地区，拥有15万名员工。
字节跳动在全球推出了多款有影响力的产品，包括今日头条、抖音、西瓜视频、飞书、Lark、PICO、剪映、TikTok等。截至2021年6月，字节跳动旗下产品全球月活跃用户数超过19亿。"
unknown:1982733639,1982733639,unknown,内容安全策略运营,字节跳动,互联网,融资未公开,10000人以上,高新区,18-35k·15薪,3年以上,本科,,5月21日更新,招1人,,标题领域词=内容安全; 标题岗位词=运营; 公司标签=互联网,https://www.liepin.com/zpneironganquan/,https://www.liepin.com/zpneironganquan/pn1/,https://www.liepin.com/job/1982733639.shtml,2026-05-21T13:36:40+08:00,2026-06-04T14:08:00+08:00,"该岗位可Base西安/郑州/成都
职位描述
1、不断优化现有策略分析体系，由上而下的建立并迭代目标与指标管理体系；
2、合作内外部各类团队，如业务、产品等，作为负责人角色推进较复杂项目的落地和推广；
3、独立进行业务问题分析和研究，包括业务规模，人力、业态、运营效率等模块的专题分析并推进专题分析在业务中的落地；
4、主动诊断及发现业务问题，输出业务策略，同时能沉淀业务分析思路，产出对业务有价值的方案和建议。

职位要求
1、本科及以上学历，具备数据分析能力及项目管理能力；
2、逻辑思维好，能通过数据分析寻找规律、发现问题与机会，并支持业务部门输出解决方案，协同团队一起落地实现结果；
3、学习能力强，执行力强，有较强的沟通协调、资源整合能力，能适应快速节奏工作；
4、有3年以上互联网商业分析、经营分析、策略运营经验优先；有内容安全策略相关项目经验优先。","字节跳动成立于2012年3月，公司使命为“Inspire Creativity, Enrich Life（激发创造，丰富生活）”。公司业务覆盖150个国家和地区，拥有15万名员工。
字节跳动在全球推出了多款有影响力的产品，包括今日头条、抖音、西瓜视频、飞书、Lark、PICO、剪映、TikTok等。截至2021年6月，字节跳动旗下产品全球月活跃用户数超过19亿。"
unknown:1982809471,1982809471,unknown,内容安全运营-红果短剧,字节跳动,互联网,融资未公开,10000人以上,北京-大钟寺,25-50k·15薪,1-3年,本科,,5月24日更新,招1人,,标题领域词=内容安全; 标题岗位词=运营; 公司标签=互联网,https://www.liepin.com/zpneironganquan/ | https://www.liepin.com/zpneironganquanyunying/,https://www.liepin.com/zpneironganquan/pn1/ | https://www.liepin.com/zpneironganquanyunying/,https://www.liepin.com/job/1982809471.shtml,2026-06-01T14:19:06+08:00,2026-06-04T14:08:00+08:00,"职位描述
1、负责短剧内容安全标准体系搭建与优化，梳理短剧内容审核、内容分级、合规管控、安全治理等相关标准流程，保障短剧内容健康有序发展；
2、依据平台短剧业务发展需求，完善内容生态规则细则，明确短剧内容创作、上线、运营全流程的标准规范，同步推进标准落地执行与监督；
3、对短剧内容安全数据进行监控、分析，通过逻辑化拆解与复盘，识别内容安全运营中的问题，针对性优化标准规则，提升生态运营效率；
4、协同内容审核、安全产品、合规等团队，推动标准落地，同步开展团队内部标准培训，确保各环节工作符合生态规范；
5、跟踪行业短剧政策、行业标准动态，结合平台业务特性，迭代更新平台短剧生态标准体系；
6、处理短剧运营中的标准相关争议问题，给出专业、合规的解决方案，维护平台内容生态的稳定性。
职位要求
1、具有2年及以上互联网内容安全、平台治理、规则运营、标准运营等工作经验，了解短剧体裁，可根据短剧业务发展调整规则标准；
2、内容与风险意识突出，对政策、舆情、社会热点等具备较强敏感度，对平台管控尺度与策略拥有精准判断力；
3、具备较强逻辑思维能力与同理心，能够洞察业务痛点并把握问题本质，有较强的文字提炼概括与撰写功底；
4、具备卓越的沟通表达能力，具有较强的责任感、创新能力和团队协作精神。","字节跳动成立于2012年3月，公司使命为“Inspire Creativity, Enrich Life（激发创造，丰富生活）”。公司业务覆盖150个国家和地区，拥有15万名员工。
字节跳动在全球推出了多款有影响力的产品，包括今日头条、抖音、西瓜视频、飞书、Lark、PICO、剪映、TikTok等。截至2021年6月，字节跳动旗下产品全球月活跃用户数超过19亿。"
unknown:1976975375,1976975375,unknown,商品库产品运营（大模型/基建方向）-国际化广告审核风控业务,字节跳动,互联网,融资未公开,10000人以上,上海-漕河泾,20-40k·15薪,3-5年,本科,,5月20日更新,招1人,,标题领域词=风控; 标题岗位词=运营; 公司标签=互联网,https://www.liepin.com/zpfengkongyunying/,https://www.liepin.com/zpfengkongyunying/pn3/,https://www.liepin.com/job/1976975375.shtml,2026-05-23T12:52:11+08:00,2026-06-04T14:08:00+08:00,"职位描述: 
1、跟进广告视频/落地页商品的工程和模型识别效果，协同标注团队关注准召表现，协助整理识别问题并推动优化；
2、参与商品属性（类别、品牌等）定义、细节校验与补全，维护属性标签体系准确性；
3、协助分析商品相似特征应用效果，收集业务反馈支撑策略迭代；
4、协同技术、业务团队推进商品理解相关运营动作，保障落地执行；
5、监控商品理解核心数据（识别准确率、属性完整度等），定期输出复盘报告。

职位要求: 
1、本科及以上学历，电子商务、大模型、数据统计等相关专业优先；
2、1-2年互联网运营经验，有广告/电商平台运营、大模型运营、商品数据整理经验者优先；
3、具备基础数据分析能力（熟练使用Excel，会SQL者优先），能快速定位数据问题；
4、擅长跨团队沟通协作，有较强的执行推进力和细节把控能力；
5、英语读写能力强，听说能力经过适应期可作为工作语言；
6、工作积极主动，抗压性强，对广告电商商品业务有兴趣。","字节跳动成立于2012年3月，公司使命为“Inspire Creativity, Enrich Life（激发创造，丰富生活）”。公司业务覆盖150个国家和地区，拥有15万名员工。
字节跳动在全球推出了多款有影响力的产品，包括今日头条、抖音、西瓜视频、飞书、Lark、PICO、剪映、TikTok等。截至2021年6月，字节跳动旗下产品全球月活跃用户数超过19亿。"
unknown:1981784687,1981784687,unknown,商家风控运营专家-抖音生活服务,字节跳动,互联网,融资未公开,10000人以上,北京-大钟寺,25-55k·15薪,2-8年,本科,,5月28日更新,招1人,,标题领域词=风控; 标题岗位词=运营; 公司标签=互联网,https://www.liepin.com/zpfengkongyunying/,https://www.liepin.com/zpfengkongyunying/,https://www.liepin.com/job/1981784687.shtml,2026-04-23T12:23:32+08:00,2026-06-04T14:08:00+08:00,"职位描述
1、负责生活服务的风控运营工作，完成相关风险场景的定义、识别策略部署、处置动作的落地等；
2、有效协同横向团队，整合产品、研发、算法资源达成业务结果；
3、通过数据分析、运营手段管控治理商家、平台经营过程中遇到的资损、被恶意攻击等问题；通过产品、技术能力迭代提升攻防效率；
4、通过深入调查黑灰产市场，建立有效监控渠道和手段，持续进行风险类情报的监控采集，为业务提供情报服务；
5、通过指标监控和数据分析，及时掌握风险及业务的变化，根据实际情况持续优化调整政策、规则或模型。
职位要求
1、本科及以上学历，3年及以上互联网产品运营经验，具备风控、法律、规则等相关工作背景者优先；
2、具备优秀的结构化思维能力，能洞察用户痛点并把握问题本质，设计可切实落地的方案，有业务和数据分析的经验和知识，善于应用数据分析发现和挖掘问题；
3、善于交流，有良好的资源协调和沟通能力，有跨部门多方密切配合的经验和意识，需要有效协调多方资源，推落地，拿结果的实战经验；
4、具备较强的适应能力，能够自我驱动不断提升。","字节跳动成立于2012年3月，公司使命为“Inspire Creativity, Enrich Life（激发创造，丰富生活）”。公司业务覆盖150个国家和地区，拥有15万名员工。
字节跳动在全球推出了多款有影响力的产品，包括今日头条、抖音、西瓜视频、飞书、Lark、PICO、剪映、TikTok等。截至2021年6月，字节跳动旗下产品全球月活跃用户数超过19亿。"
unknown:1982637373,1982637373,unknown,商家风控运营专家-抖音生活服务,字节跳动,互联网,融资未公开,10000人以上,朝阳区,35-55k·15薪,3-5年,本科,,5月25日更新,招1人,,标题领域词=风控; 标题岗位词=运营; 公司标签=互联网,https://www.liepin.com/zpfengkongyunying/,https://www.liepin.com/zpfengkongyunying/,https://www.liepin.com/job/1982637373.shtml,2026-05-23T12:52:11+08:00,2026-06-04T14:08:00+08:00,"职位描述: 
1、负责生活服务的风控运营工作，完成相关风险场景的定义、识别策略部署、处置动作的落地等；
2、有效协同横向团队，整合产品、研发、算法资源达成业务结果；
3、通过数据分析、运营手段管控治理商家、平台经营过程中遇到的资产损失、被恶意攻击等问题；通过产品、技术能力迭代提升攻防效率；
4、通过深入调查黑灰产市场，建立有效监控渠道和手段，持续进行风险类情报的监控采集，为业务提供情报服务；
5、通过指标监控和数据分析，及时掌握风险及业务的变化，根据实际情况持续优化调整政策、规则或模型。

职位要求: 
1、本科及以上学历，3年及以上互联网产品运营经验，具备风控、法律、规则等相关工作背景者优先；
2、具备优秀的结构化思维能力，能洞察用户痛点并把握问题本质，设计可切实落地的方案，有业务和数据分析的经验和知识，善于应用数据分析发现和挖掘问题；
3、善于交流，有良好的资源协调和沟通能力，有跨部门多方密切配合的经验和意识，需要有效协调多方资源，推落地，拿结果的实战经验；
4、具备较强的适应能力，能够自我驱动不断提升。","字节跳动成立于2012年3月，公司使命为“Inspire Creativity, Enrich Life（激发创造，丰富生活）”。公司业务覆盖150个国家和地区，拥有15万名员工。
字节跳动在全球推出了多款有影响力的产品，包括今日头条、抖音、西瓜视频、飞书、Lark、PICO、剪映、TikTok等。截至2021年6月，字节跳动旗下产品全球月活跃用户数超过19亿。"
unknown:1982730463,1982730463,unknown,国际化广告风控治理运营（亚太市场）-Global Business Solutions,字节跳动,互联网,融资未公开,10000人以上,上海-漕河泾,20-35k·15薪,3-5年,本科,,6月3日更新,招1人,,标题领域词=风控; 标题岗位词=运营; 公司标签=互联网,https://www.liepin.com/zpfengkongyunying/,https://www.liepin.com/zpfengkongyunying/pn2/,https://www.liepin.com/job/1982730463.shtml,2026-05-23T12:52:11+08:00,2026-06-04T14:08:00+08:00,"职位描述: 
1、负责国际化广告业务的质检合规核查工作，基于标准通过日常抽检及专项治理等形式，识别来自“客户入驻、广告投放、履约结算、人员执行、流程规则、产品能力”等各环节问题，并推动改善和解决，支持业务和团队健康发展；
2、确保合规标准执行的一致性以及治理结果的准确性，为后期治理数据分析提供数据支持，并通过数据分析支持持续的风险监控实施；
3、与本地业务团队利益相关者及关键跨职能团队合作伙伴深入协作，提供专业的流程改进建议和合规方案支持，共同推动治理目标的完成；配合和响应公司层面的调查治理需求，以持续提升业务团队的风险合规意识；
4、跟踪行业动态与新兴风险模式，对监控中发现的异常和潜在风险及时反馈，并提出可落地的合理优化建议。

职位要求: 
1、本科及以上学历，具备1年以上广告行业经验，具备广告风控、合规、商业化治理、审核策略相关经验者优先；
2、熟悉广告行业，具备跨国或跨区域项目协作经验者优先，对国际化广告业务的运作模式与流程有基本认知；
3、具备较好的沟通表达和协作能力，能够与各地各团队伙伴进行灵活沟通；
4、具备一定的数据挖掘、分析和提炼总结能力，能够独立撰写分析报告及治理方案；
5、因工作沟通需要，具备良好的英文&中文口头与书面表达能力。","字节跳动成立于2012年3月，公司使命为“Inspire Creativity, Enrich Life（激发创造，丰富生活）”。公司业务覆盖150个国家和地区，拥有15万名员工。
字节跳动在全球推出了多款有影响力的产品，包括今日头条、抖音、西瓜视频、飞书、Lark、PICO、剪映、TikTok等。截至2021年6月，字节跳动旗下产品全球月活跃用户数超过19亿。"
unknown:1982478135,1982478135,unknown,安全风险运营（舆情方向),字节跳动,互联网,融资未公开,10000人以上,重庆,21-35k·15薪,1-7年,本科,,5月27日更新,招1人,,标题领域词=风险; 标题岗位词=运营; 公司标签=互联网,https://www.liepin.com/zpfengxianyunying/,https://www.liepin.com/zpfengxianyunying/,https://www.liepin.com/job/1982478135.shtml,2026-05-13T12:58:56+08:00,2026-06-04T14:08:00+08:00,"职位描述
1、根据业务规则实时监测全网新闻媒体、社交平台、论坛等渠道的舆论动态，识别社会热点、时政要闻等信息，进行舆情预警与风险研判；
2、对舆情及跨渠道风险进行深度分析，能够作出影响力的判断和总结，并输出合理有效的分析报告和趋势预测；
3、统筹专项风险运营，与相关团队建立协作机制，完成相应分析专报，共同推进处置策略落地。
职位要求
1、本科及以上学历，3年以上互联网内容安全或舆情监测/分析相关工作经验；
2、熟悉舆情传播特点，关注新闻热点话题，有扎实的文字功底和较强的数据分析能力，对公共事件有客观及深刻的见解；
3、对内容治理、风险控制、应急响应等领域有相关经验，有舆情、热点、时政等风险内容分析经验者优先；
4、抗压能力、沟通能力强，目标导向，积极主动，责任心强。","字节跳动成立于2012年3月，公司使命为“Inspire Creativity, Enrich Life（激发创造，丰富生活）”。公司业务覆盖150个国家和地区，拥有15万名员工。
字节跳动在全球推出了多款有影响力的产品，包括今日头条、抖音、西瓜视频、飞书、Lark、PICO、剪映、TikTok等。截至2021年6月，字节跳动旗下产品全球月活跃用户数超过19亿。"
unknown:1980698595,1980698595,unknown,安全风险运营（舆情方向）-CQC,字节跳动,互联网,融资未公开,10000人以上,北京-慈云寺,21-40k·15薪,经验不限,本科,,3月6日更新,招1人,,标题领域词=风险; 标题岗位词=运营; 公司标签=互联网,https://www.liepin.com/zpfengxianyunying/,https://www.liepin.com/zpfengxianyunying/,https://www.liepin.com/job/1980698595.shtml,2026-04-14T14:01:30+08:00,2026-06-04T14:08:00+08:00,"职位描述
1、负责跨端风险线索的运营分析，根据舆情、巡检等多渠道上报的风险信息，完成相关风险研判；
2、对舆情及跨渠道风险进行深度分析，能够作出影响力的判断和总结，并提出合理有效的分析报告和趋势预测；
3、统筹专项风险运营，与相关团队建立协作机制，共同推进处置策略落地。
职位要求
1、本科及以上学历，3年以上互联网内容质量把控或舆情监测分析或相关工作经验；
2、对内容治理、风险控制、应急响应等领域有相关经验，有舆情、热点、时政等风险内容分析经验者优先；
3、具备出色的跨团队沟通、协调和项目推进能力，能够高效协同多个团队，确保业务目标的达成；
4、有利用AI能力解决实际业务问题的成功经验者优先，沟通能力强，目标导向，积极主动，责任心强。","字节跳动成立于2012年3月，公司使命为“Inspire Creativity, Enrich Life（激发创造，丰富生活）”。公司业务覆盖150个国家和地区，拥有15万名员工。
字节跳动在全球推出了多款有影响力的产品，包括今日头条、抖音、西瓜视频、飞书、Lark、PICO、剪映、TikTok等。截至2021年6月，字节跳动旗下产品全球月活跃用户数超过19亿。"
unknown:1945249599,1945249599,unknown,智能内容安全平台产品运营 - Data,字节跳动,互联网,融资未公开,10000人以上,北京-双榆树,13-18k·14薪,1-3年,本科,六险一金 | 免费三餐 | 租房补贴 | 健身瑜伽,90天前更新,招1人,六险一金 | 免费三餐 | 租房补贴 | 健身瑜伽 | 大牛带队 | 晋升空间大 | 团队氛围好,标题领域词=内容安全; 标题岗位词=运营; 公司标签=互联网,https://www.liepin.com/zpneironganquan/,https://www.liepin.com/zpneironganquan/pn4/,https://www.liepin.com/job/1945249599.shtml,2026-04-14T14:01:30+08:00,2026-06-04T14:08:00+08:00,"职责描述：
1、负责平台系统功能搭建，根据业务需要设计平台功能，以优化平台使用效率；
2、监控业务数据，通过数据发现业务存在的问题，并与平台用户密切合作，理解用户痛点与需求，建立良好的需求调研、反馈机制，持续推动业务及平台优化和迭代；
3、对团队内部需求负责，同时对接产研团队，实现各平台的高效运转和数据的有机流通，保障需求实现的周期与质量；
4、负责项目管理，协调资源推动产品功能落地，跟进项目的进度，与内外部团队有效沟通，提高项目整体质量。


任职要求：
1、本科及以上学历，英语可作为工作语言（必须）；
2、沟通能力、表达能力好，能够适应不同类型的沟通对象；
3、逻辑清晰、归纳总结能力强，能够多元兼容各类差异化诉求；
4、有良好的责任心和较强的学习意识，具备较强的团队协作能力和业务学习能力；
5、主动性强，重视创新意识与自驱力，对平台、业务保持积极探索精神。","字节跳动成立于2012年3月，公司使命为“Inspire Creativity, Enrich Life（激发创造，丰富生活）”。公司业务覆盖150个国家和地区，拥有15万名员工。
字节跳动在全球推出了多款有影响力的产品，包括今日头条、抖音、西瓜视频、飞书、Lark、PICO、剪映、TikTok等。截至2021年6月，字节跳动旗下产品全球月活跃用户数超过19亿。"
unknown:1981490933,1981490933,unknown,电商风险运营（行业治理方向）-商业生态与安全,字节跳动,互联网,融资未公开,10000人以上,武侯区,18-30k·15薪,3-5年,本科,,4月24日更新,招1人,,标题领域词=风险; 标题岗位词=运营; 公司标签=互联网,https://www.liepin.com/zpfengxianyunying/,https://www.liepin.com/zpfengxianyunying/,https://www.liepin.com/job/1981490933.shtml,2026-04-14T14:01:30+08:00,2026-06-04T14:08:00+08:00,"职位描述: 
1、已知风险水位压降：针对平台已知的风险能够建立有效的处置机制流程，及时处置相关风险，压降平台风险水位；
2、新增风险场景评估：能够针对新增潜在风险进行有效评估，协同行业治理同学及时对风险定性处置，保障新增风险能够被及时发现及时处置；
3、平台风控能力建设：能够从风险治理的全链路进行分析，如：规则覆盖率，模型召回率，内容质量把控准确率，资金空置率，售后赔付率等，及时发现平台在治理各个环节的漏洞，建立有效协同机制推动问题解决，提升平台风险全链路管控能力；
4、平台产品能力运营：具备经营意识，有较强的产品思维，能够及时发现平台工具产品中可优化的问题，及时协同产品算法团队，推进问题的解决，提升业务团队整体工作效率。

职位要求: 
1、基础能力：本科及以上学历，具备优良的学习能力与学习意识，积极乐观；
2、行业专业力：对电商业务场景（或商业化场景）熟悉，了解电商常见风险作恶作弊场景，针对消费者的反馈，能够及时定位商家／达人违规问题者优先；
3、数据分析力：具备较强的数据分析能力，能够及时发现分析数据中的问题；能够搭建业务指标体系，通过指标体系驱动业务；
4、协同沟通能力：能够进行换位思考，能够站在不同视角思考，有条理有逻辑的沟通表达能力，并且能够建立简洁高效的运营机制；
5、项目管理运营：能够独立负责项目，建立有效高效的协同机制，能够与协同方高效沟通，共识项目推进节奏进展，保障项目能够有效推进落地。","字节跳动成立于2012年3月，公司使命为“Inspire Creativity, Enrich Life（激发创造，丰富生活）”。公司业务覆盖150个国家和地区，拥有15万名员工。
字节跳动在全球推出了多款有影响力的产品，包括今日头条、抖音、西瓜视频、飞书、Lark、PICO、剪映、TikTok等。截至2021年6月，字节跳动旗下产品全球月活跃用户数超过19亿。"
unknown:1981490905,1981490905,unknown,电商风险运营（行业治理方向）-商业生态与安全,字节跳动,互联网,融资未公开,10000人以上,中原区,18-30k·15薪,3-5年,本科,,4月24日更新,招1人,,标题领域词=风险; 标题岗位词=运营; 公司标签=互联网,https://www.liepin.com/zpfengxianyunying/,https://www.liepin.com/zpfengxianyunying/,https://www.liepin.com/job/1981490905.shtml,2026-04-14T14:01:30+08:00,2026-06-04T14:08:00+08:00,"职位描述: 
1、已知风险水位压降：针对平台已知的风险能够建立有效的处置机制流程，及时处置相关风险，压降平台风险水位；
2、新增风险场景评估：能够针对新增潜在风险进行有效评估，协同行业治理同学及时对风险定性处置，保障新增风险能够被及时发现及时处置；
3、平台风控能力建设：能够从风险治理的全链路进行分析，如：规则覆盖率，模型召回率，内容质量把控准确率，资金空置率，售后赔付率等，及时发现平台在治理各个环节的漏洞，建立有效协同机制推动问题解决，提升平台风险全链路管控能力；
4、平台产品能力运营：具备经营意识，有较强的产品思维，能够及时发现平台工具产品中可优化的问题，及时协同产品算法团队，推进问题的解决，提升业务团队整体工作效率。

职位要求: 
1、基础能力：本科及以上学历，具备优良的学习能力与学习意识，积极乐观；
2、行业专业力：对电商业务场景（或商业化场景）熟悉，了解电商常见风险作恶作弊场景，针对消费者的反馈，能够及时定位商家／达人违规问题者优先；
3、数据分析力：具备较强的数据分析能力，能够及时发现分析数据中的问题；能够搭建业务指标体系，通过指标体系驱动业务；
4、协同沟通能力：能够进行换位思考，能够站在不同视角思考，有条理有逻辑的沟通表达能力，并且能够建立简洁高效的运营机制；
5、项目管理运营：能够独立负责项目，建立有效高效的协同机制，能够与协同方高效沟通，共识项目推进节奏进展，保障项目能够有效推进落地。","字节跳动成立于2012年3月，公司使命为“Inspire Creativity, Enrich Life（激发创造，丰富生活）”。公司业务覆盖150个国家和地区，拥有15万名员工。
字节跳动在全球推出了多款有影响力的产品，包括今日头条、抖音、西瓜视频、飞书、Lark、PICO、剪映、TikTok等。截至2021年6月，字节跳动旗下产品全球月活跃用户数超过19亿。"
unknown:1981489391,1981489391,unknown,电商风险运营（行业治理方向）-商业生态与安全,字节跳动,互联网,融资未公开,10000人以上,新城区,18-30k·15薪,3-5年,本科,,4月24日更新,招1人,,标题领域词=风险; 标题岗位词=运营; 公司标签=互联网,https://www.liepin.com/zpfengxianyunying/,https://www.liepin.com/zpfengxianyunying/,https://www.liepin.com/job/1981489391.shtml,2026-04-14T14:01:30+08:00,2026-06-04T14:08:00+08:00,"职位描述: 
1、已知风险水位压降：针对平台已知的风险能够建立有效的处置机制流程，及时处置相关风险，压降平台风险水位；
2、新增风险场景评估：能够针对新增潜在风险进行有效评估，协同行业治理同学及时对风险定性处置，保障新增风险能够被及时发现及时处置；
3、平台风控能力建设：能够从风险治理的全链路进行分析，如：规则覆盖率，模型召回率，内容质量把控准确率，资金空置率，售后赔付率等，及时发现平台在治理各个环节的漏洞，建立有效协同机制推动问题解决，提升平台风险全链路管控能力；
4、平台产品能力运营：具备经营意识，有较强的产品思维，能够及时发现平台工具产品中可优化的问题，及时协同产品算法团队，推进问题的解决，提升业务团队整体工作效率。

职位要求: 
1、基础能力：本科及以上学历，具备优良的学习能力与学习意识，积极乐观；
2、行业专业力：对电商业务场景（或商业化场景）熟悉，了解电商常见风险作恶作弊场景，针对消费者的反馈，能够及时定位商家／达人违规问题者优先；
3、数据分析力：具备较强的数据分析能力，能够及时发现分析数据中的问题；能够搭建业务指标体系，通过指标体系驱动业务；
4、协同沟通能力：能够进行换位思考，能够站在不同视角思考，有条理有逻辑的沟通表达能力，并且能够建立简洁高效的运营机制；
5、项目管理运营：能够独立负责项目，建立有效高效的协同机制，能够与协同方高效沟通，共识项目推进节奏进展，保障项目能够有效推进落地。","字节跳动成立于2012年3月，公司使命为“Inspire Creativity, Enrich Life（激发创造，丰富生活）”。公司业务覆盖150个国家和地区，拥有15万名员工。
字节跳动在全球推出了多款有影响力的产品，包括今日头条、抖音、西瓜视频、飞书、Lark、PICO、剪映、TikTok等。截至2021年6月，字节跳动旗下产品全球月活跃用户数超过19亿。"
unknown:1982716461,1982716461,unknown,电商风险运营（行业治理）,字节跳动,互联网,融资未公开,10000人以上,西安-民乐园,30-45k·15薪,3-5年,本科,,5月20日更新,招1人,,标题领域词=风险; 标题岗位词=运营; 公司标签=互联网,https://www.liepin.com/zpfengxianyunying/,https://www.liepin.com/zpfengxianyunying/,https://www.liepin.com/job/1982716461.shtml,2026-05-23T12:52:11+08:00,2026-06-04T14:08:00+08:00,"该岗位可Base郑州/西安/成都
岗位职责
1、已知风险水位压降：针对平台已知的风险能够建立有效的处置机制流程，及时处置相关风险，压降平台风险水位；
2、新增风险场景评估：能够针对新增潜在风险进行有效评估，协同行业治理同学及时对风险定性处置，保障新增风险能够被及时发现及时处置；
3、平台风控能力建设：能够从风险治理的全链路进行分析，如：规则覆盖率，模型召回率，内容质量把控准确率，资金空置率，售后赔付率等，及时发现平台在治理各个环节的漏洞，建立有效协同机制推动问题解决，提升平台风险全链路管控能力；
4、平台产品能力运营：具备经营意识，有较强的产品思维，能够及时发现平台工具产品中可优化的问题，及时协同产品算法团队，推进问题的解决，提升业务团队整体工作效率。

任职要求
1、基础能力：本科及以上学历，具备优良的学习能力与学习意识，积极乐观；
2、行业专业力：对电商业务场景（或商业化场景）熟悉，了解电商常见风险作恶作弊场景，针对消费者的反馈，能够及时定位商家／达人违规问题者优先；
3、数据分析力：具备较强的数据分析能力，能够及时发现分析数据中的问题；能够搭建业务指标体系，通过指标体系驱动业务；
4、协同沟通能力：能够进行换位思考，能够站在不同视角思考，有条理有逻辑的沟通表达能力，并且能够建立简洁高效的运营机制；
5、项目管理运营：能够独立负责项目，建立有效高效的协同机制，能够与协同方高效沟通，共识项目推进节奏进展，保障项目能够有效推进落地。","字节跳动成立于2012年3月，公司使命为“Inspire Creativity, Enrich Life（激发创造，丰富生活）”。公司业务覆盖150个国家和地区，拥有15万名员工。
字节跳动在全球推出了多款有影响力的产品，包括今日头条、抖音、西瓜视频、飞书、Lark、PICO、剪映、TikTok等。截至2021年6月，字节跳动旗下产品全球月活跃用户数超过19亿。"
unknown:1981818331,1981818331,unknown,番茄小说策略运营经理-内容安全,字节跳动,互联网,融资未公开,10000人以上,北京-大钟寺,25-50k·15薪,3-5年,本科,,4月16日更新,招1人,,标题领域词=内容安全; 标题岗位词=运营; 公司标签=互联网,https://www.liepin.com/zpneironganquan/,https://www.liepin.com/zpneironganquan/pn2/,https://www.liepin.com/job/1981818331.shtml,2026-04-22T12:20:27+08:00,2026-06-04T14:08:00+08:00,"职位描述
1、针对小说各场景的安全情况进行安全评估和把控；
2、深入了解互联网内容的安全问题和解决方案，与各业务部门沟通做好日常安全事务；
3、能够从内容层面对突发或重大事件进行提前预防和控制；
4、针对重大、突发风险事件进行盘点，梳理和归纳安全流程机制，提升安全工作全链路效率；
5、负责小说反抄袭反盗版治理，通过制定策略、改进产品功能等保障小说版权生态。
职位要求
1、本科及以上学历，有内容从业经验优先，具有安全/版权和内容策略运营经验优先；
2、逻辑性强，有一定的数据分析能力，能够通过数据分析确定问题，制定策略；
3、具备一定的机器学习和模型算法知识，有模型优化运营经验优先；
4、对版权保护或者内容安全和生态治理有热情，具备内容判断能力，能判断安全或侵权风险。","字节跳动成立于2012年3月，公司使命为“Inspire Creativity, Enrich Life（激发创造，丰富生活）”。公司业务覆盖150个国家和地区，拥有15万名员工。
字节跳动在全球推出了多款有影响力的产品，包括今日头条、抖音、西瓜视频、飞书、Lark、PICO、剪映、TikTok等。截至2021年6月，字节跳动旗下产品全球月活跃用户数超过19亿。"
unknown:1981315369,1981315369,unknown,番茄小说策略运营经理-内容安全,字节跳动,互联网,融资未公开,10000人以上,北京-大钟寺,15-25k,经验不限,本科,,3月27日更新,招1人,,标题领域词=内容安全; 标题岗位词=运营; 公司标签=互联网,https://www.liepin.com/zpneironganquan/,https://www.liepin.com/zpneironganquan/pn2/,https://www.liepin.com/job/1981315369.shtml,2026-04-14T14:01:30+08:00,2026-06-04T14:08:00+08:00,"职位描述
1、针对小说各场景的安全情况进行安全评估和把控；
2、深入了解互联网内容的安全问题和解决方案，与各业务部门沟通做好日常安全事务；
3、能够从内容层面对突发或重大事件进行提前预防和控制；
4、针对重大、突发风险事件进行盘点，梳理和归纳安全流程机制，提升安全工作全链路效率；
5、负责小说反抄袭反盗版治理，通过制定策略、改进产品功能等保障小说版权生态。
职位要求
1、本科及以上学历，有内容从业经验优先，具有安全/版权和内容策略运营经验优先；
2、逻辑性强，有一定的数据分析能力，能够通过数据分析确定问题，制定策略；
3、具备一定的机器学习和模型算法知识，有模型优化运营经验优先；
4、对版权保护或者内容安全和生态治理有热情，具备内容判断能力，能判断安全或侵权风险。","字节跳动成立于2012年3月，公司使命为“Inspire Creativity, Enrich Life（激发创造，丰富生活）”。公司业务覆盖150个国家和地区，拥有15万名员工。
字节跳动在全球推出了多款有影响力的产品，包括今日头条、抖音、西瓜视频、飞书、Lark、PICO、剪映、TikTok等。截至2021年6月，字节跳动旗下产品全球月活跃用户数超过19亿。"
unknown:1946300645,1946300645,unknown,直播安全策略运营-内容安全方向,字节跳动,互联网,融资未公开,10000人以上,北京-五道口,20-40k,5-10年,本科,团队氛围好 | 晋升空间大 | 带薪休假 | 扁平管理,90天前更新,招1人,团队氛围好 | 晋升空间大 | 带薪休假 | 扁平管理 | 用户过亿 | 大牛带队 | 免费三餐 | 弹性工作 | 租房补贴,标题领域词=内容安全; 标题岗位词=运营; 公司标签=互联网,https://www.liepin.com/zpneironganquan/,https://www.liepin.com/zpneironganquan/pn4/,https://www.liepin.com/job/1946300645.shtml,2026-04-14T14:01:30+08:00,2026-06-04T14:08:00+08:00,"工作职责：
1、基于公司直播业务海量的社区交互数据（弹幕、评论、头像、标题、昵称、动态、短视频、直播流、语音），针对分级主播、分级用户，建立内容安全防控策略体系；
2、对内容安全风险（涉政、涉黄、涉恐、涉赌等）有较好的防控治理经验，能把解决方案快速转化为线上实时的防控策略，在某几个风险域具备行业内专业级的防控和对抗理解；
3、通过用户反馈、主动分析、情报分析等方法优化现有策略，能够推动基础策略的迭代升级与智能化落地；
4、熟练掌握各类通用风控引擎（策略平台、指标中心、处置中心）的使用，具备策略包、策略树、策略分层等抽象能力搭建立体化的策略体系，同时具备产品sense，能够反补风控产品团队的功能迭代；
5、联合安全算法团队，共同为文本、图片、语音、流等风险识别模型的准召率负责。
任职要求：
1、 本科及以上学历，3年及以上工作经验，内容安全、反欺诈、反作弊等安全风控相关领域工作经验优先；
2、有人工智能相关领域（图像识别、人脸识别、语音识别、自然语言识别）从业经验者优先；
3、数据导向，能够从数据中找到产品问题与解决思路，能够从数据中发现客户问题与需求；
4、富有创业精神和团队精神，能够自我驱动，充满激情，并从工作中获得成就感。","字节跳动成立于2012年3月，公司使命为“Inspire Creativity, Enrich Life（激发创造，丰富生活）”。公司业务覆盖150个国家和地区，拥有15万名员工。
字节跳动在全球推出了多款有影响力的产品，包括今日头条、抖音、西瓜视频、飞书、Lark、PICO、剪映、TikTok等。截至2021年6月，字节跳动旗下产品全球月活跃用户数超过19亿。"
unknown:1982718267,1982718267,unknown,直播风险运营（应急处置）-CQC,字节跳动,互联网,融资未公开,10000人以上,北京-姚家园,20-40k·15薪,3-7年,本科,,5月20日更新,招4人,,标题领域词=风险; 标题岗位词=运营; 公司标签=互联网,https://www.liepin.com/zpfengxianyunying/,https://www.liepin.com/zpfengxianyunying/,https://www.liepin.com/job/1982718267.shtml,2026-05-23T12:52:11+08:00,2026-06-04T14:08:00+08:00,"职位描述
1、治理需求承接：承接直播治理中台、治理BP的治理需求，前置对齐双方协作目标、结果评价指标；过程中，协调内外部资源完成风险解析、特征挖掘、 链路摸排、治理跟进等闭环动作；
2、风险主动发现：对负责风险域的内外部生态和具体风险形式有深刻的理解，利用渠道内索材优势，主动挖掘、预警视野外风险、未知风险，并做好后续的治理跟进闭环；
3、内容治理交付支持：发挥专业力和治理资源调动能力，服务审核交付团队，对疑难场景做好特征挖掘探寮推进策路治理，降低人审难度、助力指标向好。","字节跳动成立于2012年3月，公司使命为“Inspire Creativity, Enrich Life（激发创造，丰富生活）”。公司业务覆盖150个国家和地区，拥有15万名员工。
字节跳动在全球推出了多款有影响力的产品，包括今日头条、抖音、西瓜视频、飞书、Lark、PICO、剪映、TikTok等。截至2021年6月，字节跳动旗下产品全球月活跃用户数超过19亿。"
unknown:1982819591,1982819591,unknown,营销风控策略运营专家-抖音电商,字节跳动,互联网,融资未公开,10000人以上,上海-江湾,25-50k·15薪,3-5年,本科,,5月25日更新,招1人,,标题领域词=风控; 标题岗位词=运营; 公司标签=互联网,https://www.liepin.com/zpfengkongyunying/,https://www.liepin.com/zpfengkongyunying/pn2/,https://www.liepin.com/job/1982819591.shtml,2026-06-03T14:16:53+08:00,2026-06-04T14:08:00+08:00,"1、负责抖音电商营销风控策略运营工作，主导每年618、双十一等大促活动百亿级资金风控保障；
2、针对负责的风险域能够定义风险问题，并构建指标体系对风险进行量化管理；
3、对电商主流风险（黄牛、薅羊毛、商家套补等）有一定了解，能够基于风险案例从多维度归纳出作弊手法，并制定有效策略；
4、基于业务特性风险，制定适配业务的有效风控方案，平衡业务发展与风险，保障相关业务线的整体健康度；
5、良好的跨团队协作能力，协同上下游业务、产品、算法等团队，整合资源推动项目落地。","字节跳动成立于2012年3月，公司使命为“Inspire Creativity, Enrich Life（激发创造，丰富生活）”。公司业务覆盖150个国家和地区，拥有15万名员工。
字节跳动在全球推出了多款有影响力的产品，包括今日头条、抖音、西瓜视频、飞书、Lark、PICO、剪映、TikTok等。截至2021年6月，字节跳动旗下产品全球月活跃用户数超过19亿。"
unknown:1980424161,1980424161,unknown,豆包大模型内容安全运营-火山方舟MaaS,字节跳动,互联网,融资未公开,10000人以上,北京-中关村,30-60k·15薪,3-5年,本科,,4月20日更新,招1人,,标题领域词=内容安全; 标题岗位词=运营; 公司标签=互联网,https://www.liepin.com/zpneironganquan/ | https://www.liepin.com/zpneironganquanyunying/,https://www.liepin.com/zpneironganquan/pn1/ | https://www.liepin.com/zpneironganquanyunying/pn4/,https://www.liepin.com/job/1980424161.shtml,2026-04-14T14:01:30+08:00,2026-06-04T14:08:00+08:00,"职位描述: 
团队介绍：火山方舟是火山引擎推出的一站式大模型服务平台，是中国大模型市场产品和份额领跑者。平台提供模型推理、评测、精调等全流程服务。方舟搭载了豆包及业界主流大模型，提供丰富的插件生态和AI应用开发服务，并通过稳定可靠的安全互信方案、专业的算法技术服务，全方位保障企业级AI应用落地。

1、整体负责豆包大模型业务内容安全策略，能够通过对业务场景的深度分析，打造符合火山方舟自己的国际化内容安全策略；
2、内部定模型准入标准，所有的模型符合这个内容安全的标准后才可以上线；
3、外部定沟通口径，负责销售/商务反馈的关于内容安全问询的应对、国际媒体的应对；
4、总结客户诉求，来对内部模型和模型外部策略提出要求，与安全产品、技术紧密协作，推进对应的产品或者方案落实；
5、持续发现与挖掘新增问题，并进行问题刻画，不断扩大策略覆盖面，搭建“风险发现→风险研判→风险刻画→标准执行”的完整运营流程机制；
6、了解各国的AIGC内容安全策略以及商业化策略，实时关注和解读国际各区域的政策从而保持产品的合规性。

职位要求: 
1、有人工智能或技术平台服务经验者优先，有比较强的客户服务意识；
2、熟悉用户研究和市场分析方法，能够运用数据分析工具进行用户行为分析；
3、出色的沟通技巧和人际交往能力，能够与用户和团队成员建立良好的关系；
4、具备项目管理能力，能够在快节奏的环境中有效管理多个项目；
5、对数据敏感，能够熟练使用数据分析工具，如Excel、SQL等；
6、具有创新思维和解决问题的能力，能够提出并实施新的运营策略，具有良好的团队合作精神和领导能力。","字节跳动成立于2012年3月，公司使命为“Inspire Creativity, Enrich Life（激发创造，丰富生活）”。公司业务覆盖150个国家和地区，拥有15万名员工。
字节跳动在全球推出了多款有影响力的产品，包括今日头条、抖音、西瓜视频、飞书、Lark、PICO、剪映、TikTok等。截至2021年6月，字节跳动旗下产品全球月活跃用户数超过19亿。"
unknown:1977420429,1977420429,unknown,金融风控运营-国际支付,字节跳动,互联网,融资未公开,10000人以上,朝阳区,30-50k·15薪,3-5年,本科,,5月8日更新,招1人,,标题领域词=风控; 标题岗位词=运营; 公司标签=互联网,https://www.liepin.com/zpfengkongyunying/,https://www.liepin.com/zpfengkongyunying/,https://www.liepin.com/job/1977420429.shtml,2026-04-14T14:01:30+08:00,2026-06-04T14:08:00+08:00,"职位描述: 
1、风险监测与处理：开展日常风险监测工作，针对各类风险点，如客户交易以识别欺诈活动，例如账户接管、欺诈和相关风险等进行分析与妥善处理，并生成可疑活动报告和风险管理报告；
2、协同策略优化：与策略团队紧密协同，参与风险指标建设，对于发现的漏放场景以及新型案件，及时反馈给策略团队，以实现风险兜底，有效缓释业务风险；
3、产品风控提升：协同产品团队，从产品功能层面出发，不断完善产品设计，提升产品的风险控制能力，提升系统产品能力，优化产品能力，协助提升人效；
4、流程优化与合规配合：协助完成团队内部其他与风险控制和运营管理相关的工作，根据业务发展需求，持续优化风控运营流程，管理BPO团队保质提效。

职位要求: 
1、本科及以上学历，英语可以作为工作语言；
2、3年以上传统金融，互联网金融行业风险控制的经验优先；
3、有跨部门协调沟通的能力，能和团队成员，管理层传达有效见解和建议；
4、以结果为导向，能适应在快节奏的环境中工作，要求有主动性和自驱力；
5、有好奇心，具备识别风险管理新方法的能力，并能创造性地思考问题；
6、有一定数据能力，逻辑能力强，有案件分析和策略经验优先。","字节跳动成立于2012年3月，公司使命为“Inspire Creativity, Enrich Life（激发创造，丰富生活）”。公司业务覆盖150个国家和地区，拥有15万名员工。
字节跳动在全球推出了多款有影响力的产品，包括今日头条、抖音、西瓜视频、飞书、Lark、PICO、剪映、TikTok等。截至2021年6月，字节跳动旗下产品全球月活跃用户数超过19亿。"
unknown:1982830411,1982830411,unknown,风险商家达人治理策略运营专家-抖音电商,字节跳动,互联网,融资未公开,10000人以上,海淀区,25-60k·15薪,3-5年,本科,,5月25日更新,招1人,,标题领域词=风险; 标题岗位词=运营; 公司标签=互联网,https://www.liepin.com/zpfengxianyunying/,https://www.liepin.com/zpfengxianyunying/pn1/,https://www.liepin.com/job/1982830411.shtml,2026-06-03T14:16:53+08:00,2026-06-04T14:08:00+08:00,"职位描述: 
1、基于用户体验升级与公司战略方向，负责大服饰赛道风险防控全流程体系建设，确保风险及时感知、阻断、高效攻防；为用户消费体验提供综合解决方案；
2、围绕治理目标，建立良好的沟通协同机制，联动产品、算法、售后等协同团队，主导治理策略落地与过程管理，及时识别风险主动干预，保障策略高效落地；
3、能够敏锐地发现业务问题与潜在机会点，并进行体系化梳理，以产品化、智能化的方式推进落地，为业务提效；
4、常态化监控策略效果，反哺策略优化；基于风险动态变化，快速落地专项治理与应急处置，沉淀方法论，推进风险治理长效化、精细化运营。

职位要求: 
1、本科及以上学历，内容安全、治理策略、风控策略运营经验者优先；
2、逻辑清晰，善于梳理复杂问题并快速拆解，具备智能化驱动业务提效意识；
3、具备良好的项目管理能力，沟通协同能力强，目标感突出，能0-1推进项目落地，对结果负责。","字节跳动成立于2012年3月，公司使命为“Inspire Creativity, Enrich Life（激发创造，丰富生活）”。公司业务覆盖150个国家和地区，拥有15万名员工。
字节跳动在全球推出了多款有影响力的产品，包括今日头条、抖音、西瓜视频、飞书、Lark、PICO、剪映、TikTok等。截至2021年6月，字节跳动旗下产品全球月活跃用户数超过19亿。"
unknown:1982872945,1982872945,unknown,风险商达治理策略运营专家-抖音电商（北/上）,字节跳动,互联网,融资未公开,10000人以上,上海-江湾,25-55k·15薪,3-5年,本科,,5月26日更新,招1人,,标题领域词=风险; 标题岗位词=运营; 公司标签=互联网,https://www.liepin.com/zpfengxianyunying/,https://www.liepin.com/zpfengxianyunying/pn1/,https://www.liepin.com/job/1982872945.shtml,2026-06-03T14:16:53+08:00,2026-06-04T14:08:00+08:00,"职位描述
1、基于用户体验升级与公司战略方向，负责大服饰赛道风险防控全流程体系建设，确保风险及时感知、阻断、高效攻防；为用户消费体验提供综合解决方案；
2、围绕治理目标，建立良好的沟通协同机制，联动产品、算法、售后等协同团队，主导治理策略落地与过程管理，及时识别风险主动干预，保障策略高效落地；
3、能够敏锐的发现业务问题与潜在机会点，并进行体系化梳理，以产品化智能化的方式推进落地，为业务提效；
4、常态化监控策略效果，反哺策略优化；基于风险动态变化，快速落地专项治理与应急处置，沉淀方法论，推进风险治理长效化、精细化运营。
职位要求
1、本科及以上学历，互联网/电商平台内容安全、治理策略、风控策略运营经验者优先；
2、逻辑清晰，善于梳理复杂问题并快速拆解，具备智能化驱动业务提效意识；
3、具备良好的项目管理能力，沟通协同能力强，目标感及抗压能力突出，能0-1推进项目落地，对结果负责。","字节跳动成立于2012年3月，公司使命为“Inspire Creativity, Enrich Life（激发创造，丰富生活）”。公司业务覆盖150个国家和地区，拥有15万名员工。
字节跳动在全球推出了多款有影响力的产品，包括今日头条、抖音、西瓜视频、飞书、Lark、PICO、剪映、TikTok等。截至2021年6月，字节跳动旗下产品全球月活跃用户数超过19亿。"
unknown:1981783047,1981783047,unknown,风险感知策略运营专家-抖音生活服务,字节跳动,互联网,融资未公开,10000人以上,北京-大钟寺,30-60k·15薪,3-5年,本科,,5月28日更新,招1人,,标题领域词=风险; 标题岗位词=运营; 公司标签=互联网,https://www.liepin.com/zpfengxianyunying/,https://www.liepin.com/zpfengxianyunying/pn1/,https://www.liepin.com/job/1981783047.shtml,2026-04-23T12:23:32+08:00,2026-06-04T14:08:00+08:00,"职位描述
1、负责生活服务治理场景风险感知体系的搭建与优化，建立风险发现、定级及流转机制，监控问题解决效率；
2、深入分析本地生活业务场景中的各类风险（商家商品、内容治理、风控安全等），制定针对性的感知策略，确保未知风险/已知风险漏放提前感知；
3、输出高质量的负责风险场景风险感知研判报告，为业务决策提供数据支持和建议；
4、通过数据驱动的方式，持续监控风险指标，能够梳理及提炼感知风险疏漏点，发现不同风险场景下的潜在风险点，并推动治理业务、产品、技术团队等落地解决方案，确保风险解决。
职位要求
1、本科及以上学历，3年以上互联网风控/安全运营经验，熟悉互联网常见风险类型，对治理业务链路及治理策略有一定的了解，对本地生活业务治理或风控策略经验者优先（外卖、到店、酒旅、社区团购等领域）；
2、优秀的数据分析能力，精通SQL、Python等数据分析工具，能够独立完成复杂的数据挖掘和分析，数据及风险策略敏感度高，能够通过数据异动发现风险规律或问题；
3、有成熟的风险感知体系建设或运营经验，横向沟通协调能力佳，能够推动跨部门解决风险问题，适应较快节奏工作环境。","字节跳动成立于2012年3月，公司使命为“Inspire Creativity, Enrich Life（激发创造，丰富生活）”。公司业务覆盖150个国家和地区，拥有15万名员工。
字节跳动在全球推出了多款有影响力的产品，包括今日头条、抖音、西瓜视频、飞书、Lark、PICO、剪映、TikTok等。截至2021年6月，字节跳动旗下产品全球月活跃用户数超过19亿。"
unknown:1981436205,1981436205,unknown,风险感知策略运营专家-抖音生活服务,字节跳动,互联网,融资未公开,10000人以上,徐汇区,30-60k·15薪,3-5年,本科,,5月28日更新,招1人,,标题领域词=风险; 标题岗位词=运营; 公司标签=互联网,https://www.liepin.com/zpfengxianyunying/,https://www.liepin.com/zpfengxianyunying/pn1/,https://www.liepin.com/job/1981436205.shtml,2026-04-14T14:01:30+08:00,2026-06-04T14:08:00+08:00,"职位描述
1、负责生活服务治理场景风险感知体系的搭建与优化，建立风险发现、定级及流转机制，监控问题解决效率；
2、深入分析本地生活业务场景中的各类风险（商家商品、内容治理、风控安全等），制定针对性的感知策略，确保未知风险/已知风险漏放提前感知；
3、输出高质量的负责风险场景风险感知研判报告，为业务决策提供数据支持和建议；
4、通过数据驱动的方式，持续监控风险指标，能够梳理及提炼感知风险疏漏点，发现不同风险场景下的潜在风险点，并推动治理业务、产品、技术团队等落地解决方案，确保风险解决。
职位要求
1、本科及以上学历，3年以上互联网风控/安全运营经验，熟悉互联网常见风险类型，对治理业务链路及治理策略有一定的了解，对本地生活业务治理或风控策略经验者优先（外卖、到店、酒旅、社区团购等领域）；
2、优秀的数据分析能力，精通SQL、Python等数据分析工具，能够独立完成复杂的数据挖掘和分析，数据及风险策略敏感度高，能够通过数据异动发现风险规律或问题；
3、有成熟的风险感知体系建设或运营经验，横向沟通协调能力佳，能够推动跨部门解决风险问题，适应较快节奏工作环境。","字节跳动成立于2012年3月，公司使命为“Inspire Creativity, Enrich Life（激发创造，丰富生活）”。公司业务覆盖150个国家和地区，拥有15万名员工。
字节跳动在全球推出了多款有影响力的产品，包括今日头条、抖音、西瓜视频、飞书、Lark、PICO、剪映、TikTok等。截至2021年6月，字节跳动旗下产品全球月活跃用户数超过19亿。"
unknown:1975056245,1975056245,unknown,风险感知策略运营专家-抖音电商,字节跳动,互联网,融资未公开,10000人以上,杨浦区,30-50k·15薪,5-10年,本科,,5月13日更新,招1人,,标题领域词=风险; 标题岗位词=运营; 公司标签=互联网,https://www.liepin.com/zpfengxianyunying/,https://www.liepin.com/zpfengxianyunying/pn3/,https://www.liepin.com/job/1975056245.shtml,2026-04-14T14:01:30+08:00,2026-06-04T14:08:00+08:00,"职位描述: 
1、深入理解电商业务风险，负责风险发现及标准制定；
2、建立风险发现机制，通过定性、定量等方法对电商风险进行研判，制定和维护各类风险标准；
3、对接行业、治理、体验等部门，建立风险处置机制与信任关系，持续解决风险问题并迭代效果。

职位要求: 
1、具备敏锐的逻辑推断和分析能力；
2、熟悉电商风险管控规则，具有内容治理、行业治理经验优先；
3、具有良好的逻辑性、沟通表达能力，责任心强，主动自驱，能够快速接受信息并主动探索和解决问题。","字节跳动成立于2012年3月，公司使命为“Inspire Creativity, Enrich Life（激发创造，丰富生活）”。公司业务覆盖150个国家和地区，拥有15万名员工。
字节跳动在全球推出了多款有影响力的产品，包括今日头条、抖音、西瓜视频、飞书、Lark、PICO、剪映、TikTok等。截至2021年6月，字节跳动旗下产品全球月活跃用户数超过19亿。"
unknown:1977307071,1977307071,unknown,风险服务运营专家-抖音电商,字节跳动,互联网,融资未公开,10000人以上,北京-牡丹园,25-65k·15薪,3-5年,本科,,5月13日更新,招1人,,标题领域词=风险; 标题岗位词=运营; 公司标签=互联网,https://www.liepin.com/zpfengxianyunying/,https://www.liepin.com/zpfengxianyunying/pn3/,https://www.liepin.com/job/1977307071.shtml,2026-04-14T14:01:30+08:00,2026-06-04T14:08:00+08:00,"职位描述: 
1、服务风险策略制定：深入了解字节跳动电商业务模式，挖掘各业务客服场景的风险行为和风险特征，构建风险前置识别干预机制，机制包含风险识别，分层，流转、预警等标准；
2、服务风险策略运营：在平台服务侧持续监测风险态势，及时预警各个部分的策略、规则落地执行过程及结果达成的风险，归集同类风险并复盘分析，制定有效的风险解决方案，推进方案落地并持续优化；
3、服务风险产品落地：依据风险识别，分层，预警策略设计产品方案，推动各类风险模型和预警干预的产品能力落地应用，持续跟踪产品应用效果，提出优化建议和改进方案。

职位要求: 
1、1年以上运营经验，有客户投诉及风险相关行业、产品运营经历、数据处理分析能力的经验优先；
2、对风险理解较深，对行业保持关注和洞见，能够敏锐的把握政策及风险的动态变化；
3、熟悉风险业务管理及流程，具备与产品研发技术团队沟通协调的能力；
4、优秀的逻辑思维能力与数据敏感性，思路开阔，有创新的想法，能持续学习。","字节跳动成立于2012年3月，公司使命为“Inspire Creativity, Enrich Life（激发创造，丰富生活）”。公司业务覆盖150个国家和地区，拥有15万名员工。
字节跳动在全球推出了多款有影响力的产品，包括今日头条、抖音、西瓜视频、飞书、Lark、PICO、剪映、TikTok等。截至2021年6月，字节跳动旗下产品全球月活跃用户数超过19亿。"
unknown:1977307015,1977307015,unknown,风险服务运营专家-抖音电商,字节跳动,互联网,融资未公开,10000人以上,杨浦区,25-65k·15薪,3-5年,本科,,5月13日更新,招1人,,标题领域词=风险; 标题岗位词=运营; 公司标签=互联网,https://www.liepin.com/zpfengxianyunying/,https://www.liepin.com/zpfengxianyunying/pn3/,https://www.liepin.com/job/1977307015.shtml,2026-04-14T14:01:30+08:00,2026-06-04T14:08:00+08:00,"职位描述: 
1、服务风险策略制定：深入了解字节跳动电商业务模式，挖掘各业务客服场景的风险行为和风险特征，构建风险前置识别干预机制，机制包含风险识别，分层，流转、预警等标准；
2、服务风险策略运营：在平台服务侧持续监测风险态势，及时预警各个部分的策略、规则落地执行过程及结果达成的风险，归集同类风险并复盘分析，制定有效的风险解决方案，推进方案落地并持续优化；
3、服务风险产品落地：依据风险识别，分层，预警策略设计产品方案，推动各类风险模型和预警干预的产品能力落地应用，持续跟踪产品应用效果，提出优化建议和改进方案。

职位要求: 
1、1年以上运营经验，有客户投诉及风险相关行业、产品运营经历、数据处理分析能力的经验优先；
2、对风险理解较深，对行业保持关注和洞见，能够敏锐的把握政策及风险的动态变化；
3、熟悉风险业务管理及流程，具备与产品研发技术团队沟通协调的能力；
4、优秀的逻辑思维能力与数据敏感性，思路开阔，有创新的想法，能持续学习。","字节跳动成立于2012年3月，公司使命为“Inspire Creativity, Enrich Life（激发创造，丰富生活）”。公司业务覆盖150个国家和地区，拥有15万名员工。
字节跳动在全球推出了多款有影响力的产品，包括今日头条、抖音、西瓜视频、飞书、Lark、PICO、剪映、TikTok等。截至2021年6月，字节跳动旗下产品全球月活跃用户数超过19亿。"
unknown:1973404813,1973404813,unknown,风险策略运营-CQC,字节跳动,互联网,融资未公开,10000人以上,朝阳区,25-40k·15薪,3-5年,本科,,5月14日更新,招1人,,标题领域词=风险; 标题岗位词=运营; 公司标签=互联网,https://www.liepin.com/zpfengxianyunying/,https://www.liepin.com/zpfengxianyunying/pn3/,https://www.liepin.com/job/1973404813.shtml,2026-05-23T12:52:11+08:00,2026-06-04T14:08:00+08:00,"职位描述: 
1、负责跟业务线对齐现有风险的治理目标；
2、跟进安全策略的执行情况，善于通过数据发现问题，溯源问题本质，与相关团队共同制定解决方案并推进方案落地生效；
3、建立完善的机审与人审问题分析机制，找出业务线薄弱环节，提升风险处置能力。

职位要求: 
1、本科及以上学历，2年及以上运营经验，熟悉安全策略优先；
2、逻辑思维能力强，能对复杂问题进行系统性拆解、分析、解决；
3、执行力强，能有效推动项目进展，具有良好的沟通协作和统筹能力；
4、掌握数据分析、大模型任一技能者优先。","字节跳动成立于2012年3月，公司使命为“Inspire Creativity, Enrich Life（激发创造，丰富生活）”。公司业务覆盖150个国家和地区，拥有15万名员工。
字节跳动在全球推出了多款有影响力的产品，包括今日头条、抖音、西瓜视频、飞书、Lark、PICO、剪映、TikTok等。截至2021年6月，字节跳动旗下产品全球月活跃用户数超过19亿。"
unknown:1982327983,1982327983,unknown,风险线索挖掘运营,字节跳动,互联网,融资未公开,10000人以上,北京-慈云寺,25-50k·15薪,3年以上,本科,,5月27日更新,招1人,,标题领域词=风险; 标题岗位词=运营; 公司标签=互联网,https://www.liepin.com/zpfengxianyunying/,https://www.liepin.com/zpfengxianyunying/pn1/,https://www.liepin.com/job/1982327983.shtml,2026-05-13T12:58:56+08:00,2026-06-04T14:08:00+08:00,"职位描述
1、充分理解业务安全风险，建立业务风险监控体系，对业务及安全专项风险进行系统性分析、风险定位以及策略制定；
2、组织应对业务及安全专项工作，充分了解和应用内外部团队能力、推动团队相关风险挖掘能力的落地及发现能力提升，实现安全风险的有效及时发现并推进业务治理落地及风险解决效果跟进；
3、衔接业务安全需求及内部协作，平衡内外部压力，提升运营效率。
职位要求
1、本科及以上学历，3年及以上互联网安全风控经验，有平台治理、内容安全风控经验优先；
2、具备数据处理及统计分析能力，有风控相关体系建立、制定策略方案和推动方案落地经验优先；
3、具备一定项目管理能力，擅长跨团队沟通及复杂场景协作，具备良好的责任心及自驱力。","字节跳动成立于2012年3月，公司使命为“Inspire Creativity, Enrich Life（激发创造，丰富生活）”。公司业务覆盖150个国家和地区，拥有15万名员工。
字节跳动在全球推出了多款有影响力的产品，包括今日头条、抖音、西瓜视频、飞书、Lark、PICO、剪映、TikTok等。截至2021年6月，字节跳动旗下产品全球月活跃用户数超过19亿。"
unknown:1982552375,1982552375,unknown,风险线索挖掘运营-CQC,字节跳动,互联网,融资未公开,10000人以上,北京-慈云寺,25-50k,3-5年,本科,,5月26日更新,招1人,,标题领域词=风险; 标题岗位词=运营; 公司标签=互联网,https://www.liepin.com/zpfengxianyunying/,https://www.liepin.com/zpfengxianyunying/pn1/,https://www.liepin.com/job/1982552375.shtml,2026-05-23T12:52:11+08:00,2026-06-04T14:08:00+08:00,"职位描述
1、充分理解业务安全风险，建立业务风险监控体系，对业务及安全专项风险进行系统性分析、风险定位以及策略制定；
2、组织应对业务及安全专项工作，充分了解和应用内外部团队能力、推动团队相关风险挖掘能力的落地及发现能力提升，实现安全风险的有效及时发现并推进业务治理落地及风险解决效果跟进；
3、衔接业务安全需求及内部协作，平衡内外部压力，提升运营效率。
职位要求
1、本科及以上学历，3年及以上互联网安全风控经验，有平台治理、内容安全风控经验优先；
2、具备数据处理及统计分析能力，有风控相关体系建立、制定策略方案和推动方案落地经验优先；
3、具备一定项目管理能力，擅长跨团队沟通及复杂场景协作，具备良好的责任心及自驱力。","字节跳动成立于2012年3月，公司使命为“Inspire Creativity, Enrich Life（激发创造，丰富生活）”。公司业务覆盖150个国家和地区，拥有15万名员工。
字节跳动在全球推出了多款有影响力的产品，包括今日头条、抖音、西瓜视频、飞书、Lark、PICO、剪映、TikTok等。截至2021年6月，字节跳动旗下产品全球月活跃用户数超过19亿。"
unknown:1982719679,1982719679,unknown,风险线索挖掘运营-CQC,字节跳动,互联网,融资未公开,10000人以上,北京-大钟寺,25-45k,3-5年,本科,六险一金 | 带薪休假 | 免费三餐 | 房租补贴,5月20日更新,招2人,六险一金 | 带薪休假 | 免费三餐 | 房租补贴,标题领域词=风险; 标题岗位词=运营; 公司标签=互联网,https://www.liepin.com/zpfengxianyunying/,https://www.liepin.com/zpfengxianyunying/pn3/,https://www.liepin.com/job/1982719679.shtml,2026-05-23T12:52:11+08:00,2026-06-04T14:08:00+08:00,"1、充分理解业务安全风险，建立业务风险监控体系，对业务及安全专项风险进行系统性分析、风险定位以及策略制定；
2、组织应对业务及安全专项工作，充分了解和应用内外部团队能力、推动团队相关风险挖掘能力的落地及发现能力提升，实现安全风险的有效及时发现并推进业务治理落地及风险解决效果跟进；
3、衔接业务安全需求及内部协作，平衡内外部压力，提升运营效率。","字节跳动成立于2012年3月，公司使命为“Inspire Creativity, Enrich Life（激发创造，丰富生活）”。公司业务覆盖150个国家和地区，拥有15万名员工。
字节跳动在全球推出了多款有影响力的产品，包括今日头条、抖音、西瓜视频、飞书、Lark、PICO、剪映、TikTok等。截至2021年6月，字节跳动旗下产品全球月活跃用户数超过19亿。"
unknown:1976120531,1976120531,unknown,风险运营,字节跳动,互联网,融资未公开,10000人以上,北京-慈云寺,20-40k·15薪,3-5年,本科,五险一金 | 年终奖金 | 绩效奖金 | 带薪年假,今日更新,招1人,五险一金 | 年终奖金 | 绩效奖金 | 带薪年假 | 节日礼物 | 餐费补贴 | 住房补贴 | 交通补助 | 发展空间大 | 公司规模大,标题领域词=风险; 标题岗位词=运营; 公司标签=互联网,https://www.liepin.com/zpfengxianyunying/,https://www.liepin.com/zpfengxianyunying/,https://www.liepin.com/job/1976120531.shtml,2026-04-14T14:01:30+08:00,2026-06-04T14:08:00+08:00,"职位描述
1、协同进行风险指标建设，持续监测风险水位的同时对于规则变化，针对漏放场景进行风险兜底和反哺，促进风险指标持续降低；
2、运用各种机器&算法策略，搭建巡检能力为存量风险的识别能力负责，平衡召回目标和审核ROI不断提升召回能力，对大盘风险水位下降和机审覆盖率的提升负责；
3、通过产品运营职能建设内容风控相关产品工具，提升效率，降低成本；
4、负责基地对接、细则下沉协作、工具共建、队列建设等工作，保证协作效率和交付质量。
职位要求
1、本科及以上学历；
2、具备内容治理相关策略、规则、产品、交付管理相关经验优先；
3、具备良好的沟通表达能力，对于陌生领域有快速的学习能力；
4、有韧性，能对短期波动保持耐心。","字节跳动成立于2012年3月，公司使命为“Inspire Creativity, Enrich Life（激发创造，丰富生活）”。公司业务覆盖150个国家和地区，拥有15万名员工。
字节跳动在全球推出了多款有影响力的产品，包括今日头条、抖音、西瓜视频、飞书、Lark、PICO、剪映、TikTok等。截至2021年6月，字节跳动旗下产品全球月活跃用户数超过19亿。"
unknown:1971396303,1971396303,unknown,风险运营,字节跳动,互联网,融资未公开,10000人以上,碑林区,15-30k·15薪,经验不限,本科,,90天前更新,招1人,,标题领域词=风险; 标题岗位词=运营; 公司标签=互联网,https://www.liepin.com/zpfengxianyunying/,https://www.liepin.com/zpfengxianyunying/pn1/,https://www.liepin.com/job/1971396303.shtml,2026-04-14T14:01:30+08:00,2026-06-04T14:08:00+08:00,"职位描述: 
1、风险定位：通过抽样数据复盘及各内外部反馈及信息，对广告风险进行探查并聚类链路归因定位；
2、风险挖掘治理运营：对广告各类的风险特征进行控掘分析，与风控联动开展风险专项治理控制广告投放风险；
3、风险专项运营优化：对现有风控策略与结果，进行摸底、分析、优化、验证等全链路优化运营，确保风险可控性；
4、投放生态治理运营：通过对广告主恶意行为进行分析与处罚，为客户投放收生态提供保障。

职位要求: 
1、本科及以上学历，有项目管理经验，能独立总结输出项目分析评估与建立解决方案者优先；
2、了解风险链路逻辑，具备良好的风险与问题自主挖掘意识，能及时响应应急风险；
3、有一定的数据敏感性，具备较强的数据分析和复盘总结能力，善于系统性解决问题；
4、具备优秀的沟通协调能力，能够高效地沟通推进项目落地；
5、较强的自主学习能力与强自驱力，有同理心、责任感和团队合作精神。","字节跳动成立于2012年3月，公司使命为“Inspire Creativity, Enrich Life（激发创造，丰富生活）”。公司业务覆盖150个国家和地区，拥有15万名员工。
字节跳动在全球推出了多款有影响力的产品，包括今日头条、抖音、西瓜视频、飞书、Lark、PICO、剪映、TikTok等。截至2021年6月，字节跳动旗下产品全球月活跃用户数超过19亿。"
unknown:1971396283,1971396283,unknown,风险运营,字节跳动,互联网,融资未公开,10000人以上,庐阳区,15-30k·15薪,经验不限,本科,,90天前更新,招1人,,标题领域词=风险; 标题岗位词=运营; 公司标签=互联网,https://www.liepin.com/zpfengxianyunying/,https://www.liepin.com/zpfengxianyunying/pn1/,https://www.liepin.com/job/1971396283.shtml,2026-04-14T14:01:30+08:00,2026-06-04T14:08:00+08:00,"职位描述: 
1、风险定位：通过抽样数据复盘及各内外部反馈及信息，对广告风险进行探查并聚类链路归因定位；
2、风险挖掘治理运营：对广告各类的风险特征进行控掘分析，与风控联动开展风险专项治理控制广告投放风险；
3、风险专项运营优化：对现有风控策略与结果，进行摸底、分析、优化、验证等全链路优化运营，确保风险可控性；
4、投放生态治理运营：通过对广告主恶意行为进行分析与处罚，为客户投放收生态提供保障。

职位要求: 
1、本科及以上学历，有项目管理经验，能独立总结输出项目分析评估与建立解决方案者优先；
2、了解风险链路逻辑，具备良好的风险与问题自主挖掘意识，能及时响应应急风险；
3、有一定的数据敏感性，具备较强的数据分析和复盘总结能力，善于系统性解决问题；
4、具备优秀的沟通协调能力，能够高效地沟通推进项目落地；
5、较强的自主学习能力与强自驱力，有同理心、责任感和团队合作精神。","字节跳动成立于2012年3月，公司使命为“Inspire Creativity, Enrich Life（激发创造，丰富生活）”。公司业务覆盖150个国家和地区，拥有15万名员工。
字节跳动在全球推出了多款有影响力的产品，包括今日头条、抖音、西瓜视频、飞书、Lark、PICO、剪映、TikTok等。截至2021年6月，字节跳动旗下产品全球月活跃用户数超过19亿。"
unknown:1971355773,1971355773,unknown,风险运营,字节跳动,互联网,融资未公开,10000人以上,锦江区,15-30k·15薪,经验不限,本科,,90天前更新,招1人,,标题领域词=风险; 标题岗位词=运营; 公司标签=互联网,https://www.liepin.com/zpfengxianyunying/,https://www.liepin.com/zpfengxianyunying/pn1/,https://www.liepin.com/job/1971355773.shtml,2026-04-14T14:01:30+08:00,2026-06-04T14:08:00+08:00,"职位描述: 
1、风险定位：通过抽样数据复盘及各内外部反馈及信息，对广告风险进行探查并聚类链路归因定位；
2、风险挖掘治理运营：对广告各类的风险特征进行控掘分析，与风控联动开展风险专项治理控制广告投放风险；
3、风险专项运营优化：对现有风控策略与结果，进行摸底、分析、优化、验证等全链路优化运营，确保风险可控性；
4、投放生态治理运营：通过对广告主恶意行为进行分析与处罚，为客户投放收生态提供保障。

职位要求: 
1、本科及以上学历，有项目管理经验，能独立总结输出项目分析评估与建立解决方案者优先；
2、了解风险链路逻辑，具备良好的风险与问题自主挖掘意识，能及时响应应急风险；
3、有一定的数据敏感性，具备较强的数据分析和复盘总结能力，善于系统性解决问题；
4、具备优秀的沟通协调能力，能够高效地沟通推进项目落地；
5、较强的自主学习能力与强自驱力，有同理心、责任感和团队合作精神。","字节跳动成立于2012年3月，公司使命为“Inspire Creativity, Enrich Life（激发创造，丰富生活）”。公司业务覆盖150个国家和地区，拥有15万名员工。
字节跳动在全球推出了多款有影响力的产品，包括今日头条、抖音、西瓜视频、飞书、Lark、PICO、剪映、TikTok等。截至2021年6月，字节跳动旗下产品全球月活跃用户数超过19亿。"
unknown:1982147703,1982147703,unknown,风险运营-商业生态与安全,字节跳动,互联网,融资未公开,10000人以上,北京-大钟寺,20-30k·15薪,3-5年,本科,五险一金 | 股票期权 | 年终奖金 | 住房补贴,5月12日更新,招3人,五险一金 | 股票期权 | 年终奖金 | 住房补贴 | 带薪年假,标题领域词=风险; 标题岗位词=运营; 公司标签=互联网,https://www.liepin.com/zpfengxianyunying/,https://www.liepin.com/zpfengxianyunying/,https://www.liepin.com/job/1982147703.shtml,2026-05-03T12:50:12+08:00,2026-06-04T14:08:00+08:00,"职位描述
1、协同进行风险指标建设、持续监测风险水位的同时对于规则变化、漏放场景进行风险兜底和反哺，全年风险指标持续降低；
2、内容治理策略：运用各种机器&算法策略，搭建巡检能力为存量风险的识别能力负责，平衡召回目标，对大盘风险水位下降和机审覆盖率的提升负责；
3、人员提效：通过产品运营职能建设内容风控相关产品工具，提升效率，降低成本；
4、交付协作：负责基地对接、细则下沉协作、工具共建、队列建设，保证协作效率和交付质量。
职位要求
1、本科及以上学历；
2、具备内容治理相关策略、规则、产品、交付管理相关经验优先；
3、具备良好的沟通表达能力，对于陌生领域有快速的学习能力；
4、有韧性，能对短期波动保持耐心。","字节跳动成立于2012年3月，公司使命为“Inspire Creativity, Enrich Life（激发创造，丰富生活）”。公司业务覆盖150个国家和地区，拥有15万名员工。
字节跳动在全球推出了多款有影响力的产品，包括今日头条、抖音、西瓜视频、飞书、Lark、PICO、剪映、TikTok等。截至2021年6月，字节跳动旗下产品全球月活跃用户数超过19亿。"
unknown:1976065441,1976065441,unknown,风险运营-商业生态与安全,字节跳动,互联网,融资未公开,10000人以上,朝阳区,20-40k·15薪,5-10年,本科,,4月24日更新,招1人,,标题领域词=风险; 标题岗位词=运营; 公司标签=互联网,https://www.liepin.com/zpfengxianyunying/,https://www.liepin.com/zpfengxianyunying/,https://www.liepin.com/job/1976065441.shtml,2026-04-14T14:01:30+08:00,2026-06-04T14:08:00+08:00,"职位描述: 
1、协同进行风险指标建设、持续监测风险水平的同时对于规则变化、人审漏放、机审漏放等场景进行风险兜底和反馈，全年风险指标持续降低；
2、治理策略：运用各种机器&算法策略，搭建巡检能力为存量风险的识别能力负责，不断提升召回能力，对大盘风险水平下降和机审覆盖率的提升负责；
3、人员提效：通过产品运营职能建设治理产品工具，提升风控效率，降低人工成本；
4、交付协作：负责群组人力对接、细则下沉协作、工具共建、队列建设，保证协作效率和交付质量。

职位要求: 
1、本科及以上学历，具备内容治理策略、内容风控策略、内容风控规则、交付管理的相关经验优先；
2、精通策略数据分析，通过数据分析/挖掘的方式定位到策略核心问题，有过从0到1搭建内容安全策略体系的经验；
3、具备良好的项目运营、项目管理能力，良好的协同能力；
4、具备良好的沟通表达能力、逻辑思维能力、学习能力，具备高效的工作节奏适应能力。","字节跳动成立于2012年3月，公司使命为“Inspire Creativity, Enrich Life（激发创造，丰富生活）”。公司业务覆盖150个国家和地区，拥有15万名员工。
字节跳动在全球推出了多款有影响力的产品，包括今日头条、抖音、西瓜视频、飞书、Lark、PICO、剪映、TikTok等。截至2021年6月，字节跳动旗下产品全球月活跃用户数超过19亿。"
unknown:1974676095,1974676095,unknown,风险运营-商业生态与安全,字节跳动,互联网,融资未公开,10000人以上,西安-民乐园,13-25k·15薪,5-10年,本科,,4月24日更新,招1人,,标题领域词=风险; 标题岗位词=运营; 公司标签=互联网,https://www.liepin.com/zpfengxianyunying/,https://www.liepin.com/zpfengxianyunying/,https://www.liepin.com/job/1974676095.shtml,2026-04-14T14:01:30+08:00,2026-06-04T14:08:00+08:00,"职位描述: 
1、协同进行风险指标建设，持续监测风险水平，同时对规则变化、人工及机器内容质量把控漏放等场景进行风险兜底和反馈，确保全年风险指标持续降低；
2、治理策略：运用机器及算法策略搭建巡检能力，负责存量风险识别，不断提升召回能力，推动大盘风险水位下降和机器内容质量把控覆盖率提升；
3、人员提效：通过产品运营职能建设治理产品工具，提升风控效率，降低人工成本；
4、交付协作：负责群组人力对接、细则下沉协作、工具共建及队列建设，保证协作效率和交付质量。

职位要求: 
1、本科及以上学历，具备内容治理策略、内容风控策略、内容风控规则、交付管理的相关经验优先；
2、精通策略数据分析，通过数据分析/挖掘的方式定位到策略核心问题，有过从0到1搭建内容安全策略体系的经验；
3、具备良好的项目运营、项目管理能力，良好的协同能力；
4、具备良好的沟通表达能力、逻辑思维能力、学习能力，能适应快速节奏工作。","字节跳动成立于2012年3月，公司使命为“Inspire Creativity, Enrich Life（激发创造，丰富生活）”。公司业务覆盖150个国家和地区，拥有15万名员工。
字节跳动在全球推出了多款有影响力的产品，包括今日头条、抖音、西瓜视频、飞书、Lark、PICO、剪映、TikTok等。截至2021年6月，字节跳动旗下产品全球月活跃用户数超过19亿。"
unknown:1981595557,1981595557,unknown,风险运营-商业生态与安全,字节跳动,互联网,融资未公开,10000人以上,西安-民乐园,13-25k,3-5年,本科,,4月8日更新,招2人,,标题领域词=风险; 标题岗位词=运营; 公司标签=互联网,https://www.liepin.com/zpfengxianyunying/,https://www.liepin.com/zpfengxianyunying/,https://www.liepin.com/job/1981595557.shtml,2026-04-14T14:01:30+08:00,2026-06-04T14:08:00+08:00,"职位描述
1、协同进行风险指标建设、持续监测风险水平的同时对于规则变化、人审漏放、机审漏放等场景进行风险兜底和反馈，全年风险指标持续降低；
2、治理策略：运用各种机器&算法策略，搭建巡检能力为存量风险的识别能力负责，不断提升召回能力，对大盘风险水位下降和机审覆盖率的提升负责；
3、人员提效：通过产品运营职能建设治理产品工具，提升风控效率，降低人工成本；
4、交付协作：负责群组人力对接、细则下沉协作、工具共建、队列建设，保证协作效率和交付质量。
职位要求
1、本科及以上学历，具备内容治理策略、内容风控策略、内容风控规则、交付管理的相关经验优先；
2、精通策略数据分析，通过数据分析/挖掘的方式定位到策略核心问题，有过从0到1搭建内容安全策略体系的经验；
3、具备良好的项目运营、项目管理能力，良好的协同能力；
4、具备良好的沟通表达能力、逻辑思维能力、学习能力，能适应快速节奏工作。","字节跳动成立于2012年3月，公司使命为“Inspire Creativity, Enrich Life（激发创造，丰富生活）”。公司业务覆盖150个国家和地区，拥有15万名员工。
字节跳动在全球推出了多款有影响力的产品，包括今日头条、抖音、西瓜视频、飞书、Lark、PICO、剪映、TikTok等。截至2021年6月，字节跳动旗下产品全球月活跃用户数超过19亿。"
unknown:1979533285,1979533285,unknown,风险运营专家,字节跳动,互联网,融资未公开,10000人以上,高新区,12-35k·15薪,3-7年,本科,五险一金 | 带薪年假 | 定期体检 | 住房补贴,90天前更新,招1人,五险一金 | 带薪年假 | 定期体检 | 住房补贴 | 扁平管理 | 免费三餐,标题领域词=风险; 标题岗位词=运营; 公司标签=互联网,https://www.liepin.com/zpfengxianyunying/,https://www.liepin.com/zpfengxianyunying/,https://www.liepin.com/job/1979533285.shtml,2026-04-14T14:01:30+08:00,2026-06-04T14:08:00+08:00,"职位描述
1、风险定位：通过抽样数据复盘及各内外部反馈及信息，对广告风险进行探查并聚类链路归因定位；
2、风险挖掘治理运营：对广告各类的风险特征进行挖掘分析，与风控联动开展风险专项治理控制广告投放风险；
3、风险专项运营优化：对现有风控策略与结果，进行摸底、分析、优化、验证等全链路优化运营，确保风险可控性；
4、投放生态治理运营：通过对广告主恶意行为进行分析与处罚，为客户投放生态提供保障。
职位要求
1、本科及以上学历，有项目管理经验，能独立总结输出项目分析评估与建立解决方案者优先；
2、了解内容治理链路逻辑，具备良好的风险与问题自主挖掘意识，能及时响应应急风险；
3、有一定的数据敏感性，具备较强的数据分析和复盘总结能力，善于系统性解决问题；
4、具备优秀的沟通协调能力，能够高效地沟通推进项目落地；
5、较强的自主学习能力与强自驱力，有同理心、责任感和团队合作精神。","字节跳动成立于2012年3月，公司使命为“Inspire Creativity, Enrich Life（激发创造，丰富生活）”。公司业务覆盖150个国家和地区，拥有15万名员工。
字节跳动在全球推出了多款有影响力的产品，包括今日头条、抖音、西瓜视频、飞书、Lark、PICO、剪映、TikTok等。截至2021年6月，字节跳动旗下产品全球月活跃用户数超过19亿。"
unknown:1982404079,1982404079,unknown,风险运营专家-抖音生活服务,字节跳动,互联网,融资未公开,10000人以上,徐汇区,30-60k·15薪,3-5年,本科,,5月28日更新,招1人,,标题领域词=风险; 标题岗位词=运营; 公司标签=互联网,https://www.liepin.com/zpfengxianyunying/,https://www.liepin.com/zpfengxianyunying/,https://www.liepin.com/job/1982404079.shtml,2026-05-13T12:58:56+08:00,2026-06-04T14:08:00+08:00,"职位描述
1、风险节点统筹：负责重大节点（315、春节/国庆、大促营销等时间点）的风险筹备与应对，横向调度服务、治理、应急、交付与产品等多方资源，确保重大节点及突发高危事件应对有序；
2、机制诊断：作为团队横向运营枢纽，主导外溢风险业务的策略运营（如定级体系完善、全链路流程诊断与优化），敏锐识别团队内各域卡点，推动业务流程的标准化、线上化及产品化改造；
3、复盘与体系沉淀：定期复盘高频及重大风险事件，深度挖掘问题根因，沉淀体系化的防范机制、应急SOP与处置基线，持续推动风险防控能力迭代。
职位要求
1、本科及以上学历，3年以上互联网策略运营、风险运营或跨部分项目统筹相关经验，有大型节点/活动风险主导实战经验，或具备重大危机处理经验者优先；
2、具备较强的业务诊断与横向破局能力，能在不确定性中迅速梳理脉络，沟通风格果敢、工作高效，能够在多方协同和复杂局面中有效协调、推动共识与决策落地；
3、具备优秀的产品与体系化思维，能主动将业务痛点转化为系统化的产品/机制建设需求。","字节跳动成立于2012年3月，公司使命为“Inspire Creativity, Enrich Life（激发创造，丰富生活）”。公司业务覆盖150个国家和地区，拥有15万名员工。
字节跳动在全球推出了多款有影响力的产品，包括今日头条、抖音、西瓜视频、飞书、Lark、PICO、剪映、TikTok等。截至2021年6月，字节跳动旗下产品全球月活跃用户数超过19亿。"
unknown:1982404077,1982404077,unknown,风险运营专家-抖音生活服务,字节跳动,互联网,融资未公开,10000人以上,北京-大钟寺,30-60k·15薪,3-5年,本科,,5月28日更新,招1人,,标题领域词=风险; 标题岗位词=运营; 公司标签=互联网,https://www.liepin.com/zpfengxianyunying/,https://www.liepin.com/zpfengxianyunying/,https://www.liepin.com/job/1982404077.shtml,2026-05-13T12:58:56+08:00,2026-06-04T14:08:00+08:00,"职位描述
1、风险节点统筹：负责重大节点（315、春节/国庆、大促营销等时间点）的风险筹备与应对，横向调度服务、治理、应急、交付与产品等多方资源，确保重大节点及突发高危事件应对有序；
2、机制诊断：作为团队横向运营枢纽，主导外溢风险业务的策略运营（如定级体系完善、全链路流程诊断与优化），敏锐识别团队内各域卡点，推动业务流程的标准化、线上化及产品化改造；
3、复盘与体系沉淀：定期复盘高频及重大风险事件，深度挖掘问题根因，沉淀体系化的防范机制、应急SOP与处置基线，持续推动风险防控能力迭代。
职位要求
1、本科及以上学历，3年以上互联网策略运营、风险运营或跨部分项目统筹相关经验，有大型节点/活动风险主导实战经验，或具备重大危机处理经验者优先；
2、具备较强的业务诊断与横向破局能力，能在不确定性中迅速梳理脉络，沟通风格果敢、工作高效，能够在多方协同和复杂局面中有效协调、推动共识与决策落地；
3、具备优秀的产品与体系化思维，能主动将业务痛点转化为系统化的产品/机制建设需求。","字节跳动成立于2012年3月，公司使命为“Inspire Creativity, Enrich Life（激发创造，丰富生活）”。公司业务覆盖150个国家和地区，拥有15万名员工。
字节跳动在全球推出了多款有影响力的产品，包括今日头条、抖音、西瓜视频、飞书、Lark、PICO、剪映、TikTok等。截至2021年6月，字节跳动旗下产品全球月活跃用户数超过19亿。"
unknown:1977841889,1977841889,unknown,风险运营专家（策略运营方向）,字节跳动,互联网,融资未公开,10000人以上,高新区,12-20k·15薪,3-5年,本科,,90天前更新,招1人,,标题领域词=风险; 标题岗位词=运营; 公司标签=互联网,https://www.liepin.com/zpfengxianyunying/,https://www.liepin.com/zpfengxianyunying/,https://www.liepin.com/job/1977841889.shtml,2026-04-14T14:01:30+08:00,2026-06-04T14:08:00+08:00,"职位描述
1、风险定位：通过抽样数据复盘及各内外部反馈及信息，对广告风险进行探查并聚类链路归因定位；
2、风险挖掘治理运营：对广告各类的风险特征进行挖掘分析，与风控联动开展风险专项治理控制广告投放风险；
3、风险专项运营优化：对现有风控策略与结果，进行摸底、分析、优化、验证等全链路优化运营，确保风险可控性；
4、投放生态治理运营：通过对广告主恶意行为进行分析与处罚，为客户投放生态提供保障。
职位要求
1、本科及以上学历，有项目管理经验，能独立总结输出项目分析评估与建立解决方案者优先；
2、了解内容治理链路逻辑，具备良好的风险与问题自主挖掘意识，能及时响应应急风险；
3、有一定的数据敏感性，具备较强的数据分析和复盘总结能力，善于系统性解决问题；
4、具备优秀的沟通协调能力，能够高效地沟通推进项目落地；
5、较强的自主学习能力与强自驱力，有同理心、责任感和团队合作精神。","字节跳动成立于2012年3月，公司使命为“Inspire Creativity, Enrich Life（激发创造，丰富生活）”。公司业务覆盖150个国家和地区，拥有15万名员工。
字节跳动在全球推出了多款有影响力的产品，包括今日头条、抖音、西瓜视频、飞书、Lark、PICO、剪映、TikTok等。截至2021年6月，字节跳动旗下产品全球月活跃用户数超过19亿。"
unknown:1980674399,1980674399,unknown,风险运营专家（策略运营方向）-商业生态与安全,字节跳动,互联网,融资未公开,10000人以上,高新区,12-20k·15薪,5-10年,本科,六险一金 | 团队氛围好 | 扁平管理 | 用户过亿,90天前更新,招1人,六险一金 | 团队氛围好 | 扁平管理 | 用户过亿 | 大牛带队,标题领域词=风险; 标题岗位词=运营; 公司标签=互联网,https://www.liepin.com/zpfengxianyunying/,https://www.liepin.com/zpfengxianyunying/,https://www.liepin.com/job/1980674399.shtml,2026-04-14T14:01:30+08:00,2026-06-04T14:08:00+08:00,"岗位职责：
1、风险定位：通过抽样数据复盘及各内外部反馈及信息，对广告风险进行探查并聚类链路归因定位；
2、风险挖掘治理运营：对广告各类的风险特征进行挖掘分析，与风控联动开展风险专项治理控制广告投放风险；
3、风险专项运营优化：对现有风控策略与结果，进行摸底、分析、优化、验证等全链路优化运营，确保风险可控性；
4、投放生态治理运营：通过对广告主恶意行为进行分析与处罚，为客户投放生态提供保障。

任职要求：
1、本科及以上学历，有项目管理经验，能独立总结输出项目分析评估与建立解决方案者优先；
2、了解内容治理链路逻辑，具备良好的风险与问题自主挖掘意识，能及时响应应急风险；
3、有一定的数据敏感性，具备较强的数据分析和复盘总结能力，善于系统性解决问题；
4、具备优秀的沟通协调能力，能够高效地沟通推进项目落地；
5、较强的自主学习能力与强自驱力，有同理心、责任感和团队合作精神。","字节跳动成立于2012年3月，公司使命为“Inspire Creativity, Enrich Life（激发创造，丰富生活）”。公司业务覆盖150个国家和地区，拥有15万名员工。
字节跳动在全球推出了多款有影响力的产品，包括今日头条、抖音、西瓜视频、飞书、Lark、PICO、剪映、TikTok等。截至2021年6月，字节跳动旗下产品全球月活跃用户数超过19亿。"
unknown:1982861879,1982861879,unknown,风险运营（事故方向）-商业生态与安全,字节跳动,互联网,融资未公开,10000人以上,朝阳区,20-35k·15薪,3-5年,本科,,6月3日更新,招1人,,标题领域词=风险; 标题岗位词=运营; 公司标签=互联网,https://www.liepin.com/zpfengxianyunying/,https://www.liepin.com/zpfengxianyunying/,https://www.liepin.com/job/1982861879.shtml,2026-06-03T14:16:53+08:00,2026-06-04T14:08:00+08:00,"职位描述: 
1、洞察生服内容安全风险趋势，产出高价值风险情报与预警，为平台前置治理提供关键决策输入；
2、主导蓝军对抗演练与模拟投放，多维度验证防线有效性，反哺机审策略与模型迭代优化；
3、牵头建立风险图谱与攻防案例库，沉淀体系化风控运营方法论，提升团队风险预判与处置效能；
4、协同产品研发及业务方推动风险点位闭环，通过复盘机制补齐治理短板，持续压降内容合规风险；
5、驱动风险发现能力的自动化升级，建立从巡检到策略落地的PDCA闭环，确保安全健康度持续向好。

职位要求: 
1、精通内容安全运营，具备敏锐的风险趋势洞察与深度分析能力；
2、具备深厚的对抗思维，有主导蓝军演练或策略闭环经验者优先；
3、擅长风险建模与体系化机制建设，能独立产出具备行业深度的运营方法论；
4、的跨团队协同与影响力，能驱动产品研发及业务方共同解决复杂风险问题。","字节跳动成立于2012年3月，公司使命为“Inspire Creativity, Enrich Life（激发创造，丰富生活）”。公司业务覆盖150个国家和地区，拥有15万名员工。
字节跳动在全球推出了多款有影响力的产品，包括今日头条、抖音、西瓜视频、飞书、Lark、PICO、剪映、TikTok等。截至2021年6月，字节跳动旗下产品全球月活跃用户数超过19亿。"
unknown:1977742221,1977742221,unknown,风险运营（内容安全方向）-商业生态与安全,字节跳动,互联网,融资未公开,10000人以上,朝阳区,20-30k·15薪,3-5年,本科,,90天前更新,招1人,,"标题领域词=内容安全,风险; 标题岗位词=运营; 公司标签=互联网",https://www.liepin.com/zpneironganquan/ | https://www.liepin.com/zpfengxianyunying/,https://www.liepin.com/zpneironganquan/pn3/ | https://www.liepin.com/zpfengxianyunying/,https://www.liepin.com/job/1977742221.shtml,2026-04-14T14:01:30+08:00,2026-06-04T14:08:00+08:00,"职位描述: 
1、聚焦生活服务群组的内容安全风险管控，协同治理团队制定长短期目标和核心治理链路的设计，负责生服群组内容安全合规与规则设计；
2、负责内容安全指令接收、解读、下发及应急响应处置，完善相关机制建设；
3、负责内容安全蓝军攻防策略设计及产品能力建设；
4、负责内容安全重大节点保障，落地管控合规要求、覆盖涉政高危风险（零漏出）。

职位要求: 
1、涉政风险识别及判断：具备涉政风险的识别能力，能从业务场景细节中发现敏感点；
2、了解产品工具：熟悉内容安全、风险防控相关产品工具，能协同推动相关能力建设及提升；
3、跨团队协同能力：能联动治理运营团队推动违规整改，具备跨团队沟通协同力；
4、项目经验：具备重大节点保障专项经验。","字节跳动成立于2012年3月，公司使命为“Inspire Creativity, Enrich Life（激发创造，丰富生活）”。公司业务覆盖150个国家和地区，拥有15万名员工。
字节跳动在全球推出了多款有影响力的产品，包括今日头条、抖音、西瓜视频、飞书、Lark、PICO、剪映、TikTok等。截至2021年6月，字节跳动旗下产品全球月活跃用户数超过19亿。"
unknown:1982870931,1982870931,unknown,风险运营（机审策略方向）-商业生态与安全,字节跳动,互联网,融资未公开,10000人以上,朝阳区,20-35k·15薪,3-5年,本科,,6月3日更新,招1人,,标题领域词=风险; 标题岗位词=运营; 公司标签=互联网,https://www.liepin.com/zpfengxianyunying/,https://www.liepin.com/zpfengxianyunying/,https://www.liepin.com/job/1982870931.shtml,2026-06-03T14:16:53+08:00,2026-06-04T14:08:00+08:00,"职位描述: 
1、主导机审策略运营，协同产品研发构建高效拦截体系，持续提升机审拦截率与覆盖率指标；
2、建立机审效果评估与调优闭环，通过数据洞察驱动必杀、进审逻辑迭代，平衡风险水位与漏放率；
3、沉淀机审策略运营方法论与案例库，建立可复制的策略下发与灰度验证流程，保障系统稳定性；
4、驱动机审能力在生服专项场景的深度落地，通过策略分层与机制创新，实现治理效能的提升。

职位要求: 
1、资深风控策略背景，对机审全链路生命周期运营有深刻理解与成功案例；
2、具备数据分析能力，能从宏观水位与微观案例中洞察策略迭代空间；
3、具备问题感知能力，跨界沟通能力，能有效连接算法、产品与内容质量把控，驱动三方目标一致。","字节跳动成立于2012年3月，公司使命为“Inspire Creativity, Enrich Life（激发创造，丰富生活）”。公司业务覆盖150个国家和地区，拥有15万名员工。
字节跳动在全球推出了多款有影响力的产品，包括今日头条、抖音、西瓜视频、飞书、Lark、PICO、剪映、TikTok等。截至2021年6月，字节跳动旗下产品全球月活跃用户数超过19亿。"
unknown:1982870935,1982870935,unknown,风险运营（标准/质量运营方向）-商业生态与安全,字节跳动,互联网,融资未公开,10000人以上,朝阳区,20-35k·15薪,3-5年,本科,,6月3日更新,招1人,,标题领域词=风险; 标题岗位词=运营; 公司标签=互联网,https://www.liepin.com/zpfengxianyunying/,https://www.liepin.com/zpfengxianyunying/,https://www.liepin.com/job/1982870935.shtml,2026-06-03T14:16:53+08:00,2026-06-04T14:08:00+08:00,"职位描述: 
1、建立全链路质量监控与运营体系，通过数据洞察定位质量根因，驱动内容质量把控执行侧的持续改进；
2、搭建争议案例定标与复盘机制，牵头解决跨团队认知差异，形成标准向下宣达、向上反馈的闭环；
3、建立内容质量把控质量知识管理体系，沉淀标准化培训资产与执行指南，赋能提升内容质量把控全员专业能力；
4、联动多方推动质检工具效能优化，通过自动化与机制创新，实现质量度量从结果抽检向过程治理升级。

职位要求: 
1、深耕内容质量运营领域，具备质量度量体系与监控机制的实战经验；
2、的结构化思维与文档能力，能主导复杂知识库的搭建与长效运营；
3、具备的原则性与细节洞察力，能从纷繁业务中抽象出底层的标准逻辑；
4、优秀的沟通影响力，能平衡业务增长与质量红线，推动多方达成共识。","字节跳动成立于2012年3月，公司使命为“Inspire Creativity, Enrich Life（激发创造，丰富生活）”。公司业务覆盖150个国家和地区，拥有15万名员工。
字节跳动在全球推出了多款有影响力的产品，包括今日头条、抖音、西瓜视频、飞书、Lark、PICO、剪映、TikTok等。截至2021年6月，字节跳动旗下产品全球月活跃用户数超过19亿。"
unknown:1982869117,1982869117,unknown,风险运营（蓝军、事故方向）,字节跳动,互联网,融资未公开,10000人以上,北京-慈云寺,20-35k·15薪,3-5年,本科,五险一金 | 年终奖金 | 绩效奖金 | 带薪年假,今日更新,招1人,五险一金 | 年终奖金 | 绩效奖金 | 带薪年假 | 节日礼物 | 餐费补贴 | 住房补贴 | 交通补助 | 发展空间大 | 公司规模大,标题领域词=风险; 标题岗位词=运营; 公司标签=互联网,https://www.liepin.com/zpfengxianyunying/,https://www.liepin.com/zpfengxianyunying/,https://www.liepin.com/job/1982869117.shtml,2026-06-03T14:16:53+08:00,2026-06-04T14:08:00+08:00,"职位描述
1、洞察生服内容安全风险趋势，产出高价值风险情报与预警，为平台前置治理提供关键决策输入；
2、主导蓝军对抗演练与模拟投放，多维度验证防线有效性，反哺机审策略与模型迭代优化；
3、牵头建立风险图谱与攻防案例库，沉淀体系化风控运营方法论，提升团队风险预判与处置效能；
4、协同产研及业务方推动风险点位闭环，通过复盘机制补齐治理短板，持续压降内容合规风险；
5、驱动风险发现能力的自动化升级，建立从巡检到策略落地的 PDCA 闭环，确保安全健康度持续向好。
职位要求
1、精通内容安全运营，具备敏锐的风险趋势洞察与深度分析能力；
2、具备深厚的对抗思维，有主导蓝军演练或策略闭环经验者优先；
3、擅长风险建模与体系化机制建设，能独立产出具备行业深度的运营方法论；
4、极强的跨团队协同与影响力，能驱动产研及业务方共同解决复杂风险问题。","字节跳动成立于2012年3月，公司使命为“Inspire Creativity, Enrich Life（激发创造，丰富生活）”。公司业务覆盖150个国家和地区，拥有15万名员工。
字节跳动在全球推出了多款有影响力的产品，包括今日头条、抖音、西瓜视频、飞书、Lark、PICO、剪映、TikTok等。截至2021年6月，字节跳动旗下产品全球月活跃用户数超过19亿。"
unknown:1982229077,1982229077,unknown,基础风控策略产品/运营专家,小红书,互联网,D轮及以上融资,1000-2000人,朝阳区,30-60k·15薪,3-5年,本科,,5月15日更新,招1人,,标题领域词=风控; 标题岗位词=运营; 公司标签=互联网,https://www.liepin.com/zpfengkongyunying/,https://www.liepin.com/zpfengkongyunying/pn3/,https://www.liepin.com/job/1982229077.shtml,2026-05-03T12:50:12+08:00,2026-06-04T14:08:00+08:00,"工作职责：
1、在账号安全/反爬/流量任一领域下有丰富经验，负责该领域下风险策略的制定与持续迭代，完成策略产品规划与运营治理，持续优化策略精准度，平衡安全强度与用户体验。
2、数据驱动与风险发现：通过 SQL / Python 主动挖掘异常数据特征，在攻击成规模前发现风险苗头；量化评估各策略的命中率、误伤率与拦截效果，以数据为依据驱动持续调优。
3、系统能力建设与跨团队协同：与产品、研发、算法团队协作，推动验证码体系升级、设备指纹能力建设、人脸识别接入等基础风控能力落地；驱动风控策略向自动化、智能化演进，对处置结果与治理进度负责；在资源有限、优先级模糊的场景下，能有效拉齐多方认知，推动跨团队协作落地。

任职资格：
1、本科及以上学历，统计学、计算机、数学或相关专业优先
2、5年以上互联网风控策略运营/产品经验，有大型社交、电商或 O2O 平台账号风控或流量治理经验者优先
3、精通 SQL，具备优秀的 Python 数据分析能力与数据建模思维
4、对互联网＂黑灰产＂产业链有深刻理解，熟悉常见攻击手段（爬虫、刷量、批量注册、设备群控等）及防御逻辑
5、具备从 0 到 1 设计风控策略的完整经验，理解规则引擎、设备指纹、行为序列分析等基础技术原理
6、具备极强的逻辑思维能力、抗压能力和沟通协作能力，善于跨团队拉齐认知、推动治理落地","小红书由毛文超和瞿芳于2013年在上海创立。小红书以“Inspire Lives分享和发现世界的精彩”为使命，用户可以通过短视频、图文等形式记录生活点滴，分享生活方式，并基于兴趣形成互动。

 2018年6月1日，小红书完成了超过3亿美元的新一轮融资，由阿里巴巴领投，金沙江创投、腾讯投资、纪源资本、元生资本、天图投资、真格基金、K11郑志刚先生等机构公司及个人跟投，估值超过30亿美元。截至到2019年10月，小红书月活跃用户数已经过亿，其中70%用户是90后，并持续快速增长。
凭借真实、向上、多元的社区氛围，小红书已成为年轻人不可替代的生活方式平台和消费决策入口，具有制造流行和热点的能力。

 小红书社区目前内容覆盖时尚、美妆、个护、美食、旅行、娱乐、读书、健身、母婴等各个生活方式领域，每天产生超过80亿次的笔记曝光。过去一年中，小红书用户分享的内容呈几何级数增长，截止到2019年12月，用户分享笔记量增长4.4倍，其中教育学习类笔记发布量上涨6.4倍，体育赛事类上涨8.4倍，摄影类上涨6.2倍。

 作为生活方式社区，小红书因“种草经济”闻名，独特性就在于，大部分互联网社区更多是依靠线上的虚拟身份，而小红书用户发布的内容都来自于真实生活。对用户而言，小红书并不能像其他虚拟社区一样，提供线上内容消费的即时满足感。用户在小红书不论是发现了一支适合自己的口红，还是发现了一个想去的景点或餐厅，想要获得消费的满足感，必须在现实生活中才能完成。

 在小红书，一个用户通过“线上分享”消费体验，引发“社区互动”，能够推动其他用户去到“线下消费”，这些用户反过来又会进行更多的“线上分享”，最终形成一个正循环。
 基于“种草”的特性，小红书也成为了爆款和品牌的孵化器。迄今为止，小红书汇聚了全球190多个国家和地区，超过4万个品牌。依靠用户生产的海量真实笔记，小红书已经成长为全球最真实的消费口碑库，更成为新品牌尤其是新国货品牌，取得用户信任的关键一步。
 截止到2019年10月，过去一年，小红书用户在平台发布了超过180万篇国货相关的笔记，同比增长110%，累计获得来自超过4200万人的3亿次分享和讨论，包括美妆护肤品牌自然之名、谷雨、花西子等，服饰鞋靴品牌致知、Maia Active、Ubras、Orange desire等，以及食品品牌小仙炖、钟薛高等越来越多新国货品牌“走红”于小红书。

 小红书秉持有向上、走进用户、开放心态、务实、担当的企业文化，致力于成为最受用户信任的互联网公司。2015年9月，国务院总理李克强来到小红书视察时寄语，“今天的成绩，三分靠创新，七分靠打拼“。2020年3月，中央政治局委员、上海市委书记李强走访小红书时寄语，要充分看到新经济、新消费等发展机遇，充分依托上海的市场优势、场景优势、资源优势，找准各类消费群体的兴奋点、关注点、聚焦点，时不我待，深入谋划，创新方式，进一步精准有效搭建消费平台、释放消费潜力、做强消费品牌。
2017年12月24日，小红书和华为等优秀公司一起，被《人民日报》评为代表中国消费科技产业的“中国品牌奖”。
 小红书总部位于上海新天地，在北京设有分公司，武汉设有研发中心和用户服务中心，目前员工总计超过2000人。

 小红书社区用户分享的真实笔记正在影响着一代人的消费决策，也因此吸引了全球优质品牌的入驻。小红书商城作为生活方式社区的重要板块，专注于服务消费升级大潮中的年轻时尚群体，网罗全球潮流好物。依托独有的社区口碑营销和品牌内容推广，帮助品牌更有效的与优质用户互动，获得快速可持续的增长。目前，各类品牌旗舰店、综合商店等第三方商户所销售的产品数量占商城总量的95%。

 小红书企业号部门围绕“企业号”这一核心产品，整合公司从社区营销一直到交易闭环的资源，更好地连接消费者和品牌，帮助品牌在小红书完成一站式闭环营销，提供全链条服务。迄今为止，已有包括时尚服饰、美妆个护、生活服务等在内的23个行业，近4万个企业开通了企业号。

 经过近7年的累积，小红书特有的真实、向上、多元的社区氛围，不断吸引着越来越多的伙伴，探索着美好生活的更多可能性。小红书独特的城市生态，正在吸引更多品牌和行业伙伴，共同探索未来的商业价值。"
unknown:1982229075,1982229075,unknown,基础风控策略产品/运营专家,小红书,互联网,D轮及以上融资,1000-2000人,西湖区,30-60k·15薪,3-5年,本科,,5月15日更新,招1人,,标题领域词=风控; 标题岗位词=运营; 公司标签=互联网,https://www.liepin.com/zpfengkongyunying/,https://www.liepin.com/zpfengkongyunying/pn3/,https://www.liepin.com/job/1982229075.shtml,2026-05-03T12:50:12+08:00,2026-06-04T14:08:00+08:00,"工作职责：
1、在账号安全/反爬/流量任一领域下有丰富经验，负责该领域下风险策略的制定与持续迭代，完成策略产品规划与运营治理，持续优化策略精准度，平衡安全强度与用户体验。
2、数据驱动与风险发现：通过 SQL / Python 主动挖掘异常数据特征，在攻击成规模前发现风险苗头；量化评估各策略的命中率、误伤率与拦截效果，以数据为依据驱动持续调优。
3、系统能力建设与跨团队协同：与产品、研发、算法团队协作，推动验证码体系升级、设备指纹能力建设、人脸识别接入等基础风控能力落地；驱动风控策略向自动化、智能化演进，对处置结果与治理进度负责；在资源有限、优先级模糊的场景下，能有效拉齐多方认知，推动跨团队协作落地。

任职资格：
1、本科及以上学历，统计学、计算机、数学或相关专业优先
2、5年以上互联网风控策略运营/产品经验，有大型社交、电商或 O2O 平台账号风控或流量治理经验者优先
3、精通 SQL，具备优秀的 Python 数据分析能力与数据建模思维
4、对互联网＂黑灰产＂产业链有深刻理解，熟悉常见攻击手段（爬虫、刷量、批量注册、设备群控等）及防御逻辑
5、具备从 0 到 1 设计风控策略的完整经验，理解规则引擎、设备指纹、行为序列分析等基础技术原理
6、具备极强的逻辑思维能力、抗压能力和沟通协作能力，善于跨团队拉齐认知、推动治理落地","小红书由毛文超和瞿芳于2013年在上海创立。小红书以“Inspire Lives分享和发现世界的精彩”为使命，用户可以通过短视频、图文等形式记录生活点滴，分享生活方式，并基于兴趣形成互动。

 2018年6月1日，小红书完成了超过3亿美元的新一轮融资，由阿里巴巴领投，金沙江创投、腾讯投资、纪源资本、元生资本、天图投资、真格基金、K11郑志刚先生等机构公司及个人跟投，估值超过30亿美元。截至到2019年10月，小红书月活跃用户数已经过亿，其中70%用户是90后，并持续快速增长。
凭借真实、向上、多元的社区氛围，小红书已成为年轻人不可替代的生活方式平台和消费决策入口，具有制造流行和热点的能力。

 小红书社区目前内容覆盖时尚、美妆、个护、美食、旅行、娱乐、读书、健身、母婴等各个生活方式领域，每天产生超过80亿次的笔记曝光。过去一年中，小红书用户分享的内容呈几何级数增长，截止到2019年12月，用户分享笔记量增长4.4倍，其中教育学习类笔记发布量上涨6.4倍，体育赛事类上涨8.4倍，摄影类上涨6.2倍。

 作为生活方式社区，小红书因“种草经济”闻名，独特性就在于，大部分互联网社区更多是依靠线上的虚拟身份，而小红书用户发布的内容都来自于真实生活。对用户而言，小红书并不能像其他虚拟社区一样，提供线上内容消费的即时满足感。用户在小红书不论是发现了一支适合自己的口红，还是发现了一个想去的景点或餐厅，想要获得消费的满足感，必须在现实生活中才能完成。

 在小红书，一个用户通过“线上分享”消费体验，引发“社区互动”，能够推动其他用户去到“线下消费”，这些用户反过来又会进行更多的“线上分享”，最终形成一个正循环。
 基于“种草”的特性，小红书也成为了爆款和品牌的孵化器。迄今为止，小红书汇聚了全球190多个国家和地区，超过4万个品牌。依靠用户生产的海量真实笔记，小红书已经成长为全球最真实的消费口碑库，更成为新品牌尤其是新国货品牌，取得用户信任的关键一步。
 截止到2019年10月，过去一年，小红书用户在平台发布了超过180万篇国货相关的笔记，同比增长110%，累计获得来自超过4200万人的3亿次分享和讨论，包括美妆护肤品牌自然之名、谷雨、花西子等，服饰鞋靴品牌致知、Maia Active、Ubras、Orange desire等，以及食品品牌小仙炖、钟薛高等越来越多新国货品牌“走红”于小红书。

 小红书秉持有向上、走进用户、开放心态、务实、担当的企业文化，致力于成为最受用户信任的互联网公司。2015年9月，国务院总理李克强来到小红书视察时寄语，“今天的成绩，三分靠创新，七分靠打拼“。2020年3月，中央政治局委员、上海市委书记李强走访小红书时寄语，要充分看到新经济、新消费等发展机遇，充分依托上海的市场优势、场景优势、资源优势，找准各类消费群体的兴奋点、关注点、聚焦点，时不我待，深入谋划，创新方式，进一步精准有效搭建消费平台、释放消费潜力、做强消费品牌。
2017年12月24日，小红书和华为等优秀公司一起，被《人民日报》评为代表中国消费科技产业的“中国品牌奖”。
 小红书总部位于上海新天地，在北京设有分公司，武汉设有研发中心和用户服务中心，目前员工总计超过2000人。

 小红书社区用户分享的真实笔记正在影响着一代人的消费决策，也因此吸引了全球优质品牌的入驻。小红书商城作为生活方式社区的重要板块，专注于服务消费升级大潮中的年轻时尚群体，网罗全球潮流好物。依托独有的社区口碑营销和品牌内容推广，帮助品牌更有效的与优质用户互动，获得快速可持续的增长。目前，各类品牌旗舰店、综合商店等第三方商户所销售的产品数量占商城总量的95%。

 小红书企业号部门围绕“企业号”这一核心产品，整合公司从社区营销一直到交易闭环的资源，更好地连接消费者和品牌，帮助品牌在小红书完成一站式闭环营销，提供全链条服务。迄今为止，已有包括时尚服饰、美妆个护、生活服务等在内的23个行业，近4万个企业开通了企业号。

 经过近7年的累积，小红书特有的真实、向上、多元的社区氛围，不断吸引着越来越多的伙伴，探索着美好生活的更多可能性。小红书独特的城市生态，正在吸引更多品牌和行业伙伴，共同探索未来的商业价值。"
unknown:1982229073,1982229073,unknown,基础风控策略产品/运营专家,小红书,互联网,D轮及以上融资,1000-2000人,黄浦区,30-60k·15薪,3-5年,本科,,5月15日更新,招1人,,标题领域词=风控; 标题岗位词=运营; 公司标签=互联网,https://www.liepin.com/zpfengkongyunying/,https://www.liepin.com/zpfengkongyunying/pn3/,https://www.liepin.com/job/1982229073.shtml,2026-05-03T12:50:12+08:00,2026-06-04T14:08:00+08:00,"工作职责：
1、在账号安全/反爬/流量任一领域下有丰富经验，负责该领域下风险策略的制定与持续迭代，完成策略产品规划与运营治理，持续优化策略精准度，平衡安全强度与用户体验。
2、数据驱动与风险发现：通过 SQL / Python 主动挖掘异常数据特征，在攻击成规模前发现风险苗头；量化评估各策略的命中率、误伤率与拦截效果，以数据为依据驱动持续调优。
3、系统能力建设与跨团队协同：与产品、研发、算法团队协作，推动验证码体系升级、设备指纹能力建设、人脸识别接入等基础风控能力落地；驱动风控策略向自动化、智能化演进，对处置结果与治理进度负责；在资源有限、优先级模糊的场景下，能有效拉齐多方认知，推动跨团队协作落地。

任职资格：
1、本科及以上学历，统计学、计算机、数学或相关专业优先
2、5年以上互联网风控策略运营/产品经验，有大型社交、电商或 O2O 平台账号风控或流量治理经验者优先
3、精通 SQL，具备优秀的 Python 数据分析能力与数据建模思维
4、对互联网＂黑灰产＂产业链有深刻理解，熟悉常见攻击手段（爬虫、刷量、批量注册、设备群控等）及防御逻辑
5、具备从 0 到 1 设计风控策略的完整经验，理解规则引擎、设备指纹、行为序列分析等基础技术原理
6、具备极强的逻辑思维能力、抗压能力和沟通协作能力，善于跨团队拉齐认知、推动治理落地","小红书由毛文超和瞿芳于2013年在上海创立。小红书以“Inspire Lives分享和发现世界的精彩”为使命，用户可以通过短视频、图文等形式记录生活点滴，分享生活方式，并基于兴趣形成互动。

 2018年6月1日，小红书完成了超过3亿美元的新一轮融资，由阿里巴巴领投，金沙江创投、腾讯投资、纪源资本、元生资本、天图投资、真格基金、K11郑志刚先生等机构公司及个人跟投，估值超过30亿美元。截至到2019年10月，小红书月活跃用户数已经过亿，其中70%用户是90后，并持续快速增长。
凭借真实、向上、多元的社区氛围，小红书已成为年轻人不可替代的生活方式平台和消费决策入口，具有制造流行和热点的能力。

 小红书社区目前内容覆盖时尚、美妆、个护、美食、旅行、娱乐、读书、健身、母婴等各个生活方式领域，每天产生超过80亿次的笔记曝光。过去一年中，小红书用户分享的内容呈几何级数增长，截止到2019年12月，用户分享笔记量增长4.4倍，其中教育学习类笔记发布量上涨6.4倍，体育赛事类上涨8.4倍，摄影类上涨6.2倍。

 作为生活方式社区，小红书因“种草经济”闻名，独特性就在于，大部分互联网社区更多是依靠线上的虚拟身份，而小红书用户发布的内容都来自于真实生活。对用户而言，小红书并不能像其他虚拟社区一样，提供线上内容消费的即时满足感。用户在小红书不论是发现了一支适合自己的口红，还是发现了一个想去的景点或餐厅，想要获得消费的满足感，必须在现实生活中才能完成。

 在小红书，一个用户通过“线上分享”消费体验，引发“社区互动”，能够推动其他用户去到“线下消费”，这些用户反过来又会进行更多的“线上分享”，最终形成一个正循环。
 基于“种草”的特性，小红书也成为了爆款和品牌的孵化器。迄今为止，小红书汇聚了全球190多个国家和地区，超过4万个品牌。依靠用户生产的海量真实笔记，小红书已经成长为全球最真实的消费口碑库，更成为新品牌尤其是新国货品牌，取得用户信任的关键一步。
 截止到2019年10月，过去一年，小红书用户在平台发布了超过180万篇国货相关的笔记，同比增长110%，累计获得来自超过4200万人的3亿次分享和讨论，包括美妆护肤品牌自然之名、谷雨、花西子等，服饰鞋靴品牌致知、Maia Active、Ubras、Orange desire等，以及食品品牌小仙炖、钟薛高等越来越多新国货品牌“走红”于小红书。

 小红书秉持有向上、走进用户、开放心态、务实、担当的企业文化，致力于成为最受用户信任的互联网公司。2015年9月，国务院总理李克强来到小红书视察时寄语，“今天的成绩，三分靠创新，七分靠打拼“。2020年3月，中央政治局委员、上海市委书记李强走访小红书时寄语，要充分看到新经济、新消费等发展机遇，充分依托上海的市场优势、场景优势、资源优势，找准各类消费群体的兴奋点、关注点、聚焦点，时不我待，深入谋划，创新方式，进一步精准有效搭建消费平台、释放消费潜力、做强消费品牌。
2017年12月24日，小红书和华为等优秀公司一起，被《人民日报》评为代表中国消费科技产业的“中国品牌奖”。
 小红书总部位于上海新天地，在北京设有分公司，武汉设有研发中心和用户服务中心，目前员工总计超过2000人。

 小红书社区用户分享的真实笔记正在影响着一代人的消费决策，也因此吸引了全球优质品牌的入驻。小红书商城作为生活方式社区的重要板块，专注于服务消费升级大潮中的年轻时尚群体，网罗全球潮流好物。依托独有的社区口碑营销和品牌内容推广，帮助品牌更有效的与优质用户互动，获得快速可持续的增长。目前，各类品牌旗舰店、综合商店等第三方商户所销售的产品数量占商城总量的95%。

 小红书企业号部门围绕“企业号”这一核心产品，整合公司从社区营销一直到交易闭环的资源，更好地连接消费者和品牌，帮助品牌在小红书完成一站式闭环营销，提供全链条服务。迄今为止，已有包括时尚服饰、美妆个护、生活服务等在内的23个行业，近4万个企业开通了企业号。

 经过近7年的累积，小红书特有的真实、向上、多元的社区氛围，不断吸引着越来越多的伙伴，探索着美好生活的更多可能性。小红书独特的城市生态，正在吸引更多品牌和行业伙伴，共同探索未来的商业价值。"
unknown:1978868391,1978868391,unknown,社区安全-内容安全运营,小红书,互联网,D轮及以上融资,1000-2000人,黄浦区,25-50k·16薪,5-10年,本科,五险一金 | 年终奖金 | 带薪年假 | 节日礼物,4月29日更新,招1人,五险一金 | 年终奖金 | 带薪年假 | 节日礼物 | 住房补贴 | 餐费补贴 | 公司规模大 | 扁平管理,标题领域词=内容安全; 标题岗位词=运营; 公司标签=互联网,https://www.liepin.com/zpneironganquan/ | https://www.liepin.com/zpneironganquanyunying/,https://www.liepin.com/zpneironganquan/pn1/ | https://www.liepin.com/zpneironganquanyunying/pn4/,https://www.liepin.com/job/1978868391.shtml,2026-04-14T14:01:30+08:00,2026-06-04T14:08:00+08:00,"工作职责：
1、负责监管工作要求、外部风险舆情等的分析研判，细化工作要求并做好分发和跟进，完成处置情况、趋势分析等报告，为内外部沟通提供支持；
2、负责基于监管工作要求、外部风险舆情等开展巡查，输出工作建议并做好监管工作要求的落地结果验收；
3、负责重大敏感内容风险的常态化管理，建立工作机制，完成工作报告；
4、协同支持团队，借助数据化、产品化、智能化等手段持续提升全链路效率和执行水平。

任职资格：
1、本科及以上学历，3年以上互联网内容安全领域经验；
2、内容风险敏感性强，熟悉互联网政策法规和网络传播规律；
3、AI应用能力、逻辑思维、总结归纳能力强，信息获取、文字表达能力好，具备公文写作、数据分析、AI应用能力优先；
4、学习力、自驱力、抗压能力和连续作战能力强，具备良好团队合作精神和沟通协调能力，适应互联网行业及应急工作节奏。","小红书由毛文超和瞿芳于2013年在上海创立。小红书以“Inspire Lives分享和发现世界的精彩”为使命，用户可以通过短视频、图文等形式记录生活点滴，分享生活方式，并基于兴趣形成互动。

 2018年6月1日，小红书完成了超过3亿美元的新一轮融资，由阿里巴巴领投，金沙江创投、腾讯投资、纪源资本、元生资本、天图投资、真格基金、K11郑志刚先生等机构公司及个人跟投，估值超过30亿美元。截至到2019年10月，小红书月活跃用户数已经过亿，其中70%用户是90后，并持续快速增长。
凭借真实、向上、多元的社区氛围，小红书已成为年轻人不可替代的生活方式平台和消费决策入口，具有制造流行和热点的能力。

 小红书社区目前内容覆盖时尚、美妆、个护、美食、旅行、娱乐、读书、健身、母婴等各个生活方式领域，每天产生超过80亿次的笔记曝光。过去一年中，小红书用户分享的内容呈几何级数增长，截止到2019年12月，用户分享笔记量增长4.4倍，其中教育学习类笔记发布量上涨6.4倍，体育赛事类上涨8.4倍，摄影类上涨6.2倍。

 作为生活方式社区，小红书因“种草经济”闻名，独特性就在于，大部分互联网社区更多是依靠线上的虚拟身份，而小红书用户发布的内容都来自于真实生活。对用户而言，小红书并不能像其他虚拟社区一样，提供线上内容消费的即时满足感。用户在小红书不论是发现了一支适合自己的口红，还是发现了一个想去的景点或餐厅，想要获得消费的满足感，必须在现实生活中才能完成。

 在小红书，一个用户通过“线上分享”消费体验，引发“社区互动”，能够推动其他用户去到“线下消费”，这些用户反过来又会进行更多的“线上分享”，最终形成一个正循环。
 基于“种草”的特性，小红书也成为了爆款和品牌的孵化器。迄今为止，小红书汇聚了全球190多个国家和地区，超过4万个品牌。依靠用户生产的海量真实笔记，小红书已经成长为全球最真实的消费口碑库，更成为新品牌尤其是新国货品牌，取得用户信任的关键一步。
 截止到2019年10月，过去一年，小红书用户在平台发布了超过180万篇国货相关的笔记，同比增长110%，累计获得来自超过4200万人的3亿次分享和讨论，包括美妆护肤品牌自然之名、谷雨、花西子等，服饰鞋靴品牌致知、Maia Active、Ubras、Orange desire等，以及食品品牌小仙炖、钟薛高等越来越多新国货品牌“走红”于小红书。

 小红书秉持有向上、走进用户、开放心态、务实、担当的企业文化，致力于成为最受用户信任的互联网公司。2015年9月，国务院总理李克强来到小红书视察时寄语，“今天的成绩，三分靠创新，七分靠打拼“。2020年3月，中央政治局委员、上海市委书记李强走访小红书时寄语，要充分看到新经济、新消费等发展机遇，充分依托上海的市场优势、场景优势、资源优势，找准各类消费群体的兴奋点、关注点、聚焦点，时不我待，深入谋划，创新方式，进一步精准有效搭建消费平台、释放消费潜力、做强消费品牌。
2017年12月24日，小红书和华为等优秀公司一起，被《人民日报》评为代表中国消费科技产业的“中国品牌奖”。
 小红书总部位于上海新天地，在北京设有分公司，武汉设有研发中心和用户服务中心，目前员工总计超过2000人。

 小红书社区用户分享的真实笔记正在影响着一代人的消费决策，也因此吸引了全球优质品牌的入驻。小红书商城作为生活方式社区的重要板块，专注于服务消费升级大潮中的年轻时尚群体，网罗全球潮流好物。依托独有的社区口碑营销和品牌内容推广，帮助品牌更有效的与优质用户互动，获得快速可持续的增长。目前，各类品牌旗舰店、综合商店等第三方商户所销售的产品数量占商城总量的95%。

 小红书企业号部门围绕“企业号”这一核心产品，整合公司从社区营销一直到交易闭环的资源，更好地连接消费者和品牌，帮助品牌在小红书完成一站式闭环营销，提供全链条服务。迄今为止，已有包括时尚服饰、美妆个护、生活服务等在内的23个行业，近4万个企业开通了企业号。

 经过近7年的累积，小红书特有的真实、向上、多元的社区氛围，不断吸引着越来越多的伙伴，探索着美好生活的更多可能性。小红书独特的城市生态，正在吸引更多品牌和行业伙伴，共同探索未来的商业价值。"
unknown:1980673811,1980673811,unknown,风控策略运营,小红书,互联网,D轮及以上融资,1000-2000人,朝阳区,25-50k·16薪,3-5年,本科,,5月15日更新,招1人,,标题领域词=风控; 标题岗位词=运营; 公司标签=互联网,https://www.liepin.com/zpfengkongyunying/,https://www.liepin.com/zpfengkongyunying/pn3/,https://www.liepin.com/job/1980673811.shtml,2026-05-23T12:52:11+08:00,2026-06-04T14:08:00+08:00,"工作职责：
1、策略制定与维护：负责平台账号全生命周期与流量安全层面的风险策略运营，对抗机器注册、盗号、爬虫、刷量、自动化脚本、设备群控等黑灰产行为
2、数据分析与风险挖掘：监控账号安全与流量安全核心指标，通过 SQL/Python 挖掘异常数据特征，发现潜在风险并输出分析报告
3、闭环运营机制建设：建立风险感知—策略处置—效果评估的闭环运营机制，持续优化策略命中率与拦截精准度，平衡安全与用户体验
4、案件处置与策略调优：处理用户关于账号封禁的申诉，分析误判原因，优化策略逻辑，降低误杀率
5、治理推进与跨部门协作：主导冷门接口、低优先级服务的风险识别与治理，协调算法、研发、产品、业务等相关方完成策略迭代与系统能力（如验证码、设备指纹、人脸识别等）的落地

任职资格：
1、本科及以上学历，统计学、计算机、数学或相关专业优先
2、3年以上互联网风控策略运营经验，有大型社交、电商或 O2O 平台账号风控或流量治理经验者优先
3、精通 SQL，具备一定的 Python 数据分析能力与数据建模思维
4、对互联网＂黑灰产＂产业链有深刻理解，熟悉常见攻击手段（爬虫、刷量、批量注册、设备群控等）及防御逻辑
5、数据敏感度高，能从海量数据中发现风险规律，具备策略设计与效果评估能力
6、具备极强的逻辑思维能力、抗压能力和沟通协作能力，善于跨团队拉齐认知、推动治理落地","小红书由毛文超和瞿芳于2013年在上海创立。小红书以“Inspire Lives分享和发现世界的精彩”为使命，用户可以通过短视频、图文等形式记录生活点滴，分享生活方式，并基于兴趣形成互动。

 2018年6月1日，小红书完成了超过3亿美元的新一轮融资，由阿里巴巴领投，金沙江创投、腾讯投资、纪源资本、元生资本、天图投资、真格基金、K11郑志刚先生等机构公司及个人跟投，估值超过30亿美元。截至到2019年10月，小红书月活跃用户数已经过亿，其中70%用户是90后，并持续快速增长。
凭借真实、向上、多元的社区氛围，小红书已成为年轻人不可替代的生活方式平台和消费决策入口，具有制造流行和热点的能力。

 小红书社区目前内容覆盖时尚、美妆、个护、美食、旅行、娱乐、读书、健身、母婴等各个生活方式领域，每天产生超过80亿次的笔记曝光。过去一年中，小红书用户分享的内容呈几何级数增长，截止到2019年12月，用户分享笔记量增长4.4倍，其中教育学习类笔记发布量上涨6.4倍，体育赛事类上涨8.4倍，摄影类上涨6.2倍。

 作为生活方式社区，小红书因“种草经济”闻名，独特性就在于，大部分互联网社区更多是依靠线上的虚拟身份，而小红书用户发布的内容都来自于真实生活。对用户而言，小红书并不能像其他虚拟社区一样，提供线上内容消费的即时满足感。用户在小红书不论是发现了一支适合自己的口红，还是发现了一个想去的景点或餐厅，想要获得消费的满足感，必须在现实生活中才能完成。

 在小红书，一个用户通过“线上分享”消费体验，引发“社区互动”，能够推动其他用户去到“线下消费”，这些用户反过来又会进行更多的“线上分享”，最终形成一个正循环。
 基于“种草”的特性，小红书也成为了爆款和品牌的孵化器。迄今为止，小红书汇聚了全球190多个国家和地区，超过4万个品牌。依靠用户生产的海量真实笔记，小红书已经成长为全球最真实的消费口碑库，更成为新品牌尤其是新国货品牌，取得用户信任的关键一步。
 截止到2019年10月，过去一年，小红书用户在平台发布了超过180万篇国货相关的笔记，同比增长110%，累计获得来自超过4200万人的3亿次分享和讨论，包括美妆护肤品牌自然之名、谷雨、花西子等，服饰鞋靴品牌致知、Maia Active、Ubras、Orange desire等，以及食品品牌小仙炖、钟薛高等越来越多新国货品牌“走红”于小红书。

 小红书秉持有向上、走进用户、开放心态、务实、担当的企业文化，致力于成为最受用户信任的互联网公司。2015年9月，国务院总理李克强来到小红书视察时寄语，“今天的成绩，三分靠创新，七分靠打拼“。2020年3月，中央政治局委员、上海市委书记李强走访小红书时寄语，要充分看到新经济、新消费等发展机遇，充分依托上海的市场优势、场景优势、资源优势，找准各类消费群体的兴奋点、关注点、聚焦点，时不我待，深入谋划，创新方式，进一步精准有效搭建消费平台、释放消费潜力、做强消费品牌。
2017年12月24日，小红书和华为等优秀公司一起，被《人民日报》评为代表中国消费科技产业的“中国品牌奖”。
 小红书总部位于上海新天地，在北京设有分公司，武汉设有研发中心和用户服务中心，目前员工总计超过2000人。

 小红书社区用户分享的真实笔记正在影响着一代人的消费决策，也因此吸引了全球优质品牌的入驻。小红书商城作为生活方式社区的重要板块，专注于服务消费升级大潮中的年轻时尚群体，网罗全球潮流好物。依托独有的社区口碑营销和品牌内容推广，帮助品牌更有效的与优质用户互动，获得快速可持续的增长。目前，各类品牌旗舰店、综合商店等第三方商户所销售的产品数量占商城总量的95%。

 小红书企业号部门围绕“企业号”这一核心产品，整合公司从社区营销一直到交易闭环的资源，更好地连接消费者和品牌，帮助品牌在小红书完成一站式闭环营销，提供全链条服务。迄今为止，已有包括时尚服饰、美妆个护、生活服务等在内的23个行业，近4万个企业开通了企业号。

 经过近7年的累积，小红书特有的真实、向上、多元的社区氛围，不断吸引着越来越多的伙伴，探索着美好生活的更多可能性。小红书独特的城市生态，正在吸引更多品牌和行业伙伴，共同探索未来的商业价值。"
unknown:1980673783,1980673783,unknown,风控策略运营,小红书,互联网,D轮及以上融资,1000-2000人,黄浦区,25-50k·16薪,3-5年,本科,,5月15日更新,招1人,,标题领域词=风控; 标题岗位词=运营; 公司标签=互联网,https://www.liepin.com/zpfengkongyunying/,https://www.liepin.com/zpfengkongyunying/pn3/,https://www.liepin.com/job/1980673783.shtml,2026-05-23T12:52:11+08:00,2026-06-04T14:08:00+08:00,"工作职责：
1、策略制定与维护：负责平台账号全生命周期与流量安全层面的风险策略运营，对抗机器注册、盗号、爬虫、刷量、自动化脚本、设备群控等黑灰产行为
2、数据分析与风险挖掘：监控账号安全与流量安全核心指标，通过 SQL/Python 挖掘异常数据特征，发现潜在风险并输出分析报告
3、闭环运营机制建设：建立风险感知—策略处置—效果评估的闭环运营机制，持续优化策略命中率与拦截精准度，平衡安全与用户体验
4、案件处置与策略调优：处理用户关于账号封禁的申诉，分析误判原因，优化策略逻辑，降低误杀率
5、治理推进与跨部门协作：主导冷门接口、低优先级服务的风险识别与治理，协调算法、研发、产品、业务等相关方完成策略迭代与系统能力（如验证码、设备指纹、人脸识别等）的落地

任职资格：
1、本科及以上学历，统计学、计算机、数学或相关专业优先
2、3年以上互联网风控策略运营经验，有大型社交、电商或 O2O 平台账号风控或流量治理经验者优先
3、精通 SQL，具备一定的 Python 数据分析能力与数据建模思维
4、对互联网＂黑灰产＂产业链有深刻理解，熟悉常见攻击手段（爬虫、刷量、批量注册、设备群控等）及防御逻辑
5、数据敏感度高，能从海量数据中发现风险规律，具备策略设计与效果评估能力
6、具备极强的逻辑思维能力、抗压能力和沟通协作能力，善于跨团队拉齐认知、推动治理落地","小红书由毛文超和瞿芳于2013年在上海创立。小红书以“Inspire Lives分享和发现世界的精彩”为使命，用户可以通过短视频、图文等形式记录生活点滴，分享生活方式，并基于兴趣形成互动。

 2018年6月1日，小红书完成了超过3亿美元的新一轮融资，由阿里巴巴领投，金沙江创投、腾讯投资、纪源资本、元生资本、天图投资、真格基金、K11郑志刚先生等机构公司及个人跟投，估值超过30亿美元。截至到2019年10月，小红书月活跃用户数已经过亿，其中70%用户是90后，并持续快速增长。
凭借真实、向上、多元的社区氛围，小红书已成为年轻人不可替代的生活方式平台和消费决策入口，具有制造流行和热点的能力。

 小红书社区目前内容覆盖时尚、美妆、个护、美食、旅行、娱乐、读书、健身、母婴等各个生活方式领域，每天产生超过80亿次的笔记曝光。过去一年中，小红书用户分享的内容呈几何级数增长，截止到2019年12月，用户分享笔记量增长4.4倍，其中教育学习类笔记发布量上涨6.4倍，体育赛事类上涨8.4倍，摄影类上涨6.2倍。

 作为生活方式社区，小红书因“种草经济”闻名，独特性就在于，大部分互联网社区更多是依靠线上的虚拟身份，而小红书用户发布的内容都来自于真实生活。对用户而言，小红书并不能像其他虚拟社区一样，提供线上内容消费的即时满足感。用户在小红书不论是发现了一支适合自己的口红，还是发现了一个想去的景点或餐厅，想要获得消费的满足感，必须在现实生活中才能完成。

 在小红书，一个用户通过“线上分享”消费体验，引发“社区互动”，能够推动其他用户去到“线下消费”，这些用户反过来又会进行更多的“线上分享”，最终形成一个正循环。
 基于“种草”的特性，小红书也成为了爆款和品牌的孵化器。迄今为止，小红书汇聚了全球190多个国家和地区，超过4万个品牌。依靠用户生产的海量真实笔记，小红书已经成长为全球最真实的消费口碑库，更成为新品牌尤其是新国货品牌，取得用户信任的关键一步。
 截止到2019年10月，过去一年，小红书用户在平台发布了超过180万篇国货相关的笔记，同比增长110%，累计获得来自超过4200万人的3亿次分享和讨论，包括美妆护肤品牌自然之名、谷雨、花西子等，服饰鞋靴品牌致知、Maia Active、Ubras、Orange desire等，以及食品品牌小仙炖、钟薛高等越来越多新国货品牌“走红”于小红书。

 小红书秉持有向上、走进用户、开放心态、务实、担当的企业文化，致力于成为最受用户信任的互联网公司。2015年9月，国务院总理李克强来到小红书视察时寄语，“今天的成绩，三分靠创新，七分靠打拼“。2020年3月，中央政治局委员、上海市委书记李强走访小红书时寄语，要充分看到新经济、新消费等发展机遇，充分依托上海的市场优势、场景优势、资源优势，找准各类消费群体的兴奋点、关注点、聚焦点，时不我待，深入谋划，创新方式，进一步精准有效搭建消费平台、释放消费潜力、做强消费品牌。
2017年12月24日，小红书和华为等优秀公司一起，被《人民日报》评为代表中国消费科技产业的“中国品牌奖”。
 小红书总部位于上海新天地，在北京设有分公司，武汉设有研发中心和用户服务中心，目前员工总计超过2000人。

 小红书社区用户分享的真实笔记正在影响着一代人的消费决策，也因此吸引了全球优质品牌的入驻。小红书商城作为生活方式社区的重要板块，专注于服务消费升级大潮中的年轻时尚群体，网罗全球潮流好物。依托独有的社区口碑营销和品牌内容推广，帮助品牌更有效的与优质用户互动，获得快速可持续的增长。目前，各类品牌旗舰店、综合商店等第三方商户所销售的产品数量占商城总量的95%。

 小红书企业号部门围绕“企业号”这一核心产品，整合公司从社区营销一直到交易闭环的资源，更好地连接消费者和品牌，帮助品牌在小红书完成一站式闭环营销，提供全链条服务。迄今为止，已有包括时尚服饰、美妆个护、生活服务等在内的23个行业，近4万个企业开通了企业号。

 经过近7年的累积，小红书特有的真实、向上、多元的社区氛围，不断吸引着越来越多的伙伴，探索着美好生活的更多可能性。小红书独特的城市生态，正在吸引更多品牌和行业伙伴，共同探索未来的商业价值。"
unknown:1980673775,1980673775,unknown,风控策略运营,小红书,互联网,D轮及以上融资,1000-2000人,西湖区,25-50k·16薪,3-5年,本科,,5月15日更新,招1人,,标题领域词=风控; 标题岗位词=运营; 公司标签=互联网,https://www.liepin.com/zpfengkongyunying/,https://www.liepin.com/zpfengkongyunying/pn4/,https://www.liepin.com/job/1980673775.shtml,2026-05-23T12:52:11+08:00,2026-06-04T14:08:00+08:00,"工作职责：
1、策略制定与维护：负责平台账号全生命周期与流量安全层面的风险策略运营，对抗机器注册、盗号、爬虫、刷量、自动化脚本、设备群控等黑灰产行为
2、数据分析与风险挖掘：监控账号安全与流量安全核心指标，通过 SQL/Python 挖掘异常数据特征，发现潜在风险并输出分析报告
3、闭环运营机制建设：建立风险感知—策略处置—效果评估的闭环运营机制，持续优化策略命中率与拦截精准度，平衡安全与用户体验
4、案件处置与策略调优：处理用户关于账号封禁的申诉，分析误判原因，优化策略逻辑，降低误杀率
5、治理推进与跨部门协作：主导冷门接口、低优先级服务的风险识别与治理，协调算法、研发、产品、业务等相关方完成策略迭代与系统能力（如验证码、设备指纹、人脸识别等）的落地

任职资格：
1、本科及以上学历，统计学、计算机、数学或相关专业优先
2、3年以上互联网风控策略运营经验，有大型社交、电商或 O2O 平台账号风控或流量治理经验者优先
3、精通 SQL，具备一定的 Python 数据分析能力与数据建模思维
4、对互联网＂黑灰产＂产业链有深刻理解，熟悉常见攻击手段（爬虫、刷量、批量注册、设备群控等）及防御逻辑
5、数据敏感度高，能从海量数据中发现风险规律，具备策略设计与效果评估能力
6、具备极强的逻辑思维能力、抗压能力和沟通协作能力，善于跨团队拉齐认知、推动治理落地","小红书由毛文超和瞿芳于2013年在上海创立。小红书以“Inspire Lives分享和发现世界的精彩”为使命，用户可以通过短视频、图文等形式记录生活点滴，分享生活方式，并基于兴趣形成互动。

 2018年6月1日，小红书完成了超过3亿美元的新一轮融资，由阿里巴巴领投，金沙江创投、腾讯投资、纪源资本、元生资本、天图投资、真格基金、K11郑志刚先生等机构公司及个人跟投，估值超过30亿美元。截至到2019年10月，小红书月活跃用户数已经过亿，其中70%用户是90后，并持续快速增长。
凭借真实、向上、多元的社区氛围，小红书已成为年轻人不可替代的生活方式平台和消费决策入口，具有制造流行和热点的能力。

 小红书社区目前内容覆盖时尚、美妆、个护、美食、旅行、娱乐、读书、健身、母婴等各个生活方式领域，每天产生超过80亿次的笔记曝光。过去一年中，小红书用户分享的内容呈几何级数增长，截止到2019年12月，用户分享笔记量增长4.4倍，其中教育学习类笔记发布量上涨6.4倍，体育赛事类上涨8.4倍，摄影类上涨6.2倍。

 作为生活方式社区，小红书因“种草经济”闻名，独特性就在于，大部分互联网社区更多是依靠线上的虚拟身份，而小红书用户发布的内容都来自于真实生活。对用户而言，小红书并不能像其他虚拟社区一样，提供线上内容消费的即时满足感。用户在小红书不论是发现了一支适合自己的口红，还是发现了一个想去的景点或餐厅，想要获得消费的满足感，必须在现实生活中才能完成。

 在小红书，一个用户通过“线上分享”消费体验，引发“社区互动”，能够推动其他用户去到“线下消费”，这些用户反过来又会进行更多的“线上分享”，最终形成一个正循环。
 基于“种草”的特性，小红书也成为了爆款和品牌的孵化器。迄今为止，小红书汇聚了全球190多个国家和地区，超过4万个品牌。依靠用户生产的海量真实笔记，小红书已经成长为全球最真实的消费口碑库，更成为新品牌尤其是新国货品牌，取得用户信任的关键一步。
 截止到2019年10月，过去一年，小红书用户在平台发布了超过180万篇国货相关的笔记，同比增长110%，累计获得来自超过4200万人的3亿次分享和讨论，包括美妆护肤品牌自然之名、谷雨、花西子等，服饰鞋靴品牌致知、Maia Active、Ubras、Orange desire等，以及食品品牌小仙炖、钟薛高等越来越多新国货品牌“走红”于小红书。

 小红书秉持有向上、走进用户、开放心态、务实、担当的企业文化，致力于成为最受用户信任的互联网公司。2015年9月，国务院总理李克强来到小红书视察时寄语，“今天的成绩，三分靠创新，七分靠打拼“。2020年3月，中央政治局委员、上海市委书记李强走访小红书时寄语，要充分看到新经济、新消费等发展机遇，充分依托上海的市场优势、场景优势、资源优势，找准各类消费群体的兴奋点、关注点、聚焦点，时不我待，深入谋划，创新方式，进一步精准有效搭建消费平台、释放消费潜力、做强消费品牌。
2017年12月24日，小红书和华为等优秀公司一起，被《人民日报》评为代表中国消费科技产业的“中国品牌奖”。
 小红书总部位于上海新天地，在北京设有分公司，武汉设有研发中心和用户服务中心，目前员工总计超过2000人。

 小红书社区用户分享的真实笔记正在影响着一代人的消费决策，也因此吸引了全球优质品牌的入驻。小红书商城作为生活方式社区的重要板块，专注于服务消费升级大潮中的年轻时尚群体，网罗全球潮流好物。依托独有的社区口碑营销和品牌内容推广，帮助品牌更有效的与优质用户互动，获得快速可持续的增长。目前，各类品牌旗舰店、综合商店等第三方商户所销售的产品数量占商城总量的95%。

 小红书企业号部门围绕“企业号”这一核心产品，整合公司从社区营销一直到交易闭环的资源，更好地连接消费者和品牌，帮助品牌在小红书完成一站式闭环营销，提供全链条服务。迄今为止，已有包括时尚服饰、美妆个护、生活服务等在内的23个行业，近4万个企业开通了企业号。

 经过近7年的累积，小红书特有的真实、向上、多元的社区氛围，不断吸引着越来越多的伙伴，探索着美好生活的更多可能性。小红书独特的城市生态，正在吸引更多品牌和行业伙伴，共同探索未来的商业价值。"
unknown:1966097421,1966097421,unknown,风控运营,岭南数科,"计算机软件,互联网,IT服务",不需要融资,50-99人,南宁-星光大道,4-6k,经验不限,本科,年终奖金 | 绩效奖金 | 团队聚餐 | 休闲餐点,90天前更新,招1人,年终奖金 | 绩效奖金 | 团队聚餐 | 休闲餐点 | 领导好 | 弹性工作 | 发展空间大,标题领域词=风控; 标题岗位词=运营; 公司标签=互联网,https://www.liepin.com/zpfengkongyunying/,https://www.liepin.com/zpfengkongyunying/pn1/,https://www.liepin.com/job/1966097421.shtml,2026-04-14T14:01:30+08:00,2026-06-04T14:08:00+08:00,"岗位职责:

1、通过风险管理及实时监控日常风控数据，及时发现异常交易并进行调查分析及审核；

2、配合商务完成上游渠道的风控对接,熟悉上游渠道的合规政策并调整完善公司合规政策，督促公司落实相关政策；

3、基于监管机构及行业合规文件管理要求，制定及落实风控管理制度及流程；

4、负责风控流程相关的系统本地化建设及优化，商户尽职调查，交易监控，交易上报等工作；

5、风控及反洗钱相关的工作事宜。


任职要求：

1、本科及以上学历，英语、金融、财会等专业，或具有支付行业从业背景者优先；

2、英语四级及以上，英语听力及阅读能力过关；

3、较强的沟通协调能力和问题解决、项目推动能力；

4、具备良好的理解能力，能够基于公司需求挖掘业务痛点；

5、具备良好的总结及梳理能力，且能独立完成工作任务；

6、责任心和自我驱动力强。","深圳岭南数字科技有限公司（以下简称“岭南数科”），是一家在产业数字化领域深耕的科技创新型企业，致力于为企业和政府客户提供一站式、全方位的产业数字化综合解决方案。核心团队由SAP等国际ERP巨头与国内顶尖ERP厂商精英组成，具备深厚的行业背景与专业技能。

岭南数科业务场景整合了产业数字化咨询、软件定制、科技金融赋能以及数据资产化全链条服务，凭借团队对行业的深度洞察与丰富的实践经验，提供高品质、高效率的综合解决方案，助力客户实现业务提升与价值增长。同时，岭南数科亦保持稳健发展，为客户提供长期稳定的支持与合作，以共同应对市场挑战，实现共赢发展。

福利待遇：
1. 弹性考勤，周末双休。公众及传统假期严格按国家法律法规执行；
2. 有竞争力薪酬体系，不固定调薪机制，多元化叠加激励；工作表现突出、特殊贡献的还有额外惊喜；
3. 入职即缴纳五险一金（全员一档社保）；
4. 文化生活丰富，如：不定期聚餐、生日会、运动会、桌游、演唱会、艺术展览、爬山、旅游、户外拓展等；
5. 外资工作氛围，行业 10 年 20 年资深前辈，世界 100 强企业大牛带队。手把手带您走进不一样的工作模式，深度学习实践各项专业能力，打开对行业、对职业的新认知；
6. 我们在积极寻找的不一定是最优秀但一定是最合适的您，您的加入将成为岭南数科发展不可或缺的坚实力量。

诚挚邀请您的加入！"
unknown:1962416821,1962416821,unknown,风控运营专员,巨网科技,互联网,已上市,100-499人,杭州-浦沿,16-25k,1-3年,大专,五险一金 | 定期体检 | 团队聚餐 | 休闲餐点,90天前更新,招1人,五险一金 | 定期体检 | 团队聚餐 | 休闲餐点 | 节日礼物 | 加班补贴 | 餐费补贴 | 扁平管理 | 管理规范 | 公司规模大,标题领域词=风控; 标题岗位词=运营; 公司标签=互联网,https://www.liepin.com/zpfengkongyunying/,https://www.liepin.com/zpfengkongyunying/pn2/,https://www.liepin.com/job/1962416821.shtml,2026-04-14T14:01:30+08:00,2026-06-04T14:08:00+08:00,"岗位职责:
1、查看新开主体的各类资质（主要是行业资质和投放资质）是否存在过期及造假风险
2、做好每日投放账户素材巡查及复核工作
3、每周输出上周各行业top客户跑的产品、消耗、转化情况，对比大盘信息，分析差异原因并提出优化。
4、整理二代客户情况，关注授信情况与回款情况，不定时参与授信评估工作
5、关注每周被封停账户的原因，及时关注媒体封停倾向，对客户提出预警
6、双周询问代运营同学所遇到的集中性问题内部同步、分享，并针对性的给予客户建议。


任职要求:
1、大专及以上学历；
2、3年左右银行风控部门工作经验，或法务、运营、媒介等工作背景；
3、具备良好的风险防控意识，对搜索推广和信息流风险管理有一定认识；
4、跨团队沟通能力强，能够准确理解需求；
5、原则性强，具备较强的执行力与推动力及较好的团队合作能力；


标准工作时间：
8：30—12：00 13：00-17：30，双休，节假日正常放假
福利待遇：
五险一金、餐补、下午茶、三节福利、工龄工资、带薪休假、团建旅游、年度体检等","江西巨网科技有限公司（简称：巨网科技），注册成立于2010年，是一家立足于长尾流量整合，全面布局互联网广告营销生态企业。巨网科技（**************)总部设立在江西省上饶市数字经济服务园，并在上海漕河泾、北京海淀区设有分公司，在杭州江干区、上饶县设有全资子公司。
 2010年公司进入互联网广告分发行业，凭借自主研发的云控精准广告分发平台以及先发的行业优势，集聚了国内大量的二三线网站、wap站、APP应用等优质长尾流量，构建了强大的广告投放渠道，成为百度、360等知名互联网企业的核心流量供应商，并为腾讯、百度、淘宝、阿里巴巴、奇虎360、搜狐、赶集网、乐视体育等在内的多家电子商务、网络游戏、网络服务商、品牌客户提供精准广告投放服务。公司目前已拥有的媒体资源可以实现日覆盖2.5亿+移动互联网用户媒体资源、日展示5亿+广告资源，是中国优质的互联网广告投放服务提供商。
 
 江西巨网科技有限公司上海分公司-于2016年设立新媒体事业部。
至今部门规模扩大至60人左右，团队成员年轻活力有朝气(*^▽^*)基本都是90后的小哥哥与小姐姐。
自创立以来，已掌握累计粉丝近6000万、五百多个微信公众号，类别涵盖美妆、时尚、星座、穿搭、生活窍门、情感、美食、烘焙、手工、搞笑段子等多个领域，打造了多个广受粉丝追捧的公众号：
例如：＜CoCoFan可可范＞、＜种草囤货日记＞、＜MISS B有颜有料＞
在内容呈现方面不单单局限于图文，更在音频、视频、漫画方面发力，打造了多个广受粉丝追捧的公众号，如：＜深夜告白＞、＜喵小萌＞、＜莫问大叔＞、＜南川大叔＞等。
 同时还有在线知识付费课程“青柠微课堂”，深受女性的追捧和喜欢。

 一直以来，巨网科技秉承着“连接所有合作伙伴，创造价值”为使命，以“诚信、专注、共赢、创新”为价值观。未来公司不仅于线上发力，也将与线下全面结合，并借助资本市场的力量实现持续扩张，在专业化与多元化并行的同时，实现全新突破。"
unknown:1977519747,1977519747,unknown,风控运营专员1,巨网科技,互联网,已上市,100-499人,杭州-浦沿,16-25k,1-3年,大专,五险一金 | 定期体检 | 团队聚餐 | 休闲餐点,90天前更新,招1人,五险一金 | 定期体检 | 团队聚餐 | 休闲餐点 | 节日礼物 | 加班补贴 | 餐费补贴 | 扁平管理 | 管理规范 | 公司规模大,标题领域词=风控; 标题岗位词=运营; 公司标签=互联网,https://www.liepin.com/zpfengkongyunying/,https://www.liepin.com/zpfengkongyunying/pn1/,https://www.liepin.com/job/1977519747.shtml,2026-04-14T14:01:30+08:00,2026-06-04T14:08:00+08:00,"岗位职责:
1、查看新开主体的各类资质（主要是行业资质和投放资质）是否存在过期及造假风险
2、做好每日投放账户素材巡查及复核工作
3、每周输出上周各行业top客户跑的产品、消耗、转化情况，对比大盘信息，分析差异原因并提出优化。
4、整理二代客户情况，关注授信情况与回款情况，不定时参与授信评估工作
5、关注每周被封停账户的原因，及时关注媒体封停倾向，对客户提出预警
6、双周询问代运营同学所遇到的集中性问题内部同步、分享，并针对性的给予客户建议。


任职要求:
1、大专及以上学历；
2、3年左右银行风控部门工作经验，或法务、运营、媒介等工作背景；
3、具备良好的风险防控意识，对搜索推广和信息流风险管理有一定认识；
4、跨团队沟通能力强，能够准确理解需求；
5、原则性强，具备较强的执行力与推动力及较好的团队合作能力；


标准工作时间：
8：30—12：00 13：00-17：30，双休，节假日正常放假
福利待遇：
五险一金、餐补、下午茶、三节福利、工龄工资、带薪休假、团建旅游、年度体检等","江西巨网科技有限公司（简称：巨网科技），注册成立于2010年，是一家立足于长尾流量整合，全面布局互联网广告营销生态企业。巨网科技（**************)总部设立在江西省上饶市数字经济服务园，并在上海漕河泾、北京海淀区设有分公司，在杭州江干区、上饶县设有全资子公司。
 2010年公司进入互联网广告分发行业，凭借自主研发的云控精准广告分发平台以及先发的行业优势，集聚了国内大量的二三线网站、wap站、APP应用等优质长尾流量，构建了强大的广告投放渠道，成为百度、360等知名互联网企业的核心流量供应商，并为腾讯、百度、淘宝、阿里巴巴、奇虎360、搜狐、赶集网、乐视体育等在内的多家电子商务、网络游戏、网络服务商、品牌客户提供精准广告投放服务。公司目前已拥有的媒体资源可以实现日覆盖2.5亿+移动互联网用户媒体资源、日展示5亿+广告资源，是中国优质的互联网广告投放服务提供商。
 
 江西巨网科技有限公司上海分公司-于2016年设立新媒体事业部。
至今部门规模扩大至60人左右，团队成员年轻活力有朝气(*^▽^*)基本都是90后的小哥哥与小姐姐。
自创立以来，已掌握累计粉丝近6000万、五百多个微信公众号，类别涵盖美妆、时尚、星座、穿搭、生活窍门、情感、美食、烘焙、手工、搞笑段子等多个领域，打造了多个广受粉丝追捧的公众号：
例如：＜CoCoFan可可范＞、＜种草囤货日记＞、＜MISS B有颜有料＞
在内容呈现方面不单单局限于图文，更在音频、视频、漫画方面发力，打造了多个广受粉丝追捧的公众号，如：＜深夜告白＞、＜喵小萌＞、＜莫问大叔＞、＜南川大叔＞等。
 同时还有在线知识付费课程“青柠微课堂”，深受女性的追捧和喜欢。

 一直以来，巨网科技秉承着“连接所有合作伙伴，创造价值”为使命，以“诚信、专注、共赢、创新”为价值观。未来公司不仅于线上发力，也将与线下全面结合，并借助资本市场的力量实现持续扩张，在专业化与多元化并行的同时，实现全新突破。"
unknown:1978999607,1978999607,unknown,机构风险运营(A152642),度小满,互联网,融资未公开,2000-5000人,北京-马连洼,30-50k·16薪,5-10年,本科,五险一金 | 绩效奖金 | 带薪年假 | 优秀员工奖,90天前更新,招1人,五险一金 | 绩效奖金 | 带薪年假 | 优秀员工奖 | 餐费补贴 | 免费班车 | 节日礼物 | 子女福利 | 休闲餐点 | 定期体检,标题领域词=风险; 标题岗位词=运营; 公司标签=互联网,https://www.liepin.com/zpfengxianyunying/,https://www.liepin.com/zpfengxianyunying/,https://www.liepin.com/job/1978999607.shtml,2026-04-14T14:01:30+08:00,2026-06-04T14:08:00+08:00,"职位描述：
1、负责外部合作机构风险相关工作对接，解决日常机构风控相关业务诉求解答，协同优化风险管理策略，为业务运营提供可靠的风险决策支持；
2、负责合作机构资产核心承接指标及风险指标监控及预测，负责业务风险数据分析，深入挖掘数据，为风险管理提供数据支持和业务洞察，输出报告的自闭环;
3、支持团队数据分析，有效提升整体资产承接能力，发现业务问题，通过深入分析寻找改善机会，跟进重点项目专题挖掘，支持业务提效；
4、标准化风控产品建设，包括但不限于建模分析平台、风险指标、贷中预警文件等产品标准化、合规化设计与落地。
5、针对指定研究专题，整合数据资源，收集业务信息，完成实验设计、专题探查、分析和策略优化等；
6、参与风险管理模型分析，持续监测和评估风险状况，提出改进方案；

职位要求：
1、大学本科及以上学历，6年及以上互联网行业商业分析、数据分析工作经验;
2、优秀的数据分析能力及结构化思维，敏锐的数据洞察力；
3、具备良好的沟通协调能力，学习能力，成就驱动，具有团队合作精神，诚实正直；
4、熟练掌握SQL及常见数据分析工具，具备复杂数据提炼和呈现能力，掌握撰写数据分析报告技能；
5、良好的沟通能力、耐压力、说服力，和强大的推动力，有良好的展现汇报能力。",度小满金融，即原百度金融。2018年4月，百度金融服务事业群组正式完成拆分融资协议签署，启用全新品牌“度小满金融”，实现独立运营。百度在2015年12月14日成立金融服务事业群组，由百度高级副总裁朱光全面负责，利用人工智能技术在金融领域布局。目前，度小满金融通过“有钱花”、“度小满理财”、“度小满钱包”以及“磐石金科平台”、“智能语音机器人”等产品与服务，完成了在消费信贷、财富管理、支付以及金融科技领域的布局。
unknown:1981007999,1981007999,unknown,机构风险运营- 风险代运营业务,度小满,互联网,融资未公开,2000-5000人,北京-马连洼,18-30k·16薪,3-5年,本科,,3月17日更新,招1人,,标题领域词=风险; 标题岗位词=运营; 公司标签=互联网,https://www.liepin.com/zpfengxianyunying/,https://www.liepin.com/zpfengxianyunying/,https://www.liepin.com/job/1981007999.shtml,2026-04-14T14:01:30+08:00,2026-06-04T14:08:00+08:00,"岗位职责
1.业务运营与流程优化：深度理解风险代运营业务模式（如担保固收、有限分润等），掌握市场主流玩法与机构合作关键点；从机构视角系统梳理并优化贷前、贷中、贷后全流程运营动线，提升业务处理效率与体验；主动监控业务健康度，及时发现并推动解决流程瓶颈与运营问题。
2. 机构合作与项目管理：作为机构对接核心接口，负责制定并落地联合运营方案，通过资源整合与策略协同提升转化效果与资产收益；具备端到端项目管理能力，协调内外部资源，推动运营流程标准化、策略模型迭代等关键项目落地。
3. 数据分析与策略驱动：负责日常数据监控与归因分析，定位数据波动根因，输出优化建议并推动业务链路持续迭代；定期产出机构侧运营报告，向合作方清晰呈现业务表现，并向内部风险、产品团队提供数据洞察与决策支持。
4. 运营保障与风险协同：统筹处理代运营业务中的客诉、催收协同及结算核对等运营保障工作，确保业务合规平稳运作；与风险团队紧密协作，基于运营数据反馈，参与策略调优与模型迭代的讨论，共同实现风险与收益目标。
任职要求
1.本科及以上学历，3-5年金融机构运营、互金平台运营或数据分析经验，熟悉信贷业务流程与关键指标；
2.具备优秀的跨部门沟通与项目管理能力，能高效协同内外部团队，推动复杂项目落地，结果导向清晰；
3.数据处理能力强，熟练使用Excel/SQL进行数据分析，能独立完成问题排查与报告撰写；
4.逻辑严谨，具备出色的多任务管理与抗压能力，能适应快节奏业务环境。",度小满金融，即原百度金融。2018年4月，百度金融服务事业群组正式完成拆分融资协议签署，启用全新品牌“度小满金融”，实现独立运营。百度在2015年12月14日成立金融服务事业群组，由百度高级副总裁朱光全面负责，利用人工智能技术在金融领域布局。目前，度小满金融通过“有钱花”、“度小满理财”、“度小满钱包”以及“磐石金科平台”、“智能语音机器人”等产品与服务，完成了在消费信贷、财富管理、支付以及金融科技领域的布局。
unknown:1982835285,1982835285,unknown,大模型运营管理岗（内容安全/管理/多base）,快手,互联网,已上市,10000人以上,北京-西二旗,20-40k·16薪,3年以上,大专,五险一金 | 年终奖金 | 节日礼物 | 带薪年假,5月25日更新,招1人,五险一金 | 年终奖金 | 节日礼物 | 带薪年假 | 定期体检 | 公司规模大,标题领域词=内容安全; 标题岗位词=运营; 公司标签=互联网,https://www.liepin.com/zpneironganquan/,https://www.liepin.com/zpneironganquan/,https://www.liepin.com/job/1982835285.shtml,2026-06-01T14:19:06+08:00,2026-06-04T14:08:00+08:00,"【岗位职责】
1. 团队管理：负责大模型运营团队的目标拆解、任务分派、绩效评估与人才培养。
2. 人审链路优化：带领团队通过 Prompt 工程、模型微调/训练、RAG、Agent 等多种技术手段，持续提升人审链路的自动化过滤能力（如预审、打标、辅助判断），降低人工介入成本与漏误判率。
3. 策略与评测：拆解审核业务违规场景，制定模型策略与评估指标；设计并维护评测集，驱动样本回流与模型迭代。
4. 亲自执行：熟练使用 SQL、Python 完成数据处理与可视化；可独立编写可灰度的 Agent 原型或 PE 方案，作为团队技术兜底与示范。
5. 协同落地：联动审核、产品、算法团队，推动方案上线、灰度实验及线上效果跟踪，量化对“人审过滤率、人工耗时”等核心指标的改善。
【任职要求】
1. 3 年以上内容安全或审核策略经验，其中 1 年以上团队管理经验（直接带人）。
2. 熟练掌握 Prompt 工程（如 few-shot、CoT）、了解模型训练/微调基本流程；熟练使用 Python、SQL。
3. 至少主导过 1 个利用大模型/Agent 优化审核链路并量化收益的项目。
4. 逻辑清晰，跨部门推动力强，对数据敏感，能亲自下场解决复杂问题。
5. 本科及以上学历，计算机、人工智能、统计学等相关专业优先。",快手是内容社区和社交平台，是短视频行业开创者。快手致力于创造一个温暖和信任的社区，让更多普通人拥有表达和被看见的机会，并由此培育了繁荣与高互动的社区生态，每天有上千万优质内容上传。
unknown:1982835283,1982835283,unknown,大模型运营管理岗（内容安全/管理/多base）,快手,互联网,已上市,10000人以上,成都-中和,20-40k·16薪,3年以上,大专,五险一金 | 年终奖金 | 节日礼物 | 带薪年假,5月25日更新,招1人,五险一金 | 年终奖金 | 节日礼物 | 带薪年假 | 定期体检 | 公司规模大,标题领域词=内容安全; 标题岗位词=运营; 公司标签=互联网,https://www.liepin.com/zpneironganquan/,https://www.liepin.com/zpneironganquan/,https://www.liepin.com/job/1982835283.shtml,2026-06-01T14:19:06+08:00,2026-06-04T14:08:00+08:00,"【岗位职责】
1. 团队管理：负责大模型运营团队的目标拆解、任务分派、绩效评估与人才培养。
2. 人审链路优化：带领团队通过 Prompt 工程、模型微调/训练、RAG、Agent 等多种技术手段，持续提升人审链路的自动化过滤能力（如预审、打标、辅助判断），降低人工介入成本与漏误判率。
3. 策略与评测：拆解审核业务违规场景，制定模型策略与评估指标；设计并维护评测集，驱动样本回流与模型迭代。
4. 亲自执行：熟练使用 SQL、Python 完成数据处理与可视化；可独立编写可灰度的 Agent 原型或 PE 方案，作为团队技术兜底与示范。
5. 协同落地：联动审核、产品、算法团队，推动方案上线、灰度实验及线上效果跟踪，量化对“人审过滤率、人工耗时”等核心指标的改善。
【任职要求】
1. 3 年以上内容安全或审核策略经验，其中 1 年以上团队管理经验（直接带人）。
2. 熟练掌握 Prompt 工程（如 few-shot、CoT）、了解模型训练/微调基本流程；熟练使用 Python、SQL。
3. 至少主导过 1 个利用大模型/Agent 优化审核链路并量化收益的项目。
4. 逻辑清晰，跨部门推动力强，对数据敏感，能亲自下场解决复杂问题。
5. 本科及以上学历，计算机、人工智能、统计学等相关专业优先。",快手是内容社区和社交平台，是短视频行业开创者。快手致力于创造一个温暖和信任的社区，让更多普通人拥有表达和被看见的机会，并由此培育了繁荣与高互动的社区生态，每天有上千万优质内容上传。
unknown:1980606351,1980606351,unknown,支付风控运营专家（北京）,快手,互联网,已上市,10000人以上,北京-西二旗,25-45k·16薪,3-5年,本科,发展空间大,90天前更新,招1人,发展空间大,标题领域词=风控; 标题岗位词=运营; 公司标签=互联网,https://www.liepin.com/zpfengkongyunying/,https://www.liepin.com/zpfengkongyunying/pn1/,https://www.liepin.com/job/1980606351.shtml,2026-04-14T14:01:30+08:00,2026-06-04T14:08:00+08:00,"职位描述：1、负责制定并执行支付相关风险管理政策，确保风险控制措施的有效性和规范性；
2、根据公司业务风险情况或监管要求持续完善风控体系建设，确保关键审核流程标准化，包括不限于客户/商户准入、交易监控、调单等风险管理工作；
3、负责新业务模式的风险评估，并给出合理有效、兼顾风险及体验的风控解决方案；
4、建设并优化客户/商户的风险预警、识别、处置机制，并及时响应各类风险事件；
5、持续优化风控体验，降低风控打扰，降低客诉进线； 
 任职要求：1、本科及以上学历，金融、经济、管理、法律、计算机相关专业；
2、3年及以上银行、支付机构风控运营经验， 有资金安全相关领域（赌博、洗钱、欺诈、作弊）攻防经验者优先；
3、逻辑能力强，风险意识高，能够独立进行风险评估和分析，识别和评估支付业务中的潜在风险；
4、沟通能力强，具备多条线项目管理能力; 
5、数据导向，能够从数据中找到问题本质并通过数据化手段解决问题。",快手是内容社区和社交平台，是短视频行业开创者。快手致力于创造一个温暖和信任的社区，让更多普通人拥有表达和被看见的机会，并由此培育了繁荣与高互动的社区生态，每天有上千万优质内容上传。
unknown:1981690291,1981690291,unknown,内容安全运营,拼多多集团-PDD,"互联网,电子商务",10000人以上,,上海-古北,15-30k·16薪,3年以上,本科,五险一金 | 绩效奖金 | 扁平管理 | 餐费补贴,5月28日更新,招10人,五险一金 | 绩效奖金 | 扁平管理 | 餐费补贴 | 交通补助 | 发展空间大 | 管理规范 | 国际知名优势 | 岗位晋升 | 公司规模大,标题领域词=内容安全; 标题岗位词=运营; 公司标签=互联网,https://www.liepin.com/zpneironganquan/ | https://www.liepin.com/zpneironganquanyunying/,https://www.liepin.com/zpneironganquan/ | https://www.liepin.com/zpneironganquanyunying/,https://www.liepin.com/job/1981690291.shtml,2026-04-22T12:20:27+08:00,2026-06-04T14:08:00+08:00,"岗位职责：
1. 根据国家法律法规，制定文字、图像等内容安全相关的审核规则与制度；
2. 通过数据分析，找到风险的本质特征，通过产品化的方案，搭建内容安全体系；
3. 优化审核规则、审核策略，协调、管理外包团队，保障平台内容安全；
4. 深入理解互联网内容安全业务，聚焦用户体验，持续优化内部流程和风险模型。
任职要求：
1. 统招本科及以上学历，3年及以上内容安全运营经验，有互联网相关工作经验优先；
2. 逻辑清晰，有一定的数据分析和产品运营能力，较好的业务敏感度；
3. 熟悉内容安全相关法律法规，热衷于内容安全问题的研究。","创立于2015年4月，2018年7月在美国纳斯达克上市（NASDAQ：PDD）。作为新电商创新者，拼多多集团-PDD致力于以创新的消费者体验，融合“多实惠”和“多乐趣”，为广大用户创造持久的价值。
目前，拼多多集团-PDD在国内拥有年活跃买家9亿左右，活跃商家逾1400万，日均在途包裹数超过1亿件，旗下经营有中国大陆地区超大用户规模的电商平台和大型农副产品线上零售平台。
拼多多通过“线上下单+线下自提”的半预购模式，为广大消费者提供实惠、安心、便民的服务，目前已覆盖内地除西藏外的30个省级行政区，提货点开进了全国70%的行政村。
为助力中国制造出海，拼多多集团-PDD于2022年9月推出多多跨境，以新技术赋能出海业务，降低出海门槛，拓宽订单渠道，助力品牌培育，至今已深入中国百余个制造业产业带，推动上万家制造企业的优质产品进入北美、欧洲、亚洲等70多个国家和地区。"
unknown:1982552537,1982552537,unknown,内容安全运营,拼多多集团-PDD,"互联网,电子商务",10000人以上,,上海-古北,15-30k·16薪,经验不限,本科,年终奖金 | 五险一金 | 扁平管理,5月14日更新,招10人,年终奖金 | 五险一金 | 扁平管理,标题领域词=内容安全; 标题岗位词=运营; 公司标签=互联网,https://www.liepin.com/zpneironganquan/ | https://www.liepin.com/zpneironganquanyunying/,https://www.liepin.com/zpneironganquan/pn1/ | https://www.liepin.com/zpneironganquanyunying/,https://www.liepin.com/job/1982552537.shtml,2026-05-21T13:36:40+08:00,2026-06-04T14:08:00+08:00,"岗位职责：
1. 根据国家法律法规，制定文字、图像等内容安全相关的审核规则与制度；
2. 通过数据分析，找到风险的本质特征，通过产品化的方案，搭建内容安全体系；
3. 优化审核规则、审核策略，协调、管理外包团队，保障平台内容安全；
4. 深入理解互联网内容安全业务，聚焦用户体验，持续优化内部流程和风险模型。
任职要求：
1. 统招本科及以上学历，1年及以上内容安全运营经验，有互联网相关工作经验优先；
2. 逻辑清晰，有一定的数据分析和产品运营能力，较好的业务敏感度；
3. 熟悉内容安全相关法律法规，热衷于内容安全问题的研究。","创立于2015年4月，2018年7月在美国纳斯达克上市（NASDAQ：PDD）。作为新电商创新者，拼多多集团-PDD致力于以创新的消费者体验，融合“多实惠”和“多乐趣”，为广大用户创造持久的价值。
目前，拼多多集团-PDD在国内拥有年活跃买家9亿左右，活跃商家逾1400万，日均在途包裹数超过1亿件，旗下经营有中国大陆地区超大用户规模的电商平台和大型农副产品线上零售平台。
拼多多通过“线上下单+线下自提”的半预购模式，为广大消费者提供实惠、安心、便民的服务，目前已覆盖内地除西藏外的30个省级行政区，提货点开进了全国70%的行政村。
为助力中国制造出海，拼多多集团-PDD于2022年9月推出多多跨境，以新技术赋能出海业务，降低出海门槛，拓宽订单渠道，助力品牌培育，至今已深入中国百余个制造业产业带，推动上万家制造企业的优质产品进入北美、欧洲、亚洲等70多个国家和地区。"
unknown:1982123129,1982123129,unknown,内容安全运营,拼多多集团-PDD,"互联网,电子商务",10000人以上,,上海-古北,15-30k·16薪,经验不限,本科,发展空间大 | 公司规模大,6月1日更新,招10人,发展空间大 | 公司规模大,标题领域词=内容安全; 标题岗位词=运营; 公司标签=互联网,https://www.liepin.com/zpneironganquan/ | https://www.liepin.com/zpneironganquanyunying/,https://www.liepin.com/zpneironganquan/pn1/ | https://www.liepin.com/zpneironganquanyunying/pn4/,https://www.liepin.com/job/1982123129.shtml,2026-05-02T12:28:22+08:00,2026-06-04T14:08:00+08:00,"岗位职责：
1. 根据国家法律法规，制定文字、图像等内容安全相关的审核规则与制度；
2. 通过数据分析，找到风险的本质特征，通过产品化的方案，搭建内容安全体系；
3. 优化审核规则、审核策略，协调、管理外包团队，保障平台内容安全；
4. 深入理解互联网内容安全业务，聚焦用户体验，持续优化内部流程和风险模型。
任职要求：
1. 统招本科及以上学历，3年及以上内容安全运营经验，有互联网相关工作经验优先；
2. 逻辑清晰，有一定的数据分析和产品运营能力，较好的业务敏感度；
3. 熟悉内容安全相关法律法规，热衷于内容安全问题的研究。","创立于2015年4月，2018年7月在美国纳斯达克上市（NASDAQ：PDD）。作为新电商创新者，拼多多集团-PDD致力于以创新的消费者体验，融合“多实惠”和“多乐趣”，为广大用户创造持久的价值。
目前，拼多多集团-PDD在国内拥有年活跃买家9亿左右，活跃商家逾1400万，日均在途包裹数超过1亿件，旗下经营有中国大陆地区超大用户规模的电商平台和大型农副产品线上零售平台。
拼多多通过“线上下单+线下自提”的半预购模式，为广大消费者提供实惠、安心、便民的服务，目前已覆盖内地除西藏外的30个省级行政区，提货点开进了全国70%的行政村。
为助力中国制造出海，拼多多集团-PDD于2022年9月推出多多跨境，以新技术赋能出海业务，降低出海门槛，拓宽订单渠道，助力品牌培育，至今已深入中国百余个制造业产业带，推动上万家制造企业的优质产品进入北美、欧洲、亚洲等70多个国家和地区。"
unknown:1981593781,1981593781,unknown,内容安全运营,拼多多集团-PDD,"互联网,电子商务",10000人以上,,长宁区,15-25k·16薪,2-5年,本科,五险一金 | 年终奖金 | 定期体检 | 节日礼物,4月8日更新,招4人,五险一金 | 年终奖金 | 定期体检 | 节日礼物 | 休闲餐点 | 团队聚餐 | 公司规模大 | 发展空间大 | 扁平管理 | 领导好,标题领域词=内容安全; 标题岗位词=运营; 公司标签=互联网,https://www.liepin.com/zpneironganquan/ | https://www.liepin.com/zpneironganquanyunying/,https://www.liepin.com/zpneironganquan/pn2/ | https://www.liepin.com/zpneironganquanyunying/pn4/,https://www.liepin.com/job/1981593781.shtml,2026-04-14T14:01:30+08:00,2026-06-04T14:08:00+08:00,"岗位职责：
1. 根据国家法律法规，制定文字、图像等内容安全相关的审核规则与制度；
2. 通过数据分析，找到风险的本质特征，通过产品化的方案，搭建内容安全体系；
3. 优化审核规则、审核策略，协调、管理外包团队，保障平台内容安全；
4. 深入理解互联网内容安全业务，聚焦用户体验，持续优化内部流程和风险模型。

任职要求：
1. 统招本科及以上学历，3年及以上内容安全运营经验，有互联网相关工作经验优先；
2. 逻辑清晰，有一定的数据分析和产品运营能力，较好的业务敏感度；
3. 熟悉内容安全相关法律法规，热衷于内容安全问题的研究。","创立于2015年4月，2018年7月在美国纳斯达克上市（NASDAQ：PDD）。作为新电商创新者，拼多多集团-PDD致力于以创新的消费者体验，融合“多实惠”和“多乐趣”，为广大用户创造持久的价值。
目前，拼多多集团-PDD在国内拥有年活跃买家9亿左右，活跃商家逾1400万，日均在途包裹数超过1亿件，旗下经营有中国大陆地区超大用户规模的电商平台和大型农副产品线上零售平台。
拼多多通过“线上下单+线下自提”的半预购模式，为广大消费者提供实惠、安心、便民的服务，目前已覆盖内地除西藏外的30个省级行政区，提货点开进了全国70%的行政村。
为助力中国制造出海，拼多多集团-PDD于2022年9月推出多多跨境，以新技术赋能出海业务，降低出海门槛，拓宽订单渠道，助力品牌培育，至今已深入中国百余个制造业产业带，推动上万家制造企业的优质产品进入北美、欧洲、亚洲等70多个国家和地区。"
unknown:1968313313,1968313313,unknown,内容安全运营,拼多多集团-PDD,"互联网,电子商务",已上市,10000人以上,上海-虹桥,13-25k·16薪,2-5年,本科,,90天前更新,招1人,,标题领域词=内容安全; 标题岗位词=运营; 公司标签=互联网,https://www.liepin.com/zpneironganquan/ | https://www.liepin.com/zpneironganquanyunying/,https://www.liepin.com/zpneironganquan/pn4/ | https://www.liepin.com/zpneironganquanyunying/pn4/,https://www.liepin.com/job/1968313313.shtml,2026-04-14T14:01:30+08:00,2026-06-04T14:08:00+08:00,"岗位职责:
1.根据国家法律法规，制定文字、视频、广告等内容安全相关的审核规则与制度;
2.通过数据分析，行业调研，时政热点，找到风险的本质特征，通过策略或产品化工具搭建治理和风控防控体系;
3.及时根据调研结果或监管需求，调整审核规则、审核策略，协调、管理外包团队，保障平台内容安全;
4.深入理解互联网内容安全业务，聚焦用户体验，持续优化内部流程和风险模型。

任职要求:
1.统招本科及以上学历，2年及以上内容安全运营经验，有主流网站平台相关经验优先;
2.有较强的数据分析和产品运营能力，逻辑清晰条理性强，较好的业务敏感度;
3.富有责任心、热衷于内容安全问题的研究;
4.良好的沟通能力，有多业务方沟通/协调/推动业务落地的经验。","拼多多集团-PDD 公司简介
创立于2015年4月，2018年7月在美国纳斯达克上市（NASDAQ：PDD）。作为新电商创新者，拼多多集团-PDD致力于以创新的消费者体验，融合“多实惠”和“多乐趣”，为广大用户创造持久的价值。 

目前，拼多多集团-PDD在国内拥有年活跃买家9亿左右，活跃商家逾1400万，日均在途包裹数超过1亿件，旗下经营有中国大陆地区超大用户规模的电商平台和大型农副产品线上零售平台。

其中，多多买菜自2020年8月启动以来，通过“线上下单+线下自提”的半预购模式，为广大消费者提供实惠、安心、便民的社区团购服务，目前已覆盖内地除西藏外的30个省级行政区，提货点开进了全国70%的行政村。 

为助力中国制造出海，拼多多集团-PDD于2022年9月推出多多跨境，以新技术赋能出海业务，降低出海门槛，拓宽订单渠道，助力品牌培育，至今已深入中国百余个制造业产业带，推动上万家制造企业的优质产品进入北美、欧洲、亚洲等70多个国家和地区。"
unknown:1960197691,1960197691,unknown,内容安全运营,拼多多集团-PDD,"互联网,电子商务",已上市,10000人以上,上海-仙霞,18-25k·16薪,3年以上,本科,,90天前更新,招1人,,标题领域词=内容安全; 标题岗位词=运营; 公司标签=互联网,https://www.liepin.com/zpneironganquan/ | https://www.liepin.com/zpneironganquanyunying/,https://www.liepin.com/zpneironganquan/pn4/ | https://www.liepin.com/zpneironganquanyunying/pn4/,https://www.liepin.com/job/1960197691.shtml,2026-04-14T14:01:30+08:00,2026-06-04T14:08:00+08:00,"岗位职责
1. 根据国家法律法规，制定文字、图像等内容安全相关的审核规则与制度；
2. 通过数据分析，找到风险的本质特征，通过产品化的方案，搭建内容安全治理体系；
3. 优化审核规则、审核策略，协调、管理外包团队，保障平台内容安全；
4. 深入理解互联网内容安全业务，聚焦用户体验，持续优化内部流程和风险模型。
任职要求
1. 统招本科及以上学历，3年及以上内容安全运营经验，有互联网治理相关工作经验优先；
2. 逻辑清晰，有一定的数据分析和产品运营能力，较好的业务敏感度；
3. 熟悉内容安全相关法律法规，热衷于内容安全问题的研究。","拼多多集团-PDD 公司简介
创立于2015年4月，2018年7月在美国纳斯达克上市（NASDAQ：PDD）。作为新电商创新者，拼多多集团-PDD致力于以创新的消费者体验，融合“多实惠”和“多乐趣”，为广大用户创造持久的价值。 

目前，拼多多集团-PDD在国内拥有年活跃买家9亿左右，活跃商家逾1400万，日均在途包裹数超过1亿件，旗下经营有中国大陆地区超大用户规模的电商平台和大型农副产品线上零售平台。

其中，多多买菜自2020年8月启动以来，通过“线上下单+线下自提”的半预购模式，为广大消费者提供实惠、安心、便民的社区团购服务，目前已覆盖内地除西藏外的30个省级行政区，提货点开进了全国70%的行政村。 

为助力中国制造出海，拼多多集团-PDD于2022年9月推出多多跨境，以新技术赋能出海业务，降低出海门槛，拓宽订单渠道，助力品牌培育，至今已深入中国百余个制造业产业带，推动上万家制造企业的优质产品进入北美、欧洲、亚洲等70多个国家和地区。"
unknown:1979117667,1979117667,unknown,内容安全运营专员,拼多多集团-PDD,"互联网,电子商务",已上市,10000人以上,长宁区,15-20k·16薪,1-3年,本科,,90天前更新,招1人,,标题领域词=内容安全; 标题岗位词=运营; 公司标签=互联网,https://www.liepin.com/zpneironganquan/ | https://www.liepin.com/zpneironganquanyunying/,https://www.liepin.com/zpneironganquan/pn3/ | https://www.liepin.com/zpneironganquanyunying/pn4/,https://www.liepin.com/job/1979117667.shtml,2026-04-14T14:01:30+08:00,2026-06-04T14:08:00+08:00,"岗位职责：
1. 根据国家法律法规，制定文字、图像等内容安全相关的审核规则与制度；
2. 通过数据分析，找到风险的本质特征，通过产品化的方案，搭建内容安全治理体系；
3. 优化审核规则、审核策略，协调、管理外包团队，保障平台内容安全；
4. 深入理解互联网内容安全业务，聚焦用户体验，持续优化内部流程和风险模型。

任职要求：
1. 统招本科及以上学历，1年及以上内容安全运营经验，有互联网治理相关工作经验优先；
2. 逻辑清晰，有一定的数据分析和产品运营能力，较好的业务敏感度；
3. 熟悉内容安全相关法律法规，热衷于内容安全问题的研究。","拼多多集团-PDD 公司简介
创立于2015年4月，2018年7月在美国纳斯达克上市（NASDAQ：PDD）。作为新电商创新者，拼多多集团-PDD致力于以创新的消费者体验，融合“多实惠”和“多乐趣”，为广大用户创造持久的价值。 

目前，拼多多集团-PDD在国内拥有年活跃买家9亿左右，活跃商家逾1400万，日均在途包裹数超过1亿件，旗下经营有中国大陆地区超大用户规模的电商平台和大型农副产品线上零售平台。

其中，多多买菜自2020年8月启动以来，通过“线上下单+线下自提”的半预购模式，为广大消费者提供实惠、安心、便民的社区团购服务，目前已覆盖内地除西藏外的30个省级行政区，提货点开进了全国70%的行政村。 

为助力中国制造出海，拼多多集团-PDD于2022年9月推出多多跨境，以新技术赋能出海业务，降低出海门槛，拓宽订单渠道，助力品牌培育，至今已深入中国百余个制造业产业带，推动上万家制造企业的优质产品进入北美、欧洲、亚洲等70多个国家和地区。"
unknown:1959886579,1959886579,unknown,内容安全运营专员,拼多多集团-PDD,"互联网,电子商务",已上市,10000人以上,上海-仙霞,15-20k·16薪,1-3年,本科,五险一金,90天前更新,招1人,五险一金,标题领域词=内容安全; 标题岗位词=运营; 公司标签=互联网,https://www.liepin.com/zpneironganquan/ | https://www.liepin.com/zpneironganquanyunying/,https://www.liepin.com/zpneironganquan/pn3/ | https://www.liepin.com/zpneironganquanyunying/pn4/,https://www.liepin.com/job/1959886579.shtml,2026-04-14T14:01:30+08:00,2026-06-04T14:08:00+08:00,"岗位职责：
1. 根据国家法律法规，制定文字、图像等内容安全相关的审核规则与制度；
2. 通过数据分析，找到风险的本质特征，通过产品化的方案，搭建内容安全治理体系；
3. 优化审核规则、审核策略，协调、管理外包团队，保障平台内容安全；
4. 深入理解互联网内容安全业务，聚焦用户体验，持续优化内部流程和风险模型。

任职要求：
1. 统招本科及以上学历，1年及以上内容安全运营经验，有互联网治理相关工作经验优先；
2. 逻辑清晰，有一定的数据分析和产品运营能力，较好的业务敏感度；
3. 熟悉内容安全相关法律法规，热衷于内容安全问题的研究。","拼多多集团-PDD 公司简介
创立于2015年4月，2018年7月在美国纳斯达克上市（NASDAQ：PDD）。作为新电商创新者，拼多多集团-PDD致力于以创新的消费者体验，融合“多实惠”和“多乐趣”，为广大用户创造持久的价值。 

目前，拼多多集团-PDD在国内拥有年活跃买家9亿左右，活跃商家逾1400万，日均在途包裹数超过1亿件，旗下经营有中国大陆地区超大用户规模的电商平台和大型农副产品线上零售平台。

其中，多多买菜自2020年8月启动以来，通过“线上下单+线下自提”的半预购模式，为广大消费者提供实惠、安心、便民的社区团购服务，目前已覆盖内地除西藏外的30个省级行政区，提货点开进了全国70%的行政村。 

为助力中国制造出海，拼多多集团-PDD于2022年9月推出多多跨境，以新技术赋能出海业务，降低出海门槛，拓宽订单渠道，助力品牌培育，至今已深入中国百余个制造业产业带，推动上万家制造企业的优质产品进入北美、欧洲、亚洲等70多个国家和地区。"
unknown:1959886379,1959886379,unknown,内容安全运营专家,拼多多集团-PDD,"互联网,电子商务",已上市,10000人以上,上海-仙霞,15-25k·16薪,3-5年,本科,五险一金,90天前更新,招1人,五险一金,标题领域词=内容安全; 标题岗位词=运营; 公司标签=互联网,https://www.liepin.com/zpneironganquan/ | https://www.liepin.com/zpneironganquanyunying/,https://www.liepin.com/zpneironganquan/pn3/ | https://www.liepin.com/zpneironganquanyunying/pn4/,https://www.liepin.com/job/1959886379.shtml,2026-04-14T14:01:30+08:00,2026-06-04T14:08:00+08:00,"岗位职责：
1. 根据国家法律法规，制定文字、图像等内容安全相关的审核规则与制度；
2. 通过数据分析，找到风险的本质特征，通过产品化的方案，搭建内容安全治理体系；
3. 优化审核规则、审核策略，协调、管理外包团队，保障平台内容安全；
4. 深入理解互联网内容安全业务，聚焦用户体验，持续优化内部流程和风险模型。

任职要求：
1. 统招本科及以上学历，3年及以上内容安全运营经验，有互联网治理相关工作经验优先；
2. 逻辑清晰，有一定的数据分析和产品运营能力，较好的业务敏感度；
3. 熟悉内容安全相关法律法规，热衷于内容安全问题的研究。","拼多多集团-PDD 公司简介
创立于2015年4月，2018年7月在美国纳斯达克上市（NASDAQ：PDD）。作为新电商创新者，拼多多集团-PDD致力于以创新的消费者体验，融合“多实惠”和“多乐趣”，为广大用户创造持久的价值。 

目前，拼多多集团-PDD在国内拥有年活跃买家9亿左右，活跃商家逾1400万，日均在途包裹数超过1亿件，旗下经营有中国大陆地区超大用户规模的电商平台和大型农副产品线上零售平台。

其中，多多买菜自2020年8月启动以来，通过“线上下单+线下自提”的半预购模式，为广大消费者提供实惠、安心、便民的社区团购服务，目前已覆盖内地除西藏外的30个省级行政区，提货点开进了全国70%的行政村。 

为助力中国制造出海，拼多多集团-PDD于2022年9月推出多多跨境，以新技术赋能出海业务，降低出海门槛，拓宽订单渠道，助力品牌培育，至今已深入中国百余个制造业产业带，推动上万家制造企业的优质产品进入北美、欧洲、亚洲等70多个国家和地区。"
unknown:1981687425,1981687425,unknown,广告合规策略/内容安全运营,拼多多集团-PDD,"互联网,电子商务",10000人以上,,长宁区,15-30k·16薪,3-5年,本科,,4月12日更新,招1人,,标题领域词=内容安全; 标题岗位词=运营; 公司标签=互联网,https://www.liepin.com/zpneironganquan/ | https://www.liepin.com/zpneironganquanyunying/,https://www.liepin.com/zpneironganquan/pn2/ | https://www.liepin.com/zpneironganquanyunying/pn4/,https://www.liepin.com/job/1981687425.shtml,2026-04-22T12:20:27+08:00,2026-06-04T14:08:00+08:00,"一、内容安全运营
岗位职责：
1. 根据国家法律法规，制定文字、图像等内容安全相关的审核规则与制度；
2. 通过数据分析，找到风险的本质特征，通过产品化的方案，搭建内容安全体系；
3. 优化审核规则、审核策略，协调、管理外包团队，保障平台内容安全；
4. 深入理解互联网内容安全业务，聚焦用户体验，持续优化内部流程和风险模型。
任职要求：
1. 统招本科及以上学历，3年及以上内容安全运营经验，有互联网相关工作经验优先；
2. 逻辑清晰，有一定的数据分析和产品运营能力，较好的业务敏感度；
3. 熟悉内容安全相关法律法规，热衷于内容安全问题的研究。

二、广告合规策略运营
岗位职责：
1.根据国家法律法规，制定文字、图像等商业安全相关的审核规则与制度；
2.通过数据分析，找到风险的本质特征，通过产品化的方案，搭建商业安全体系；
3.熟悉了解行业的潜规则与灰产链路，持续优化审核规则、审核策略，保障平台广告内容安全；
4.深入理解互联网广告内容安全业务，聚焦用户体验，持续优化内部流程和风险模型。
任职要求：
1.统招本科及以上学历，3年及以上商业安全运营经验，有互联网相关工作经验优先；
2.逻辑清晰，有一定的数据分析和产品运营能力，较好的业务敏感度；
3.具备很强的结构化表达能力，擅长跨部门协调；
4.熟悉广告及内容安全相关法律法规，热衰于商业安全合规问题的研究。","创立于2015年4月，2018年7月在美国纳斯达克上市（NASDAQ：PDD）。作为新电商创新者，拼多多集团-PDD致力于以创新的消费者体验，融合“多实惠”和“多乐趣”，为广大用户创造持久的价值。
目前，拼多多集团-PDD在国内拥有年活跃买家9亿左右，活跃商家逾1400万，日均在途包裹数超过1亿件，旗下经营有中国大陆地区超大用户规模的电商平台和大型农副产品线上零售平台。
拼多多通过“线上下单+线下自提”的半预购模式，为广大消费者提供实惠、安心、便民的服务，目前已覆盖内地除西藏外的30个省级行政区，提货点开进了全国70%的行政村。
为助力中国制造出海，拼多多集团-PDD于2022年9月推出多多跨境，以新技术赋能出海业务，降低出海门槛，拓宽订单渠道，助力品牌培育，至今已深入中国百余个制造业产业带，推动上万家制造企业的优质产品进入北美、欧洲、亚洲等70多个国家和地区。"
unknown:1970540799,1970540799,unknown,支付风控运营专员,携程集团,"互联网,旅游",已上市,10000人以上,上海-北新泾,15-22k·16薪,3-5年,本科,五险一金 | 年终奖金 | 绩效奖金,90天前更新,招1人,五险一金 | 年终奖金 | 绩效奖金,标题领域词=风控; 标题岗位词=运营; 公司标签=互联网,https://www.liepin.com/zpfengkongyunying/,https://www.liepin.com/zpfengkongyunying/pn1/,https://www.liepin.com/job/1970540799.shtml,2026-04-14T14:01:30+08:00,2026-06-04T14:08:00+08:00,"岗位职责：
1、负责跟踪客商户全生命周期的风险防控工作，包括KYC识别、风险监测、巡检、持续尽职调查、风险处置等事宜。
2、负责总结风险趋势，给出风险建议并调整商户的准入政策与流程；帮助策略团队同步优化风险管理策略的落地并监督分析执行效果。
3、负责对业务部门进行有效、合理的定期培训工作。
4、负责提出与跟进落地商户风险管理系统需求及验收工作。
5、完成部门内部分配的其他工作。

岗位要求：
1、 本科以上学历，法律、金融等相关专业优先
2、 三年以上支付行业经验，有商户管理、风控经验者优先
3、具备一定的英文基础，通过CET-6级优先
4、思维严谨、逻辑性强、适应学习能力强
5、具备良好的跨部门沟通、协调能力","携程集团是全球知名的一站式旅游服务供货商，旗下品牌包括*********、携程、Skyscanner及去哪儿网。携程集团于1999年创立，2003年在纳斯达克上市（NASDAQ: TCOM），2021年在香港交易所正式挂牌（HKEX: 09961）。携程集团为世界各地旅客全方位搜罗及整合旅游信息，让用户可以轻松预订旅游产品及服务，做出最精明的选择。集团品牌已构建先进成熟的交易平台，包括移动客户端、网页，以及24小时全球客户服务支持。通过携程集团丰富的产品及创新的营销策略，合作伙伴及供货商得以接触快速增长的全球用户。携程集团一直毋忘初衷，秉承「追求完美旅程，共建美好世界」的宗旨，致力为所有用户打造完美的旅行体验。
*********Group is a global travel service provider comprising of ********, Ctrip, Skyscanner, and Qunar. Across its platforms, ******** Group helps travellers around the world make informed and cost-effective bookings for travel products and services, and enables partners to connect their offerings with users through the aggregation of comprehensive travel-related content and resources, and an advanced transaction platform consisting of apps, websites and 24/7 customer service centers. Founded in 1999 and listed on NASDAQ in 2003 and HKEX in 2021, ******** Group has become one of the best-known travel groups in the world, with the mission ""to pursue the perfect trip for a better world""."
unknown:1969865737,1969865737,unknown,海外支付风险运营主管,携程集团,"互联网,旅游",已上市,10000人以上,上海-北新泾,12-22k·16薪,1-3年,本科,五险一金 | 年终奖金 | 绩效奖金,90天前更新,招1人,五险一金 | 年终奖金 | 绩效奖金,标题领域词=风险; 标题岗位词=运营; 公司标签=互联网,https://www.liepin.com/zpfengxianyunying/,https://www.liepin.com/zpfengxianyunying/pn1/,https://www.liepin.com/job/1969865737.shtml,2026-04-14T14:01:30+08:00,2026-06-04T14:08:00+08:00,"侦测海外交易欺诈风险/拒付争议处理 
 金融、经济、商务英语类等相关专业本科及以上学历 
1、负责海外风险交易实时侦测、监控，保持风险控制团队在业内的优势地位； 
2、负责欺诈案件调查、分析，熟悉了解欺诈手法、模式； 
3、负责海外收单与卡组或商户之间拒付争议处理； 
4、配合银行、发卡机构、第三方支付公司等外部组织进行欺诈案件协查，定期交流； 
1、英语类专业毕业优先，英文可作为工作语言 
2、有1-2年运营经验，具有良好的沟通、协调能力，良好的团队合作精神； 
3、品行端正，诚实守信，廉洁自律，遵纪守法； 
4、能承受工作压力，接受新事物，乐于面对挑战，学习能力强；","携程集团是全球知名的一站式旅游服务供货商，旗下品牌包括*********、携程、Skyscanner及去哪儿网。携程集团于1999年创立，2003年在纳斯达克上市（NASDAQ: TCOM），2021年在香港交易所正式挂牌（HKEX: 09961）。携程集团为世界各地旅客全方位搜罗及整合旅游信息，让用户可以轻松预订旅游产品及服务，做出最精明的选择。集团品牌已构建先进成熟的交易平台，包括移动客户端、网页，以及24小时全球客户服务支持。通过携程集团丰富的产品及创新的营销策略，合作伙伴及供货商得以接触快速增长的全球用户。携程集团一直毋忘初衷，秉承「追求完美旅程，共建美好世界」的宗旨，致力为所有用户打造完美的旅行体验。
*********Group is a global travel service provider comprising of ********, Ctrip, Skyscanner, and Qunar. Across its platforms, ******** Group helps travellers around the world make informed and cost-effective bookings for travel products and services, and enables partners to connect their offerings with users through the aggregation of comprehensive travel-related content and resources, and an advanced transaction platform consisting of apps, websites and 24/7 customer service centers. Founded in 1999 and listed on NASDAQ in 2003 and HKEX in 2021, ******** Group has become one of the best-known travel groups in the world, with the mission ""to pursue the perfect trip for a better world""."
unknown:1982134157,1982134157,unknown,风控运营专家（跨境支付方向）,易宝支付,互联网,C轮融资,1000-2000人,上海-陆家嘴,30-50k·15薪,5年以上,本科,,4月27日更新,招1人,,标题领域词=风控; 标题岗位词=运营; 公司标签=互联网,https://www.liepin.com/zpfengkongyunying/,https://www.liepin.com/zpfengkongyunying/,https://www.liepin.com/job/1982134157.shtml,2026-05-03T12:50:12+08:00,2026-06-04T14:08:00+08:00,"海外、跨境业务风险运营管理经验。对标跨境出海业务公司的一线风控及合规管理岗位。
1、深耕高风险商户尽调与洗钱评级，精准识别交易欺诈、制裁风险，主导事前事中事后审核与回溯监控。
2、基于商户需求提供定制化风控服务，适配跨境支付监管要求，推动风险处置闭环。
3、5年+跨境支付/电商经验，熟悉贸易链路风险点，英语沟通助力多国合规协作。
4、强执行力+跨部门协调力，支撑团队高效运转，灵活应对突发风控需求。

职位描述：
1. 管理风险运营调查小组，及时完成各类已分配的风险运营任务及可交付成果，且对体验及底线指标负责。
2. 负责制定和管理风险审核的SOP，帮助审核人员有效分析案情、定性并处置风险。
3. 持续监控案例并输出案件分析报告，助力风控团队深入了解风险区域、作案手法，输出切实可行的策略建议，以协助改进流程、调整政策。
4. 与风控技术和产品团队协作，主导并推动风险案件管理系统的优化，确保产品功能和性能能够充分满足风险管理的日常审核运营需求。
5. 组织团队进行贸易形态积累、风险特征挖掘、客户体验痛点分析，对业务形成知识反馈，形成良性循环。

职位要求：
1. 拥有5年及以上银行、跨境支付风控领域相关岗位一线工作及团队管理经验，具备专业能力及敏锐的风险洞察力。
2. 较强的体系化思维和结构化表达能力，能够从日常工作中总结提炼方法，构建整体性运营体系和实施路径。
3. 较强的ownerhip，好奇心与主动性，在复杂环境和高并发情形下具备较强的抗压能力和问题解决能力。","易宝支付有限公司是国内**的独立第三方支付公司，于2011年5月26日获得央行发放的首批第三方支付业务许可证。

公司自2003年8月成立以来一直致力于为广大商家和消费者提供“安全、简单、快乐”的专业电子支付解决方案和服务。并以随需应变，量身定制为原则，陆续推出了航旅，游戏、网上购物、教育考试等行业的专用支付解决方案。
易宝支付在电子支付领域创新而务实的风格、**的技术和负责任的爱心企业公民形象，深得银行等合作伙伴认同。易宝支付的卓越服务得到了业界的广泛认可。

公益事业：
2008年5月12日，易宝支付联合北京市红十字会为汶川地震开通网上捐款平台，半月内募款逾1800万元，与阿里巴巴、腾讯一起成为国内三大捐款平台。

所获荣誉： 1、“**支付平台” ；2、“中国互联网100强/创新500强”；3、“最可信赖电子支付品牌”； 4、“电子支付创新奖”等奖项；5、 2007年10月，易宝支付 和 携程、海尔电子商务、中国人保等一起成为中国电子商协会首批**信用等级“AAA 级信用企业”。
 
目前签约的中大型商家包括：百度、搜狐、易趣、当当、慧聪、九城、盛大、完美世界，海南航空、深圳航空、四川航空、南航电子商务公司等。
战略合作伙伴：目前已与中国联通、IBM、上海电信， VISA国际信用卡组织、中国工商银行等30余家建立了战略合作。

我们将提供各项具有竞争力的员工福利：包括补充商业医疗保险、带薪病假、员工生日假、生日会、各种文体活动等。
公司总部位于北京，在上海、广州、成都、深圳均设有分支机构。
欲了解更多信息，敬请访问：**************"
unknown:75963319,75963319,unknown,风控策略运营专家,某互联网公司,互联网/电商,融资未公开,10000人以上,杭州,35-50k·16薪,5-10年,本科,,今日更新,招1人,,标题领域词=风控; 标题岗位词=运营; 公司标签=互联网,https://www.liepin.com/zpfengkongyunying/,https://www.liepin.com/zpfengkongyunying/,https://www.liepin.com/a/75963319.shtml,2026-05-23T12:52:11+08:00,2026-06-04T14:08:00+08:00,"岗位描述
负责平台商家合规经营、履约能力提升的建设与优化;
2、从业务、支付、价格等角度挖掘风险特征，设计并实施风险解决方案;
3、深入分析平台风险数据，通过大数据能力挖掘平台风险，提前感知并预警风险;监控风险指标，识别异常并制定干预措施，确保业务风险可控，推动风险管理流程持续优化。
岗位要求
1、数学、统计、安全、风险管理相关专业，大学本科学历以上:
有5年以上安全相关的工作经验，有电商风控、金融风控，风险分析、数据化运营经验者优先;良好的沟通能力，较强的逻辑思维能力和跨部门协同能力，能够独立开展项目;熟练掌握SOL/python/R等分析语言及工具，熟练掌握风险分析技巧;具有敏锐的风,险意识和风险判断力，对风险控制有深刻理解，思维敏捷，学习能力强",
unknown:73647499,73647499,unknown,风险策略运营专家-支付宝中台,某互联网知名公司,互联网/电商,融资未公开,10000人以上,杭州,35-65k·16薪,5-10年,本科,,6月3日更新,招1人,,标题领域词=风险; 标题岗位词=运营; 公司标签=互联网,https://www.liepin.com/zpfengxianyunying/,https://www.liepin.com/zpfengxianyunying/pn1/,https://www.liepin.com/a/73647499.shtml,2026-04-14T14:01:30+08:00,2026-06-04T14:08:00+08:00,"岗位描述
 参与到全球的普惠生态体系建设中，有机会体验供给数字化平台治理的乐趣，有机会去设计生态平台运行营机制和治理体系，成为数字化经济时代浪潮的经济师。
 1.根据业务运行情况、把握发展趋势，结合行业特点、特色及弊端，能快速发现风险，根据政策法规、市场、用户等因素输出风险洞察、制订结合业务的数字化供给和商户的综合治理策略;
 2.结合业务场景特点，洞察、分析数字化供给与商户经营动线、风险特征，制订适配业务的场景化商业性的治理策略和规则体系;
 3.利用平台产品能力，对风险进行解读、分析、评估，搭建风险防控策略体系，通过风险管控为业务运行护航;
 4.在深刻理解业务的基础上，利用数据化运营思维，深入业务数据分析，挖掘风险特征进行有效策略迭代更新，进而沉淀治理数据体系、推进治理能力的产品矩阵建设;
 5.风险预警与应急管理，完善突发事件从感知、协同、处置、分析预警的全链路管理；完善对突发事件的应急处置机制；持续修订并完善安全管理、紧急突发事件、危机处置等相关标准及程序。
 岗位要求
 1.熟悉互联网平台型业务的平台治理、安全运营、规则管理等业务模块，熟悉治理体系建设、运营的全貌，具有商业敏感度和风险意识;
 2.态度严谨，原则性强，优秀的跨团队的沟通协调能力、项目管理能力;
 3.良好的数据敏感度、逻辑思维、业务产品化思维，有独立数据深入分析、总结能力;
 4.行业治理、商品治理，及交易行为、内容合规、知产侵权、应急管理等方面的风险治理与防控经验者优先。",
unknown:75810367,75810367,unknown,(高P)风险治理策略-资深运营专家,某北京大型互联网公司,互联网,10000人以上,,北京,110-170k,5-10年,本科,,5月19日更新,招1人,,标题领域词=风险; 标题岗位词=运营; 公司标签=互联网,https://www.liepin.com/zpfengxianyunying/,https://www.liepin.com/zpfengxianyunying/pn3/,https://www.liepin.com/a/75810367.shtml,2026-05-23T12:52:11+08:00,2026-06-04T14:08:00+08:00,"1. 战略规划与执行。制定并执行本地生活到店业务的履约保障策略，确保用户端体验与商家端履约质量，推动业务长期健康发展。
2. 风险管控与危机处理：建立并完善风险监控机制，识别潜在履约风险（如商家违约、服务质量问题等），制定预防与应急方案。处理重大用户投诉、商家纠纷或法律争议，协调内外部资源，确保问题高效解决并维护公司声誉。
3. 跨部门协作与流程优化。与产品、技术、运营、法务等部门紧密合作，推动履约流程数字化与系统建设，优化用户体验与商家操作效率。

职位描述
1. 5年以上本地生活、O2O、电商或相关领域工作经验，3年以上团队管理经验。
2. 熟悉本地生活到店业务流程（如核销、维权、售后服务等），有履约管理或风险管理经验者优先。
3. 卓越的领导力与团队管理能力，能有效激励团队并推动目标达成。",
unknown:72955689,72955689,unknown,风控运营负责人,某北京大型互联网公司,互联网,10000人以上,,北京,50-60k·15薪,10年以上,本科,,,,,标题领域词=风控; 标题岗位词=运营; 公司标签=互联网,https://www.liepin.com/zpfengkongyunying/,https://www.liepin.com/zpfengkongyunying/pn1/,https://www.liepin.com/a/72955689.shtml,2026-04-14T14:01:30+08:00,2026-06-04T14:08:00+08:00,,
unknown:73189377,73189377,unknown,数据风控运营（天府通核心业务线）,某成都知名互联网公司,互联网,融资未公开,100-499人,锦江区,13-15k,3年以上,本科,,5月13日更新,招1人,五险一金 | 领导好 | 发展空间大 | 公司规模大 | 管理规范,标题领域词=风控; 标题岗位词=运营; 公司标签=互联网,https://www.liepin.com/zpfengkongyunying/,https://www.liepin.com/zpfengkongyunying/,https://www.liepin.com/a/73189377.shtml,2026-04-14T14:01:30+08:00,2026-06-04T14:08:00+08:00,"一、职位亮点
1、核心场景：直接服务于千万级用户的金融科技项目，你的模型将影响真实的风控决策。
2、技术实战：深度参与从数据清洗、特征工程到模型部署、迭代的全链路。
3、稳定项目：天府通国企背景项目，业务场景明确，数据源丰富，适合长期深耕。
二、
你将负责：
1、模型构建与开发：基于海量金融及用户行为数据，利用机器学习算法搭建并优化分类模型体系；
2、数据挖掘与分析：深入挖掘业务数据，寻找高价值特征，协同技术伙伴完成数据清洗、整合及特征工程，确保模型输入的质量与有效性。
3、工具化与运营：负责风控流程的自动化建设，开发并维护自动化数据分析及监控工具，提升风控策略的部署效率和准确性。
4、迭代与验证：持续跟踪模型表现，结合业务反馈进行模型的验证、调优和迭代，确保风控策略在业务发展中的适应性与先进性。
三、任职资格：
1、全日制本科及以上学历，数学、统计学、计算机科学、金融工程等理工科专业优先。
2、3年以上数据挖掘或信贷风控建模经验，有信贷风控模型全流程落地经验，对贷前、贷中策略有深刻理解。
3、熟练掌握SQL/Python/R等分析工具，熟悉常用机器学习库及建模流程，对各类主流模型算法有实际应用经验。
4、加分项目：
有银行、消费金融、融资担保等持牌金融机构风控系统建设或运营经验者优先。
有成功搭建自动化风控分析工具或平台案例者优先。
四、薪资待遇
13000-15000/月+五险一金+其他福利",
unknown:76320829,76320829,unknown,风控策略运营岗（双休+大平台）,某成都知名互联网公司,互联网,B轮融资,100-499人,武侯区,20-40k,5-10年,学历不限,,6月2日更新,招2人,年终奖金 | 五险一金 | 发展空间大 | 公司规模大 | 管理规范 | 岗位晋升 | 带薪年假 | 团队聚餐 | 节日礼物 | 优秀员工奖,标题领域词=风控; 标题岗位词=运营; 公司标签=互联网,https://www.liepin.com/zpfengkong/ | https://www.liepin.com/zpfengkongyunying/,https://www.liepin.com/zpfengkong/pn4/ | https://www.liepin.com/zpfengkongyunying/,https://www.liepin.com/a/76320829.shtml,2026-06-03T14:16:53+08:00,2026-06-04T14:08:00+08:00,"岗位职责：
1、围绕招聘业务全流程开展多维度数据分析，搭建风险指标体系，制定并迭代准入、行为、内容等风控策略，长期监控策略效果，持续优化拦截精准度、降低误判，保障平台安全与用户体验平衡。
2、结合统计建模与算法能力构建风险预测模型，完成 C 端求职者、B 端企业用户分层及产品风险分层，优化全生命周期运营策略，提升留存转化与平台长期收益。
3、深度挖掘用户行为与特征规律，从风险防控、流程效率、产品体验等维度输出可落地优化方案，搭建全链路风险监控与预警体系，形成风险识别 - 处置 - 复盘闭环。
4、负责信息撮合场景风控策略制定、落地执行与效果追踪，监控信息发布、流转、核验全流程，保障数据安全、隐私合规与内容真实，防范虚假招聘、恶意骚扰、黑产入侵等风险。
5、协同业务、研发、算法等团队，对齐风险目标与业务增长需求，推动风控规则、模型、工具落地迭代，在严控风险前提下助力业务健康扩张。
6、定期输出风险复盘报告与专项治理方案，跟进风险事件处置与策略迭代，沉淀风控运营标准流程，提升团队整体风险处置效率。
任职要求：
1、5年以上互联网风控策略类工作经验；
2、本科及以上学历,数学/计算机/统计学/机器学习等相关专专业；
3、对数据敏感,熟练使用python、SQL等数据分析工具;
4、工作积极主动,具备优秀的沟通协调能力、工作积极主动具有创新精神、高度的责任心和团队合作精神、且有强烈的目标感。",
unknown:74973847,74973847,unknown,渠道风险管理运营,某杭州知名互联网公司,互联网,500-999人,,杭州,30-60k·20薪,经验不限,学历不限,,6月3日更新,招1人,,标题领域词=风险; 标题岗位词=运营; 公司标签=互联网,https://www.liepin.com/zpfengxianyunying/,https://www.liepin.com/zpfengxianyunying/pn1/,https://www.liepin.com/a/74973847.shtml,2026-05-03T12:50:12+08:00,2026-06-04T14:08:00+08:00,"1、渠道风险管理运营-香港/深圳/新加坡/杭州/上海


核心工作职责:

风险调查与处置:
对系统预警的疑似风险点（如可疑交易、高风险客户）进行深入调查（包括实地走访、背景调查、信息核实）。
分析调查结果，判断风险等级，提出风险处置建议（如冻结、上报、终止合作）。
合规与报告:
撰写渠道需要的调查报告、月度/季度/年度渠道风险分析报告，提炼风险点，反哺策略岗位，支持业务决策。
渠道风险管理:
关注不同合作渠道（银行渠道、PSP渠道等）的风险偏好，进行针对性管理。
动态监控各渠道的风险形势，及时进行RCA分析。
参与渠道对接、事中review等工作，从源头了解渠道要求并控制、监控风险。
跨部门协作:
与业务部门、合规部门、尽调部门、结算部门等紧密合作，牵头渠道银行风险管理相关类事务的内部推动和落地、落地效果的日常监控等。
与渠道合作部紧密配合，协助推动合作银行DDQ、onsite等事务性工作。 

任职要求:

有银行、第三方支付公司风控、合规、反洗钱经验者优先。
能力: 强大的数据分析、逻辑思维、文字表达能力和风险敏感度，熟悉金融产品和监管政策。
素质: 严谨细致，抗压能力强，具备良好的职业道德和团队合作精神。

2、卡业务渠道运营-香港/深圳/新加坡/杭州/上海

职位描述
你将成为连接用户、渠道与内部产品团队的“核心枢纽”。该岗位不仅要求极强的多线程处理能力，更需要你具备从琐碎、复杂的交易数据和物流反馈中，抽象出标准SOP的能力。你的目标是确保每一张卡片都能准确送达，每一笔异常交易都能得到闭环处理。

岗位职责
渠道对接： 负责与相关渠道沟通，处理包括交易失败、退款争议、异常入账等核心业务问题。
退款流程标准化： 从复杂的订单数据中梳理退款链路，制定并不断优化标准退款流程（Refund SOP），提升处理效率与财务对账准确性。
物流与交付管理： 负责实体卡的生产、制卡进度追踪及物流监控，协调解决配送过程中的丢包、延迟等异常，确保用户交付体验。
反馈闭环与SOP沉淀： 收集并分析用户侧的共性问题，输出标准操作手册（SOP），并反哺产品团队，推动底层逻辑优化以减少同类问题发生。
应急响应： 建立异常交易监控与快速响应机制，在出现系统性波动时，能够第一时间对接渠道排查原因并给出用户侧话术方案。

任职要求
背景要求： 有金融科技（FinTech）、第三方支付、银行信用卡中心或跨境电商运营经验者优先。
核心能力： 多线程管理能力： 能够同时应对来自用户、渠道、物流公司等多个维度的琐碎事务，并能保持高效、从容的节奏。
o数据洞察力： 具备一定的数据分析能力（熟练使用 Excel/SQL 等），能从海量交易记录中捕捉规律，并基于数据提出“运营最优解”。
o沟通与语言： 英语流利（书写与口语），能直接与全球合作方进行技术与业务细节的深度沟通。
工作风格： 典型的“结果导向型”选手，对解决问题有执念，具备极强的跨部门推动力。",
unknown:76288031,76288031,unknown,风控运营,某深圳大型互联网公司,"互联网,计算机软件",融资未公开,500-999人,深圳,30-50k,3-5年,学历不限,,6月2日更新,招1人,,标题领域词=风控; 标题岗位词=运营; 公司标签=互联网,https://www.liepin.com/zpfengkongyunying/,https://www.liepin.com/zpfengkongyunying/,https://www.liepin.com/a/76288031.shtml,2026-06-03T14:16:53+08:00,2026-06-04T14:08:00+08:00,"负责公司自营 Omnibus 美股业务Margin 保证金交易、融券做空、美股期权的日常风控运营，把控盘中、盘后持仓风险。
负责保证金杠杆管控、维持保证金监控、追保与强平流程执行，防范杠杆透支风险。
负责融券业务风控：券源额度管理、做空头寸监控、做空风险预警、异常头寸处置。
核心重点：独立负责美股期权交易风险管理，包含期权持仓敞口、保证金校验、到期行权风险、异常期权交易监控与处置。
对接上游托管券商，核对风控头寸、处理风险差异，跟进各类交易异常、交割风险闭环。
日常风控指标监控、风险台账记录、周报日报输出，配合合规、清结算、交易团队完成风险核查。",
unknown:76280909,76280909,unknown,风控运营,某深圳大型互联网公司,"互联网,计算机软件",融资未公开,500-999人,上海,30-50k,5-10年,本科,,6月1日更新,招1人,,标题领域词=风控; 标题岗位词=运营; 公司标签=互联网,https://www.liepin.com/zpfengkongyunying/,https://www.liepin.com/zpfengkongyunying/,https://www.liepin.com/a/76280909.shtml,2026-06-03T14:16:53+08:00,2026-06-04T14:08:00+08:00,"岗位职责：
负责自营Omnibus美股业务二级清算、交割结算全流程运营，保障资金、证券交割准确安全。
每日对接上游托管券商，完成现金、证券头寸对账，独立排查、跟进、闭环处理对账差异（Break）。
监控每日结算状态，处理交割失败、待处理交易等结算异常，协调内外部资源降低交割风险。
负责股票各类公司行动（分红、拆股、合并等）及转仓清算的核对与落地，保障公司权益。
严格遵守股票结算规则及内部制度，做好结算风险监控、排查与上报。
熟练操作内部清结算系统，完成数据录入、结算指令下发、对账确认，参与系统自动化优化。
输出日/周/月结算报表、差异台账、风险数据，配合财务、合规完成审计核查。
联动交易、风控、技术、财务团队，优化结算流程，提升整体运营效率。",
unknown:76280899,76280899,unknown,风控运营,某深圳大型互联网公司,"互联网,计算机软件",融资未公开,500-999人,北京,30-50k,5-10年,本科,,6月1日更新,招1人,,标题领域词=风控; 标题岗位词=运营; 公司标签=互联网,https://www.liepin.com/zpfengkongyunying/,https://www.liepin.com/zpfengkongyunying/,https://www.liepin.com/a/76280899.shtml,2026-06-03T14:16:53+08:00,2026-06-04T14:08:00+08:00,"岗位职责：
负责自营Omnibus美股业务二级清算、交割结算全流程运营，保障资金、证券交割准确安全。
每日对接上游托管券商，完成现金、证券头寸对账，独立排查、跟进、闭环处理对账差异（Break）。
监控每日结算状态，处理交割失败、待处理交易等结算异常，协调内外部资源降低交割风险。
负责股票各类公司行动（分红、拆股、合并等）及转仓清算的核对与落地，保障公司权益。
严格遵守股票结算规则及内部制度，做好结算风险监控、排查与上报。
熟练操作内部清结算系统，完成数据录入、结算指令下发、对账确认，参与系统自动化优化。
输出日/周/月结算报表、差异台账、风险数据，配合财务、合规完成审计核查。
联动交易、风控、技术、财务团队，优化结算流程，提升整体运营效率。",
unknown:76280887,76280887,unknown,风控运营,某深圳大型互联网公司,"互联网,计算机软件",融资未公开,500-999人,深圳,30-50k,5-10年,本科,,6月1日更新,招1人,,标题领域词=风控; 标题岗位词=运营; 公司标签=互联网,https://www.liepin.com/zpfengkongyunying/,https://www.liepin.com/zpfengkongyunying/,https://www.liepin.com/a/76280887.shtml,2026-06-03T14:16:53+08:00,2026-06-04T14:08:00+08:00,"岗位职责：
负责自营Omnibus美股业务二级清算、交割结算全流程运营，保障资金、证券交割准确安全。
每日对接上游托管券商，完成现金、证券头寸对账，独立排查、跟进、闭环处理对账差异（Break）。
监控每日结算状态，处理交割失败、待处理交易等结算异常，协调内外部资源降低交割风险。
负责股票各类公司行动（分红、拆股、合并等）及转仓清算的核对与落地，保障公司权益。
严格遵守股票结算规则及内部制度，做好结算风险监控、排查与上报。
熟练操作内部清结算系统，完成数据录入、结算指令下发、对账确认，参与系统自动化优化。
输出日/周/月结算报表、差异台账、风险数据，配合财务、合规完成审计核查。
联动交易、风控、技术、财务团队，优化结算流程，提升整体运营效率。",
unknown:76275861,76275861,unknown,风控运营,某深圳大型互联网公司,"互联网,计算机软件",融资未公开,500-999人,深圳,30-60k,5-10年,本科,,6月1日更新,招1人,,标题领域词=风控; 标题岗位词=运营; 公司标签=互联网,https://www.liepin.com/zpfengkongyunying/,https://www.liepin.com/zpfengkongyunying/,https://www.liepin.com/a/76275861.shtml,2026-06-03T14:16:53+08:00,2026-06-04T14:08:00+08:00,"职位描述
岗位职责：
1.负责公司自营 Omnibus 美股业务Margin 保证金、融券做空、美股期权的日常风控运营，把控盘中、盘后持仓风险。
2.负责保证金杠杆管控、维持保证金监控、追保与强平流程执行，防范杠杆透支风险。
3.负责融券业务风控：券源额度管理、做空头寸监控、做空风险预警、异常头寸处置。
4.核心重点：独立负责美股期权风险管理，包含期权持仓敞口、保证金校验、到期行权风险、异常期权监控与处置。
5.对接上游托管券商，核对风控头寸、处理风险差异，跟进各类异常、交割风险闭环。
6.日常风控指标监控、风险台账记录、周报日报输出，配合合规、清结算团队完成风险核查。

任职要求：
1.本科及以上学历，3年以上美股券商 / 自营机构风控运营经验。
2.硬性必备：同时具备美股 Margin、融券做空、美股期权风控运营实操经验，熟悉美股全品类交易风控逻辑。
3.熟悉美股规则、保证金制度、期权风险机制，懂持仓敞口、风险系数、强平逻辑。
4.英文可读写，能看懂海外券商风控报表与系统；熟练 Excel，数据敏感、严谨细心、抗压性强。
加分项
有头部券商、美股自营机构风控经验；熟悉期权组合策略风控；有风控流程优化、系统对接经验，
持有FRM/FCA证书者优先",
unknown:76267115,76267115,unknown,风控运营（美股）,某深圳大型互联网公司,"互联网,计算机软件",融资未公开,500-999人,深圳,30-60k,5-10年,本科,,今日更新,招1人,,标题领域词=风控; 标题岗位词=运营; 公司标签=互联网,https://www.liepin.com/zpfengkongyunying/,https://www.liepin.com/zpfengkongyunying/,https://www.liepin.com/a/76267115.shtml,2026-06-03T14:16:53+08:00,2026-06-04T14:08:00+08:00,"岗位职责：
1.负责公司自营 Omnibus 美股业务Margin 保证金、融券做空、美股期权的日常风控运营，把控盘中、盘后持仓风险。
2.负责保证金杠杆管控、维持保证金监控、追保与强平流程执行，防范杠杆透支风险。
3.负责融券业务风控：券源额度管理、做空头寸监控、做空风险预警、异常头寸处置。
4.核心重点：独立负责美股期权风险管理，包含期权持仓敞口、保证金校验、到期行权风险、异常期权监控与处置。
5.对接上游托管券商，核对风控头寸、处理风险差异，跟进各类异常、交割风险闭环。
6.日常风控指标监控、风险台账记录、周报日报输出，配合合规、清结算团队完成风险核查。

任职要求：
1.本科及以上学历，3年以上美股券商 / 自营机构风控运营经验。
2.硬性必备：同时具备美股 Margin、融券做空、美股期权风控运营实操经验，熟悉美股全品类交易风控逻辑。
3.熟悉美股规则、保证金制度、期权风险机制，懂持仓敞口、风险系数、强平逻辑。
4.英文可读写，能看懂海外券商风控报表与系统；熟练 Excel，数据敏感、严谨细心、抗压性强。
加分项
有头部券商、美股自营机构风控经验；熟悉期权组合策略风控；有风控流程优化、系统对接经验，
持有FRM/FCA证书者优先",
unknown:73730047,73730047,unknown,用户运营专家（信贷分期）-风控策略方向,某知名互联网公司,互联网金融,B轮融资,5000-10000人,杭州,35-55k·16薪,5-10年,本科,,6月3日更新,招1人,,标题领域词=风控; 标题岗位词=运营; 公司标签=互联网,https://www.liepin.com/zpfengkongyunying/,https://www.liepin.com/zpfengkongyunying/,https://www.liepin.com/a/73730047.shtml,2026-04-23T12:23:32+08:00,2026-06-04T14:08:00+08:00,"岗位描述
1、为分期规模增长负责，全链路提升分期交易转化率；
2、基于数据分析、消费者洞察，差异化运营金融要素，提升授信效率，促进用户分期支用；
3、通过数据分析，商业逻辑推演找到经营问题，并提出解决方案；
4、孵化创新产品，通过运营策略、风险策略、产品规则等，跑通经营模式，兼顾业务健康度带动规模增长。
岗位要求
1、有银行或大型互联网平台消费金融运营经验优先；有贷前、贷中风控策略经验优先；5年以上工作经验；
2、逻辑清晰且有思辨能力，具有较好的框架及抽象的能力；数据分析能力强，可以通过数据驱动挖掘业务的增长点；
3、对于消费信贷、场景金融行业有一定的理解，对于行业发展规律有深刻认识；
4、用户感和商业感兼备，尤其对年轻人群的生活、消费有较多研究，创新思考力强；
5、项目管理经验，擅长项目统筹规划及落地，结果导向，间接影响力强，沟通表达能力强，具有结构化思维能力。",
unknown:74950477,74950477,unknown,风控策略运营,某知名互联网公司,互联网,B轮融资,100-499人,成都,20-30k·13薪,5-10年,本科,,5月25日更新,招1人,,标题领域词=风控; 标题岗位词=运营; 公司标签=互联网,https://www.liepin.com/zpfengkongyunying/,https://www.liepin.com/zpfengkongyunying/pn2/,https://www.liepin.com/a/74950477.shtml,2026-04-23T12:23:32+08:00,2026-06-04T14:08:00+08:00,"工作职责
1、围绕公司业务全流程开展多维度数据分析，搭建风险指标体系，制定并迭代准入、行为、内容等风控策略，长期监控策略效果，持续优化拦截精准度、降低误判，保障平台安全与用户体验平衡。
2、结合统计建模与算法能力构建风险预测模型，完成 C 端用户、B 端用户分层及产品风险分层，优化全生命周期运营策略，提升留存转化与平台长期收益。
3、深度挖掘用户行为与特征规律，从风险防控、流程效率、产品体验等维度输出可落地优化方案，搭建全链路风险监控与预警体系，形成风险识别 - 处置 - 复盘闭环。
4、负责信息撮合场景风控策略制定、落地执行与效果追踪，监控信息发布、流转、核验全流程，保障数据安全、隐私合规与内容真实，防范虚假招聘、恶意骚扰、黑产入侵等风险。
5、协同业务、研发、算法等团队，对齐风险目标与业务增长需求，推动风控规则、模型、工具落地迭代，在严控风险前提下助力业务健康扩张。
6、定期输出风险复盘报告与专项治理方案，跟进风险事件处置与策略迭代，沉淀风控运营标准流程，提升团队整体风险处置效率。
任职资格
1、5年以上互联网风控策略类工作经验
2、本科及以上学历,数学/计算机/统计学/机器学习等相关专专业
3、对数据敏感,熟练使用python、SQL等数据分析工具;
4、工作积极主动,具备优秀的沟通协调能力、工作积极主动具有创新精神、高度的责任心和团队合作精神、且有强烈的目标感。",
unknown:1980364979,1980364979,unknown,跨境支付风控运营,深圳市考拉速汇科技有限公司,互联网,50-99人,,南山区,10-15k,2年以上,本科,五险一金 | 年终奖金 | 股票期权 | 带薪年假,4月23日更新,招1人,五险一金 | 年终奖金 | 股票期权 | 带薪年假 | 团队聚餐 | 节日礼物 | 优秀员工奖 | 加班补贴 | 发展空间大 | 弹性工作,标题领域词=风控; 标题岗位词=运营; 公司标签=互联网,https://www.liepin.com/zpfengkongyunying/,https://www.liepin.com/zpfengkongyunying/,https://www.liepin.com/job/1980364979.shtml,2026-04-14T14:01:30+08:00,2026-06-04T14:08:00+08:00,"岗位职责: 
1、负责风险管理制度及风险运营流程的运营执行，风控策略制定和日常运营工作; 
2、根据国际反洗钱最新实践建立并优化客户风险等级政策，处理日常商户KYC、高风险客户审核、交易审核、RFI、Chargeback，制裁名单筛查; 
3、熟悉跨境支付业务及监管要求，合理把控商户风险，对疑似风险商户进行调查和处理; 
4、负责可疑交易监测、分析与报送，对风险客户实施管控措施;处理海外监管以及银行推送的风险交易报告以及设置风险交易监控规则; 
5、支持业务团队，解答客户在审核阶段遇到的合规疑问，协助促成优质客户顺利上线。 
6、协助跨境业务开展中所需要的外部合规反洗钱检查工作包括但不限于牌照维护、银行渠道年检等。 

岗位要求: 
1、统招本科以上学历，英语读写能力良好; 
2、认真负责、积极主动、敬业严谨,具有较强的协作精神和沟通合作意识； 
3、有建立反洗钱监控系统和控制模型的专业知识和工作经验者优先; 
4、 拥有 2年以上 跨境支付、第三方支付、跨境银行或外贸B2B领域风控、合规、反洗钱相关岗位工作经验。熟悉外贸B2B业务者优先;",深圳市考拉速汇科技有限公司，成立于深圳市留学生创业大厦，是一家致力于发展科学技术的科研公司。主创团队成立于2010年，核心成员皆拥有10年以上的软件研发经验，分别来自：华为、腾讯、阿里巴巴、招商局等国内知名企业。考拉速汇同时是一家跨境汇款的提供商，配有国际化的运营团队，与研发团队共同推出了一款全新的网络汇款app——考拉速汇，专为海外人士提供跨境汇款服务。公司持有澳洲、中国香港等政府监管机构颁发的换汇牌照，并严格筛选持有跨境支付牌照的国际支付公司合作方，在全球范围内持续开展安全合规的业务。深圳市考拉速汇科技有限公司将充分发挥自身的优势，秉承”科技领先，服务市场，诚信待人，追求完美”的宗旨、“产品就是人品”的企业理念，不断进行创新和完善，立志把公司的跨境汇款服务逐步推向全世界。
unknown:1922715735,1922715735,unknown,风控运营,百度网讯,"互联网,计算机软件",已上市,10000人以上,北京-上地,6-10k,经验不限,本科,,90天前更新,招1人,,标题领域词=风控; 标题岗位词=运营; 公司标签=互联网,https://www.liepin.com/zpfengkongyunying/,https://www.liepin.com/zpfengkongyunying/pn2/,https://www.liepin.com/job/1922715735.shtml,2026-04-14T14:01:30+08:00,2026-06-04T14:08:00+08:00,"工作职责：
- 负责系统中客户提交的信息、资质与广告内容的审核、巡查工作，并保证审核的及时性与准确性 
- 参与机审策略与审核标准优化，把控广告质量
- 能够对热点事件进行跟踪，并对舆情和敏感信息进行快速反应和预警 
- 对异常问题定期整理、分类、汇总
- 协助上级完成其他相关工作，有一定的创新意识，能提出建设性意见并推动执行
职位要求：
- 大学本科及以上学历，有互联网风控从业背景优先
- 熟悉互联网广告和广告法，具有一定的新闻敏感性
- 对文字信息具有较好的领悟能力，对新事物接受度较好
- 优秀的沟通协调能力，逻辑能力强，耐心细致，适应高强度工作，有强烈的工作责任感和服务意识，执行力强
- 能熟练应用Office办公软件，精通Powerpoint等","全球最大的中文搜索引擎、最大的中文网站。2000年1月创立于北京中关村。 员工人数超过10000人。如今的此公司，已成为中国最受欢迎、影响力最大的中文网站。此公司拥有数以千计的研发工程师，这是中国乃至全球最为优秀的技术团队，这支队伍掌握着世界上最为先进的搜索引擎技术，使此公司成为中国掌握世界尖端科学核心技术的中国高科技企业。从创立之初，此公司便将“让人们最便捷地获取信息，找到所求”作为自己的使命，10年来，公司秉承“以用户为导向”的理念，始终坚持如一地响应广大网民的需求，不断地为网民提供基于搜索引擎的各种产品，其中包括：以网络搜索为主的功能性搜索，以贴吧为主的社区搜索，针对各区域、行业所需的垂直搜索，Mp3搜索，以及门户频道、IM等，全面覆盖了中文网络世界所有的搜索需求，根据第三方权威数据，此公司在中国的搜索份额超过70%。在面对用户的搜索产品不断丰富的同时，服务于生机勃勃的企业的搜索推广应运而生。多年来，通过搜索推广，极大地促进了中国数十万中小企业的生存与发展。搜索推广，以及基于搜索推广的此公司推广也得到迅速发展，以全球以及中国500强为主的大型企业，在此公司搜索平台上开展以搜索推广为基础的品牌推广，为企业的品牌、产品推广创造了不同凡响的收益。同时，此公司近年来响应网民的诉求，进入C2C电子商务领域，为网民提供更多更好的一站式服务。为推动中国数百万中小网站的发展，此公司借助超大流量的平台优势，联合所有优质的各类网站，建立了世界上最大的网络联盟，使各类企业的搜索推广、品牌营销的价值、覆盖面均大面积提升。

与此同时，各网站也在联盟大家庭的互助下，获得最大的生存与发展机会。 2005年8月5日，此公司在美国纳斯达克上市，其不仅上市当日，即成为该年度全球资本市场上最为耀眼的新星，通过数年来的市场表现，其优异的业绩与值得依赖的回报，使之成为中国企业价值的代表，傲然屹立于全球资本市场。

2008年1月23日，此公司日本公司正式运营，国际化战略全面启动。"
unknown:1980173841,1980173841,unknown,风控运营（远程办公，全球化金融科技公司）,相信光(重庆)网络科技有限公司,互联网,50-99人,,长宁区,15-25k·16薪,经验不限,本科,,4月9日更新,招1人,,标题领域词=风控; 标题岗位词=运营; 公司标签=互联网,https://www.liepin.com/zpfengkongyunying/,https://www.liepin.com/zpfengkongyunying/pn1/,https://www.liepin.com/job/1980173841.shtml,2026-04-14T14:01:30+08:00,2026-06-04T14:08:00+08:00,"岗位职责
1.借助 SQL、Power BI 及内部系统平台，实时监控用户行为数据，识别并判定潜在风险点，及时处理各类异常行为，保障平台的安全与稳定运营。
2.具备处理账户安全风险、欺诈行为、套利行为、支付风险及交易异常等经验，能够在复杂业务场景下进行独立判断与处置。具备支付或交易风控经验者优先。
3.持续优化异常行为处置流程，提升风险识别与处理效率；严谨审查与处理用户相关风险申诉及反馈，兼顾风险控制与用户体验。
4.主动识别新型风险模式，总结风险特征并与策略、产品、技术等相关团队沟通协作，持续完善风控机制与防控体系。


任职要求
1.具备全球化金融科技行业风控相关经验者优先，熟悉风险策略制定、审核或风险处置流程，能够快速适应业务环境。
2.熟悉金融市场或交易类产品运作机制，具备较强的数据分析能力和风险判断能力，能够从复杂行为数据中识别潜在风险。
3.具备良好的沟通与跨部门协作能力，逻辑清晰，执行力强，能够在高压环境下高效推进工作。
4.熟练使用 SQL、Python 等数据分析工具，具备数据建模或风控规则搭建经验者优先。",
unknown:1982898747,1982898747,unknown,AI大模型AIGC内容安全-机审安全运营-合肥,科大讯飞,"互联网,人工智能",已上市,10000人以上,北京-上地,14-35k·14薪,3年以上,本科,,5月27日更新,招1人,,标题领域词=内容安全; 标题岗位词=运营; 公司标签=互联网,https://www.liepin.com/zpneironganquan/,https://www.liepin.com/zpneironganquan/,https://www.liepin.com/job/1982898747.shtml,2026-06-01T14:19:06+08:00,2026-06-04T14:08:00+08:00,"岗位职责：
1、负责机器审核策略运营团队的管理，确保团队目标的达成；
2、负责深入业务场景，制定布控的机器审核策略，推进落地保障业务安全并兼顾体验
3、对于各场景反馈的漏杀、误杀问题进行深入分析，提出解决方案并推动实施；
4、定期分析数据的特征，提出机器审核策略的优化需求，确保通用准召指标不断提升
5、与产品、技术、舆情分析、人审等团队紧密合作，保障公司业务安全；
6、跟踪行业动态和竞品发展趋势，推进审核功能和效果的提升。
职位要求：
1、本科及以上学历，
2、3年以上机器审核、风险管理等相关工作经验，有团队管理经验者优先；
3、具备良好的洞察能力，能够从业务反馈、数据特征中发现问题和机会；
4、具备优秀的沟通协调能力和团队合作精神，能够有效推动跨部门合作；
5、对机器学习、自然语言处理等技术有深入理解，有实际项目经验者优先；
6、对工作充满热情，有强烈的责任心和执行力。","科大讯飞公司是国内语音产业仅有的：

■国家智能语音高新技术产业基地
■国家规划布局内重点软件企业
■语音及语言信息处理国家工程实验室
■国家创新型企业100强
■国家863计划成果产业化基地
■国家企业技术中心

科大讯飞（股票代码：002230），是一家专业从事智能语音及语言技术研究、软件及芯片产品开发、语音信息服务及电子政务系统集成的国家骨干软件企业，其智能语音核心技术代表了业界先进水平。
学有所成的你，需要的是一份前景无限的事业，是一个施展才华的平台，更是一个能够不断砥砺成长的环境。科大讯飞是一个充满激情和梦想，高速成长的团队，提供众多广阔空间，让你纵情驰骋理想，不断挑战自我、超越自我。公司为员工提供：

1、加速成长的人才环境
科大讯飞的技术优势和市场竞争力源于创新无限的人才队伍建设与培养。公司内部不仅建立了完善的“iFLY工程”三级培训体系，同时为了让员工有更多深造提升的机会，公司与中国科技大学合作成立了讯飞软件工程硕士班，每年公司全额出资选派70名员工深造。2002年，讯飞博士后科研工作站正式挂牌成立。此外，公司还与国内外著名研究机构进行紧密合作，与中国科学技术大学、清华大学、中国社会科学院语言所等建立讯飞联合实验室；并与加拿大York大学、英国爱丁堡大学等进行研发人员互派培养。
2011年，“国家智能语音高新技术产业化基地”、“语音及语言信息处理国家工程实验室”正式获批，为进一步汇聚产业资源、加强产业合作、加速产业发展提供了更高平台。全体讯飞人正以“敬业、创新、奋进”的企业精神，与各界合作伙伴携手，打造全国乃至全球语音产业高地。

2、高速发展的职业空间
基于拥有自主知识产权的业界先进智能语音技术，科大讯飞已推出从大型电信级应用到小型嵌入式应用，从电信、金融等行业到企业和家庭用户，从PC到手机，从智能家电到玩具，能够满足不同应用环境的多种产品。科大讯飞占有中文语音技术市场70%以上市场份额，开发伙伴超过5000家，以讯飞为核心的中文语音产业链已初具规模。
2010年，科大讯飞在计算机发展第五次浪潮——移动互联网时代来临之际抢占产业制高点，率先发布同时提供语音合成、语音搜索、语音听写等智能语音交互能力的移动互联网智能交互平台——“讯飞语音云”，并持续优化升级，相继推出讯飞语音输入法、讯飞口讯、讯飞语点等示范性应用，且与广大合作伙伴携手推动各类语音应用深入到手机、汽车、家电、玩具等各个领域，推动着移动互联网时代大潮下输入和交互模式的变革。语音时代的到来正加速推动产业高速发展，为讯飞人提供无限广阔的发展空间。

3、国际前沿的研发方向
作为中国优秀的智能语音技术提供商，科大讯飞在智能语音技术领域有着长期的研究积累，并在语音合成、语音识别、语言评测及学习等语音核心技术上拥有国际水平的成果，被原信息产业部确定为中文语音交互技术标准工作组组长单位，牵头制定中文语音技术标准。2003、2011年，两次荣获中国语音产业奖项“国家科技进步奖”，2005、2011年两次荣获中国信息产业自主创新荣誉“信息产业重大技术发明奖”。2006—2012年连续七届在英文语音合成国际大赛（Blizzard Challenge）荣获佳绩。2008—2011年连续四年在国际说话人、语种识别评测大赛中名列前茅。

4、优厚完善的薪酬待遇
　　“成就员工理想，创造社会价值”是科大讯飞公司核心理念。员工不仅享受着公司快速发展带来的能力与职业空间的提升，同时还享受着各项丰厚回报：
 -享受“五险一金”以及补充性商业险等；
 -享受健康体检、休假、旅游等员工健身计划；
 -享受交通、通讯、伙食等生活补贴；
 -享受股权激励政策……"
unknown:1982898745,1982898745,unknown,AI大模型AIGC内容安全-机审安全运营-合肥,科大讯飞,"互联网,人工智能",已上市,10000人以上,长宁区,14-35k·14薪,3年以上,本科,,5月27日更新,招1人,,标题领域词=内容安全; 标题岗位词=运营; 公司标签=互联网,https://www.liepin.com/zpneironganquan/,https://www.liepin.com/zpneironganquan/,https://www.liepin.com/job/1982898745.shtml,2026-06-01T14:19:06+08:00,2026-06-04T14:08:00+08:00,"岗位职责：
1、负责机器审核策略运营团队的管理，确保团队目标的达成；
2、负责深入业务场景，制定布控的机器审核策略，推进落地保障业务安全并兼顾体验
3、对于各场景反馈的漏杀、误杀问题进行深入分析，提出解决方案并推动实施；
4、定期分析数据的特征，提出机器审核策略的优化需求，确保通用准召指标不断提升
5、与产品、技术、舆情分析、人审等团队紧密合作，保障公司业务安全；
6、跟踪行业动态和竞品发展趋势，推进审核功能和效果的提升。
职位要求：
1、本科及以上学历，
2、3年以上机器审核、风险管理等相关工作经验，有团队管理经验者优先；
3、具备良好的洞察能力，能够从业务反馈、数据特征中发现问题和机会；
4、具备优秀的沟通协调能力和团队合作精神，能够有效推动跨部门合作；
5、对机器学习、自然语言处理等技术有深入理解，有实际项目经验者优先；
6、对工作充满热情，有强烈的责任心和执行力。","科大讯飞公司是国内语音产业仅有的：

■国家智能语音高新技术产业基地
■国家规划布局内重点软件企业
■语音及语言信息处理国家工程实验室
■国家创新型企业100强
■国家863计划成果产业化基地
■国家企业技术中心

科大讯飞（股票代码：002230），是一家专业从事智能语音及语言技术研究、软件及芯片产品开发、语音信息服务及电子政务系统集成的国家骨干软件企业，其智能语音核心技术代表了业界先进水平。
学有所成的你，需要的是一份前景无限的事业，是一个施展才华的平台，更是一个能够不断砥砺成长的环境。科大讯飞是一个充满激情和梦想，高速成长的团队，提供众多广阔空间，让你纵情驰骋理想，不断挑战自我、超越自我。公司为员工提供：

1、加速成长的人才环境
科大讯飞的技术优势和市场竞争力源于创新无限的人才队伍建设与培养。公司内部不仅建立了完善的“iFLY工程”三级培训体系，同时为了让员工有更多深造提升的机会，公司与中国科技大学合作成立了讯飞软件工程硕士班，每年公司全额出资选派70名员工深造。2002年，讯飞博士后科研工作站正式挂牌成立。此外，公司还与国内外著名研究机构进行紧密合作，与中国科学技术大学、清华大学、中国社会科学院语言所等建立讯飞联合实验室；并与加拿大York大学、英国爱丁堡大学等进行研发人员互派培养。
2011年，“国家智能语音高新技术产业化基地”、“语音及语言信息处理国家工程实验室”正式获批，为进一步汇聚产业资源、加强产业合作、加速产业发展提供了更高平台。全体讯飞人正以“敬业、创新、奋进”的企业精神，与各界合作伙伴携手，打造全国乃至全球语音产业高地。

2、高速发展的职业空间
基于拥有自主知识产权的业界先进智能语音技术，科大讯飞已推出从大型电信级应用到小型嵌入式应用，从电信、金融等行业到企业和家庭用户，从PC到手机，从智能家电到玩具，能够满足不同应用环境的多种产品。科大讯飞占有中文语音技术市场70%以上市场份额，开发伙伴超过5000家，以讯飞为核心的中文语音产业链已初具规模。
2010年，科大讯飞在计算机发展第五次浪潮——移动互联网时代来临之际抢占产业制高点，率先发布同时提供语音合成、语音搜索、语音听写等智能语音交互能力的移动互联网智能交互平台——“讯飞语音云”，并持续优化升级，相继推出讯飞语音输入法、讯飞口讯、讯飞语点等示范性应用，且与广大合作伙伴携手推动各类语音应用深入到手机、汽车、家电、玩具等各个领域，推动着移动互联网时代大潮下输入和交互模式的变革。语音时代的到来正加速推动产业高速发展，为讯飞人提供无限广阔的发展空间。

3、国际前沿的研发方向
作为中国优秀的智能语音技术提供商，科大讯飞在智能语音技术领域有着长期的研究积累，并在语音合成、语音识别、语言评测及学习等语音核心技术上拥有国际水平的成果，被原信息产业部确定为中文语音交互技术标准工作组组长单位，牵头制定中文语音技术标准。2003、2011年，两次荣获中国语音产业奖项“国家科技进步奖”，2005、2011年两次荣获中国信息产业自主创新荣誉“信息产业重大技术发明奖”。2006—2012年连续七届在英文语音合成国际大赛（Blizzard Challenge）荣获佳绩。2008—2011年连续四年在国际说话人、语种识别评测大赛中名列前茅。

4、优厚完善的薪酬待遇
　　“成就员工理想，创造社会价值”是科大讯飞公司核心理念。员工不仅享受着公司快速发展带来的能力与职业空间的提升，同时还享受着各项丰厚回报：
 -享受“五险一金”以及补充性商业险等；
 -享受健康体检、休假、旅游等员工健身计划；
 -享受交通、通讯、伙食等生活补贴；
 -享受股权激励政策……"
unknown:1982898743,1982898743,unknown,AI大模型AIGC内容安全-机审安全运营-合肥,科大讯飞,"互联网,人工智能",已上市,10000人以上,杭州-文明路,14-35k·14薪,3年以上,本科,,5月27日更新,招1人,,标题领域词=内容安全; 标题岗位词=运营; 公司标签=互联网,https://www.liepin.com/zpneironganquan/,https://www.liepin.com/zpneironganquan/,https://www.liepin.com/job/1982898743.shtml,2026-06-01T14:19:06+08:00,2026-06-04T14:08:00+08:00,"岗位职责：
1、负责机器审核策略运营团队的管理，确保团队目标的达成；
2、负责深入业务场景，制定布控的机器审核策略，推进落地保障业务安全并兼顾体验
3、对于各场景反馈的漏杀、误杀问题进行深入分析，提出解决方案并推动实施；
4、定期分析数据的特征，提出机器审核策略的优化需求，确保通用准召指标不断提升
5、与产品、技术、舆情分析、人审等团队紧密合作，保障公司业务安全；
6、跟踪行业动态和竞品发展趋势，推进审核功能和效果的提升。
职位要求：
1、本科及以上学历，
2、3年以上机器审核、风险管理等相关工作经验，有团队管理经验者优先；
3、具备良好的洞察能力，能够从业务反馈、数据特征中发现问题和机会；
4、具备优秀的沟通协调能力和团队合作精神，能够有效推动跨部门合作；
5、对机器学习、自然语言处理等技术有深入理解，有实际项目经验者优先；
6、对工作充满热情，有强烈的责任心和执行力。","科大讯飞公司是国内语音产业仅有的：

■国家智能语音高新技术产业基地
■国家规划布局内重点软件企业
■语音及语言信息处理国家工程实验室
■国家创新型企业100强
■国家863计划成果产业化基地
■国家企业技术中心

科大讯飞（股票代码：002230），是一家专业从事智能语音及语言技术研究、软件及芯片产品开发、语音信息服务及电子政务系统集成的国家骨干软件企业，其智能语音核心技术代表了业界先进水平。
学有所成的你，需要的是一份前景无限的事业，是一个施展才华的平台，更是一个能够不断砥砺成长的环境。科大讯飞是一个充满激情和梦想，高速成长的团队，提供众多广阔空间，让你纵情驰骋理想，不断挑战自我、超越自我。公司为员工提供：

1、加速成长的人才环境
科大讯飞的技术优势和市场竞争力源于创新无限的人才队伍建设与培养。公司内部不仅建立了完善的“iFLY工程”三级培训体系，同时为了让员工有更多深造提升的机会，公司与中国科技大学合作成立了讯飞软件工程硕士班，每年公司全额出资选派70名员工深造。2002年，讯飞博士后科研工作站正式挂牌成立。此外，公司还与国内外著名研究机构进行紧密合作，与中国科学技术大学、清华大学、中国社会科学院语言所等建立讯飞联合实验室；并与加拿大York大学、英国爱丁堡大学等进行研发人员互派培养。
2011年，“国家智能语音高新技术产业化基地”、“语音及语言信息处理国家工程实验室”正式获批，为进一步汇聚产业资源、加强产业合作、加速产业发展提供了更高平台。全体讯飞人正以“敬业、创新、奋进”的企业精神，与各界合作伙伴携手，打造全国乃至全球语音产业高地。

2、高速发展的职业空间
基于拥有自主知识产权的业界先进智能语音技术，科大讯飞已推出从大型电信级应用到小型嵌入式应用，从电信、金融等行业到企业和家庭用户，从PC到手机，从智能家电到玩具，能够满足不同应用环境的多种产品。科大讯飞占有中文语音技术市场70%以上市场份额，开发伙伴超过5000家，以讯飞为核心的中文语音产业链已初具规模。
2010年，科大讯飞在计算机发展第五次浪潮——移动互联网时代来临之际抢占产业制高点，率先发布同时提供语音合成、语音搜索、语音听写等智能语音交互能力的移动互联网智能交互平台——“讯飞语音云”，并持续优化升级，相继推出讯飞语音输入法、讯飞口讯、讯飞语点等示范性应用，且与广大合作伙伴携手推动各类语音应用深入到手机、汽车、家电、玩具等各个领域，推动着移动互联网时代大潮下输入和交互模式的变革。语音时代的到来正加速推动产业高速发展，为讯飞人提供无限广阔的发展空间。

3、国际前沿的研发方向
作为中国优秀的智能语音技术提供商，科大讯飞在智能语音技术领域有着长期的研究积累，并在语音合成、语音识别、语言评测及学习等语音核心技术上拥有国际水平的成果，被原信息产业部确定为中文语音交互技术标准工作组组长单位，牵头制定中文语音技术标准。2003、2011年，两次荣获中国语音产业奖项“国家科技进步奖”，2005、2011年两次荣获中国信息产业自主创新荣誉“信息产业重大技术发明奖”。2006—2012年连续七届在英文语音合成国际大赛（Blizzard Challenge）荣获佳绩。2008—2011年连续四年在国际说话人、语种识别评测大赛中名列前茅。

4、优厚完善的薪酬待遇
　　“成就员工理想，创造社会价值”是科大讯飞公司核心理念。员工不仅享受着公司快速发展带来的能力与职业空间的提升，同时还享受着各项丰厚回报：
 -享受“五险一金”以及补充性商业险等；
 -享受健康体检、休假、旅游等员工健身计划；
 -享受交通、通讯、伙食等生活补贴；
 -享受股权激励政策……"
unknown:1982898741,1982898741,unknown,AI大模型AIGC内容安全-机审安全运营-合肥,科大讯飞,"互联网,人工智能",已上市,10000人以上,合肥-井岗,14-35k·14薪,3年以上,本科,,5月27日更新,招1人,,标题领域词=内容安全; 标题岗位词=运营; 公司标签=互联网,https://www.liepin.com/zpneironganquan/,https://www.liepin.com/zpneironganquan/,https://www.liepin.com/job/1982898741.shtml,2026-06-01T14:19:06+08:00,2026-06-04T14:08:00+08:00,"岗位职责：
1、负责机器审核策略运营团队的管理，确保团队目标的达成；
2、负责深入业务场景，制定布控的机器审核策略，推进落地保障业务安全并兼顾体验
3、对于各场景反馈的漏杀、误杀问题进行深入分析，提出解决方案并推动实施；
4、定期分析数据的特征，提出机器审核策略的优化需求，确保通用准召指标不断提升
5、与产品、技术、舆情分析、人审等团队紧密合作，保障公司业务安全；
6、跟踪行业动态和竞品发展趋势，推进审核功能和效果的提升。
职位要求：
1、本科及以上学历，
2、3年以上机器审核、风险管理等相关工作经验，有团队管理经验者优先；
3、具备良好的洞察能力，能够从业务反馈、数据特征中发现问题和机会；
4、具备优秀的沟通协调能力和团队合作精神，能够有效推动跨部门合作；
5、对机器学习、自然语言处理等技术有深入理解，有实际项目经验者优先；
6、对工作充满热情，有强烈的责任心和执行力。","科大讯飞公司是国内语音产业仅有的：

■国家智能语音高新技术产业基地
■国家规划布局内重点软件企业
■语音及语言信息处理国家工程实验室
■国家创新型企业100强
■国家863计划成果产业化基地
■国家企业技术中心

科大讯飞（股票代码：002230），是一家专业从事智能语音及语言技术研究、软件及芯片产品开发、语音信息服务及电子政务系统集成的国家骨干软件企业，其智能语音核心技术代表了业界先进水平。
学有所成的你，需要的是一份前景无限的事业，是一个施展才华的平台，更是一个能够不断砥砺成长的环境。科大讯飞是一个充满激情和梦想，高速成长的团队，提供众多广阔空间，让你纵情驰骋理想，不断挑战自我、超越自我。公司为员工提供：

1、加速成长的人才环境
科大讯飞的技术优势和市场竞争力源于创新无限的人才队伍建设与培养。公司内部不仅建立了完善的“iFLY工程”三级培训体系，同时为了让员工有更多深造提升的机会，公司与中国科技大学合作成立了讯飞软件工程硕士班，每年公司全额出资选派70名员工深造。2002年，讯飞博士后科研工作站正式挂牌成立。此外，公司还与国内外著名研究机构进行紧密合作，与中国科学技术大学、清华大学、中国社会科学院语言所等建立讯飞联合实验室；并与加拿大York大学、英国爱丁堡大学等进行研发人员互派培养。
2011年，“国家智能语音高新技术产业化基地”、“语音及语言信息处理国家工程实验室”正式获批，为进一步汇聚产业资源、加强产业合作、加速产业发展提供了更高平台。全体讯飞人正以“敬业、创新、奋进”的企业精神，与各界合作伙伴携手，打造全国乃至全球语音产业高地。

2、高速发展的职业空间
基于拥有自主知识产权的业界先进智能语音技术，科大讯飞已推出从大型电信级应用到小型嵌入式应用，从电信、金融等行业到企业和家庭用户，从PC到手机，从智能家电到玩具，能够满足不同应用环境的多种产品。科大讯飞占有中文语音技术市场70%以上市场份额，开发伙伴超过5000家，以讯飞为核心的中文语音产业链已初具规模。
2010年，科大讯飞在计算机发展第五次浪潮——移动互联网时代来临之际抢占产业制高点，率先发布同时提供语音合成、语音搜索、语音听写等智能语音交互能力的移动互联网智能交互平台——“讯飞语音云”，并持续优化升级，相继推出讯飞语音输入法、讯飞口讯、讯飞语点等示范性应用，且与广大合作伙伴携手推动各类语音应用深入到手机、汽车、家电、玩具等各个领域，推动着移动互联网时代大潮下输入和交互模式的变革。语音时代的到来正加速推动产业高速发展，为讯飞人提供无限广阔的发展空间。

3、国际前沿的研发方向
作为中国优秀的智能语音技术提供商，科大讯飞在智能语音技术领域有着长期的研究积累，并在语音合成、语音识别、语言评测及学习等语音核心技术上拥有国际水平的成果，被原信息产业部确定为中文语音交互技术标准工作组组长单位，牵头制定中文语音技术标准。2003、2011年，两次荣获中国语音产业奖项“国家科技进步奖”，2005、2011年两次荣获中国信息产业自主创新荣誉“信息产业重大技术发明奖”。2006—2012年连续七届在英文语音合成国际大赛（Blizzard Challenge）荣获佳绩。2008—2011年连续四年在国际说话人、语种识别评测大赛中名列前茅。

4、优厚完善的薪酬待遇
　　“成就员工理想，创造社会价值”是科大讯飞公司核心理念。员工不仅享受着公司快速发展带来的能力与职业空间的提升，同时还享受着各项丰厚回报：
 -享受“五险一金”以及补充性商业险等；
 -享受健康体检、休假、旅游等员工健身计划；
 -享受交通、通讯、伙食等生活补贴；
 -享受股权激励政策……"
unknown:1982391545,1982391545,unknown,AI研究院-大模型内容安全运营（机审）-合肥,科大讯飞,"互联网,人工智能",已上市,10000人以上,上海-北新泾,15-35k·14薪,3年以上,本科,,5月9日更新,招1人,,标题领域词=内容安全; 标题岗位词=运营; 公司标签=互联网,https://www.liepin.com/zpneironganquan/ | https://www.liepin.com/zpneironganquanyunying/,https://www.liepin.com/zpneironganquan/pn1/ | https://www.liepin.com/zpneironganquanyunying/pn4/,https://www.liepin.com/job/1982391545.shtml,2026-05-12T12:48:39+08:00,2026-06-04T14:08:00+08:00,"岗位职责：
1、负责机器审核策略运营团队的管理，确保团队目标的达成；
2、负责深入业务场景，制定布控的机器审核策略，推进落地保障业务安全并兼顾体验
3、对于各场景反馈的漏杀、误杀问题进行深入分析，提出解决方案并推动实施；
4、定期分析数据的特征，提出机器审核策略的优化需求，确保通用准召指标不断提升
5、与产品、技术、舆情分析、人审等团队紧密合作，保障公司业务安全
6、跟踪行业动态和竞品发展趋势，推进审核功能和效果的优化
职位要求：
1、本科及以上学历，
2、3年以上机器审核、风险管理等相关工作经验，有团队管理经验者优先；
3、具备良好的洞察能力，能够从业务反馈、数据特征中发现问题和机会；
4、具备优秀的沟通协调能力和团队合作精神，能够有效推动跨部门合作；
5、对机器学习、自然语言处理等技术有深入理解，有实际项目经验者优先；
6、对工作充满热情，有强烈的责任心和执行力。","科大讯飞公司是国内语音产业仅有的：

■国家智能语音高新技术产业基地
■国家规划布局内重点软件企业
■语音及语言信息处理国家工程实验室
■国家创新型企业100强
■国家863计划成果产业化基地
■国家企业技术中心

科大讯飞（股票代码：002230），是一家专业从事智能语音及语言技术研究、软件及芯片产品开发、语音信息服务及电子政务系统集成的国家骨干软件企业，其智能语音核心技术代表了业界先进水平。
学有所成的你，需要的是一份前景无限的事业，是一个施展才华的平台，更是一个能够不断砥砺成长的环境。科大讯飞是一个充满激情和梦想，高速成长的团队，提供众多广阔空间，让你纵情驰骋理想，不断挑战自我、超越自我。公司为员工提供：

1、加速成长的人才环境
科大讯飞的技术优势和市场竞争力源于创新无限的人才队伍建设与培养。公司内部不仅建立了完善的“iFLY工程”三级培训体系，同时为了让员工有更多深造提升的机会，公司与中国科技大学合作成立了讯飞软件工程硕士班，每年公司全额出资选派70名员工深造。2002年，讯飞博士后科研工作站正式挂牌成立。此外，公司还与国内外著名研究机构进行紧密合作，与中国科学技术大学、清华大学、中国社会科学院语言所等建立讯飞联合实验室；并与加拿大York大学、英国爱丁堡大学等进行研发人员互派培养。
2011年，“国家智能语音高新技术产业化基地”、“语音及语言信息处理国家工程实验室”正式获批，为进一步汇聚产业资源、加强产业合作、加速产业发展提供了更高平台。全体讯飞人正以“敬业、创新、奋进”的企业精神，与各界合作伙伴携手，打造全国乃至全球语音产业高地。

2、高速发展的职业空间
基于拥有自主知识产权的业界先进智能语音技术，科大讯飞已推出从大型电信级应用到小型嵌入式应用，从电信、金融等行业到企业和家庭用户，从PC到手机，从智能家电到玩具，能够满足不同应用环境的多种产品。科大讯飞占有中文语音技术市场70%以上市场份额，开发伙伴超过5000家，以讯飞为核心的中文语音产业链已初具规模。
2010年，科大讯飞在计算机发展第五次浪潮——移动互联网时代来临之际抢占产业制高点，率先发布同时提供语音合成、语音搜索、语音听写等智能语音交互能力的移动互联网智能交互平台——“讯飞语音云”，并持续优化升级，相继推出讯飞语音输入法、讯飞口讯、讯飞语点等示范性应用，且与广大合作伙伴携手推动各类语音应用深入到手机、汽车、家电、玩具等各个领域，推动着移动互联网时代大潮下输入和交互模式的变革。语音时代的到来正加速推动产业高速发展，为讯飞人提供无限广阔的发展空间。

3、国际前沿的研发方向
作为中国优秀的智能语音技术提供商，科大讯飞在智能语音技术领域有着长期的研究积累，并在语音合成、语音识别、语言评测及学习等语音核心技术上拥有国际水平的成果，被原信息产业部确定为中文语音交互技术标准工作组组长单位，牵头制定中文语音技术标准。2003、2011年，两次荣获中国语音产业奖项“国家科技进步奖”，2005、2011年两次荣获中国信息产业自主创新荣誉“信息产业重大技术发明奖”。2006—2012年连续七届在英文语音合成国际大赛（Blizzard Challenge）荣获佳绩。2008—2011年连续四年在国际说话人、语种识别评测大赛中名列前茅。

4、优厚完善的薪酬待遇
　　“成就员工理想，创造社会价值”是科大讯飞公司核心理念。员工不仅享受着公司快速发展带来的能力与职业空间的提升，同时还享受着各项丰厚回报：
 -享受“五险一金”以及补充性商业险等；
 -享受健康体检、休假、旅游等员工健身计划；
 -享受交通、通讯、伙食等生活补贴；
 -享受股权激励政策……"
unknown:1982202793,1982202793,unknown,AI研究院-大模型内容安全运营（机审）-合肥,科大讯飞,"互联网,人工智能",已上市,10000人以上,合肥-井岗,12-30k·14薪,3年以上,本科,,4月29日更新,招1人,,标题领域词=内容安全; 标题岗位词=运营; 公司标签=互联网,https://www.liepin.com/zpneironganquan/ | https://www.liepin.com/zpneironganquanyunying/,https://www.liepin.com/zpneironganquan/pn1/ | https://www.liepin.com/zpneironganquanyunying/pn4/,https://www.liepin.com/job/1982202793.shtml,2026-05-02T12:28:22+08:00,2026-06-04T14:08:00+08:00,"岗位职责：
1、负责机器审核策略运营团队的管理，确保团队目标的达成；
2、负责深入业务场景，制定布控的机器审核策略，推进落地保障业务安全并兼顾体验
3、对于各场景反馈的漏杀、误杀问题进行深入分析，提出解决方案并推动实施；
4、定期分析数据的特征，提出机器审核策略的优化需求，确保通用准召指标不断提升
5、与产品、技术、舆情分析、人审等团队紧密合作，保障公司业务安全
6、跟踪行业动态和竞品发展趋势，推进审核功能和效果的优化
职位要求：
1、本科及以上学历，
2、3年以上机器审核、风险管理等相关工作经验，有团队管理经验者优先；
3、具备良好的洞察能力，能够从业务反馈、数据特征中发现问题和机会；
4、具备优秀的沟通协调能力和团队合作精神，能够有效推动跨部门合作；
5、对机器学习、自然语言处理等技术有深入理解，有实际项目经验者优先；
6、对工作充满热情，有强烈的责任心和执行力。","科大讯飞公司是国内语音产业仅有的：

■国家智能语音高新技术产业基地
■国家规划布局内重点软件企业
■语音及语言信息处理国家工程实验室
■国家创新型企业100强
■国家863计划成果产业化基地
■国家企业技术中心

科大讯飞（股票代码：002230），是一家专业从事智能语音及语言技术研究、软件及芯片产品开发、语音信息服务及电子政务系统集成的国家骨干软件企业，其智能语音核心技术代表了业界先进水平。
学有所成的你，需要的是一份前景无限的事业，是一个施展才华的平台，更是一个能够不断砥砺成长的环境。科大讯飞是一个充满激情和梦想，高速成长的团队，提供众多广阔空间，让你纵情驰骋理想，不断挑战自我、超越自我。公司为员工提供：

1、加速成长的人才环境
科大讯飞的技术优势和市场竞争力源于创新无限的人才队伍建设与培养。公司内部不仅建立了完善的“iFLY工程”三级培训体系，同时为了让员工有更多深造提升的机会，公司与中国科技大学合作成立了讯飞软件工程硕士班，每年公司全额出资选派70名员工深造。2002年，讯飞博士后科研工作站正式挂牌成立。此外，公司还与国内外著名研究机构进行紧密合作，与中国科学技术大学、清华大学、中国社会科学院语言所等建立讯飞联合实验室；并与加拿大York大学、英国爱丁堡大学等进行研发人员互派培养。
2011年，“国家智能语音高新技术产业化基地”、“语音及语言信息处理国家工程实验室”正式获批，为进一步汇聚产业资源、加强产业合作、加速产业发展提供了更高平台。全体讯飞人正以“敬业、创新、奋进”的企业精神，与各界合作伙伴携手，打造全国乃至全球语音产业高地。

2、高速发展的职业空间
基于拥有自主知识产权的业界先进智能语音技术，科大讯飞已推出从大型电信级应用到小型嵌入式应用，从电信、金融等行业到企业和家庭用户，从PC到手机，从智能家电到玩具，能够满足不同应用环境的多种产品。科大讯飞占有中文语音技术市场70%以上市场份额，开发伙伴超过5000家，以讯飞为核心的中文语音产业链已初具规模。
2010年，科大讯飞在计算机发展第五次浪潮——移动互联网时代来临之际抢占产业制高点，率先发布同时提供语音合成、语音搜索、语音听写等智能语音交互能力的移动互联网智能交互平台——“讯飞语音云”，并持续优化升级，相继推出讯飞语音输入法、讯飞口讯、讯飞语点等示范性应用，且与广大合作伙伴携手推动各类语音应用深入到手机、汽车、家电、玩具等各个领域，推动着移动互联网时代大潮下输入和交互模式的变革。语音时代的到来正加速推动产业高速发展，为讯飞人提供无限广阔的发展空间。

3、国际前沿的研发方向
作为中国优秀的智能语音技术提供商，科大讯飞在智能语音技术领域有着长期的研究积累，并在语音合成、语音识别、语言评测及学习等语音核心技术上拥有国际水平的成果，被原信息产业部确定为中文语音交互技术标准工作组组长单位，牵头制定中文语音技术标准。2003、2011年，两次荣获中国语音产业奖项“国家科技进步奖”，2005、2011年两次荣获中国信息产业自主创新荣誉“信息产业重大技术发明奖”。2006—2012年连续七届在英文语音合成国际大赛（Blizzard Challenge）荣获佳绩。2008—2011年连续四年在国际说话人、语种识别评测大赛中名列前茅。

4、优厚完善的薪酬待遇
　　“成就员工理想，创造社会价值”是科大讯飞公司核心理念。员工不仅享受着公司快速发展带来的能力与职业空间的提升，同时还享受着各项丰厚回报：
 -享受“五险一金”以及补充性商业险等；
 -享受健康体检、休假、旅游等员工健身计划；
 -享受交通、通讯、伙食等生活补贴；
 -享受股权激励政策……"
unknown:1974698669,1974698669,unknown,内容安全策略运营,网易集团,互联网,已上市,10000人以上,广州-小新塘,18-30k·16薪,3-5年,本科,,90天前更新,招1人,,标题领域词=内容安全; 标题岗位词=运营; 公司标签=互联网,https://www.liepin.com/zpneironganquan/,https://www.liepin.com/zpneironganquan/pn3/,https://www.liepin.com/job/1974698669.shtml,2026-04-14T14:01:30+08:00,2026-06-04T14:08:00+08:00,"职位描述
1、 负责网易游戏内容安全治理的工作，从平台、用户、行为特征、内容等多角度制定治理方案，设计收敛风险的安全策略及SOP，并推进落地；
2、 制定网易游戏安全及生态的治理的指标，协调多方资源和相关方，驱动相关指标有效交付；
3、 运用治理思维，定期监控、分析游戏内外域用户舆论及用户日常讨论内容，把控游戏生态环境情况的同时迭代优化游戏治理策略；
4、 通过指标监控和数据分析，及时掌握游戏风险变化，找出解决问题的关键路径不断完善安全策略，提升游戏安全或生态的健康水平。
职位要求
1、 本科以上学历，3年以上内容安全、业务安全治理工作经验，安全敏感度高，游戏行业工作经验加分；
2、 熟练使用SQL，至少会Excel、Python、Power Query，Tableau其中一种数据分析能力，具备数据可视化技能加分；
3、 有较强的内容识别、数据意识、总结复盘能力，能有效结合业务形态和产品逻辑制定解决方案；
4、 良好的资源协调和沟通能力，有跨部门密切配合的经验意识，能有效协调多方资源推动落地；
5、 具有较强的适应能力，工作上有强烈的责任感与使命感，自我驱动不断提升。","网易公司由丁磊先生于 1997 年6月创立,凭借敏锐的市场洞察力和努力，网易公司从10多人的初创团队发展至今，在全世界已拥有上万多名员工，并于2000年6月成功在美国纳斯达克股票市场公开上市（NASDAQ：NTES）。随着公司规模的不断扩大，网易已经成为中国领先的互联网技术公司。网易拥有一批活跃的年轻团队，每位成员都能在充满活力的氛围中孜孜不倦地为理想共同奋斗。我们的团队不仅年轻，而且优秀。网易不断领跑中国互联网发展离不开优秀的团队。无论是领先的技术团队、敏锐的新闻团队、专业的销售团队还是高效的管理团队，都为网易的辉煌，中国互联网事业的发展倾注自己最大的力量。"
unknown:1970797167,1970797167,unknown,内容安全策略运营,网易集团,互联网,已上市,10000人以上,黄埔区,15-20k·16薪,3年以上,本科,,90天前更新,招1人,,标题领域词=内容安全; 标题岗位词=运营; 公司标签=互联网,https://www.liepin.com/zpneironganquan/,https://www.liepin.com/zpneironganquan/pn3/,https://www.liepin.com/job/1970797167.shtml,2026-04-14T14:01:30+08:00,2026-06-04T14:08:00+08:00,"1、负责网易游戏内容安全治理的工作，从平台、用户、行为特征、内容等多角度制定治理方案，设计收敛风险的安全策略及SOP，并推进落地；
2、制定网易游戏安全及生态的治理的指标，协调多方资源和相关方，驱动相关指标有效交付；
3、运用治理思维，定期监控、分析游戏内外域用户舆论及用户日常讨论内容，把控游戏生态环境情况的同时迭代优化游戏治理策略；
4、通过指标监控和数据分析，及时掌握游戏风险变化，找出解决问题的关键路径不断完善安全策略，提升游戏安全或生态的健康水平。
职位要求
1、本科以上学历，3年以上内容安全、业务安全治理工作经验，安全敏感度高，游戏行业工作经验加分；
2、熟练使用数据分析工具，具备数据可视化技能加分；
3、有较强的内容识别、数据意识、总结复盘能力，能有效结合业务形态和产品逻辑制定解决方案；
4、良好的资源协调和沟通能力，有跨部门密切配合的经验意识，能有效协调多方资源推动落地；
5、具有较强的适应能力，工作上有强烈的责任感与使命感，自我驱动不断提升。","网易公司由丁磊先生于 1997 年6月创立,凭借敏锐的市场洞察力和努力，网易公司从10多人的初创团队发展至今，在全世界已拥有上万多名员工，并于2000年6月成功在美国纳斯达克股票市场公开上市（NASDAQ：NTES）。随着公司规模的不断扩大，网易已经成为中国领先的互联网技术公司。网易拥有一批活跃的年轻团队，每位成员都能在充满活力的氛围中孜孜不倦地为理想共同奋斗。我们的团队不仅年轻，而且优秀。网易不断领跑中国互联网发展离不开优秀的团队。无论是领先的技术团队、敏锐的新闻团队、专业的销售团队还是高效的管理团队，都为网易的辉煌，中国互联网事业的发展倾注自己最大的力量。"
unknown:1971373819,1971373819,unknown,风控运营专员（大神/MCN风控）,网易集团,互联网,已上市,10000人以上,黄埔区,12-25k·16薪,1年以上,本科,,90天前更新,招1人,,标题领域词=风控; 标题岗位词=运营; 公司标签=互联网,https://www.liepin.com/zpfengkongyunying/,https://www.liepin.com/zpfengkongyunying/pn1/,https://www.liepin.com/job/1971373819.shtml,2026-04-14T14:01:30+08:00,2026-06-04T14:08:00+08:00,"职位描述
1、负责平台与MCN机构项目政策、运营费用等成本的审核及相关风控；
2、发现与分析平台的黑灰产并打击治理，如刷奖、洗钱、异常用户、违规引流等；
3、分析用户行为，建立用户风险模型，并根据模型搭建相应的风控框架来降低平台风险；
4、及时发现公司与员工潜在问题和风险，并提出改进意见；
5、跟踪监控运营成本使用情况、流程运行状况分析潜在问题和风险并上报；
职位要求
1、具较高保密意识和主观能动性，立场坚定，有原则，有想法；
2、具备业务敏感度，有较强的数据分析和逆向思维能力，懂SQL/Python优先；
3、具高度的责任心、勇于承担责任，能承受较强的工作压力；
4、了解社区、平台、MCN费用相关业务优先。","网易公司由丁磊先生于 1997 年6月创立,凭借敏锐的市场洞察力和努力，网易公司从10多人的初创团队发展至今，在全世界已拥有上万多名员工，并于2000年6月成功在美国纳斯达克股票市场公开上市（NASDAQ：NTES）。随着公司规模的不断扩大，网易已经成为中国领先的互联网技术公司。网易拥有一批活跃的年轻团队，每位成员都能在充满活力的氛围中孜孜不倦地为理想共同奋斗。我们的团队不仅年轻，而且优秀。网易不断领跑中国互联网发展离不开优秀的团队。无论是领先的技术团队、敏锐的新闻团队、专业的销售团队还是高效的管理团队，都为网易的辉煌，中国互联网事业的发展倾注自己最大的力量。"
unknown:1978998343,1978998343,unknown,风控运营经理,网易集团,互联网,已上市,10000人以上,广州-小新塘,50-70k·16薪,10年以上,本科,五险一金 | 年终奖金 | 带薪年假 | 年度旅游,90天前更新,招1人,五险一金 | 年终奖金 | 带薪年假 | 年度旅游 | 团队聚餐 | 休闲餐点 | 优秀员工奖 | 定期体检 | 年底双薪 | 餐费补贴,标题领域词=风控; 标题岗位词=运营; 公司标签=互联网,https://www.liepin.com/zpfengkongyunying/,https://www.liepin.com/zpfengkongyunying/pn1/,https://www.liepin.com/job/1978998343.shtml,2026-04-14T14:01:30+08:00,2026-06-04T14:08:00+08:00,"职位描述
1. 负责MMO游戏的风控工作，包括研究和分析游戏中存在的黑灰产工作室、线下交易、恶意行为问题，并制定相应的治理策略和措施。
2. 负责游戏安全团队的管理，包括招聘、培训和指导团队成员，确保团队高效运作。
3. 根据游戏特点和风控的发展趋势，制定和更新风控治理对策，包括治理机制、安全措施等。
4. 跟进游戏的行业动态，保持对游戏安全领域的最新认知，并及时采取相应的应对措施。
职位要求
1. 具备丰富的MMO游戏风控经验，熟悉梦幻游戏的优先。
2. 具备团队管理经验，能够协调和指导团队成员，确保工作的高效进行。
3. 逻辑思维缜密，积极主动，具备优秀的对接、沟通及跨部门协同能力，合作意识好，可与业务团队高效对接。
4. 具有较强的学习能力与创新思维，持续关注风控的外部信息，能够提出有创造性的解决问题思路。","网易公司由丁磊先生于 1997 年6月创立,凭借敏锐的市场洞察力和努力，网易公司从10多人的初创团队发展至今，在全世界已拥有上万多名员工，并于2000年6月成功在美国纳斯达克股票市场公开上市（NASDAQ：NTES）。随着公司规模的不断扩大，网易已经成为中国领先的互联网技术公司。网易拥有一批活跃的年轻团队，每位成员都能在充满活力的氛围中孜孜不倦地为理想共同奋斗。我们的团队不仅年轻，而且优秀。网易不断领跑中国互联网发展离不开优秀的团队。无论是领先的技术团队、敏锐的新闻团队、专业的销售团队还是高效的管理团队，都为网易的辉煌，中国互联网事业的发展倾注自己最大的力量。"
unknown:1969871131,1969871131,unknown,高级风控运营,网易集团,互联网,已上市,10000人以上,黄埔区,15-25k·16薪,经验不限,本科,,90天前更新,招1人,,标题领域词=风控; 标题岗位词=运营; 公司标签=互联网,https://www.liepin.com/zpfengkongyunying/,https://www.liepin.com/zpfengkongyunying/pn1/,https://www.liepin.com/job/1969871131.shtml,2026-04-14T14:01:30+08:00,2026-06-04T14:08:00+08:00,"1、负责游戏虚拟物品交易平台风控数据建模、系统搭建和上线； 
2、构建高效的模型指标监控体系，持续跟进业务及模型的监控分析； 
3、负责平台通用业务的风控，涉及但不限于：薅羊毛，反爬虫，支付风控，反诈骗、反洗钱、反交易作弊等； 
4、能够持续和黑产对抗，并用模型解决单条策略无法覆盖的样本。

职位要求
1、数学、统计学、计算机、金融等相关专业本科以上学历； 
2、有2年及以上虚拟交易平台或电商行业风控数据分析或策略分析经验； 
3、熟练使用Python、SQL，具备扎实的数据分析功底； 
4、具备优秀的分析解决问题能力，良好的沟通能力，自我驱动力，抗压能力及团队合作精神。","网易公司由丁磊先生于 1997 年6月创立,凭借敏锐的市场洞察力和努力，网易公司从10多人的初创团队发展至今，在全世界已拥有上万多名员工，并于2000年6月成功在美国纳斯达克股票市场公开上市（NASDAQ：NTES）。随着公司规模的不断扩大，网易已经成为中国领先的互联网技术公司。网易拥有一批活跃的年轻团队，每位成员都能在充满活力的氛围中孜孜不倦地为理想共同奋斗。我们的团队不仅年轻，而且优秀。网易不断领跑中国互联网发展离不开优秀的团队。无论是领先的技术团队、敏锐的新闻团队、专业的销售团队还是高效的管理团队，都为网易的辉煌，中国互联网事业的发展倾注自己最大的力量。"
unknown:1960524913,1960524913,unknown,高级风控运营专员,网易集团,互联网,已上市,10000人以上,广州-小新塘,12-20k·16薪,1-3年,本科,五险一金 | 免费班车 | 餐费补贴 | 节日礼物,90天前更新,招1人,五险一金 | 免费班车 | 餐费补贴 | 节日礼物,标题领域词=风控; 标题岗位词=运营; 公司标签=互联网,https://www.liepin.com/zpfengkongyunying/,https://www.liepin.com/zpfengkongyunying/pn2/,https://www.liepin.com/job/1960524913.shtml,2026-04-14T14:01:30+08:00,2026-06-04T14:08:00+08:00,"【岗位职责】
1.负责游戏生态中内容板块的未成年保护风险管理闭环体系，配合全品类游戏进行未成年违规防控；
2.与算法和模型团队合作沟通，输出模型，了解训练模型，并对打击效果进行监控；
3.识别游戏场景中，针对未成年人可能存在的风险点进行预防把控；
4.协助进行风控效果宣发工作。
【岗位要求】
1.本科及以上学历，有防欺诈和防侵害相关项目经验；
2.了解算法、模型，有模型训练相关经验更佳；
3.有良好的资源协调和沟通能力，有跨部门多方密切配合的经验和意识，需要有效协调多方资源；
4.熟悉游戏场景，了解游戏中可能存在的风险点；
5.较强的抗压能力，强烈的责任感与使命感。","网易公司由丁磊先生于 1997 年6月创立,凭借敏锐的市场洞察力和努力，网易公司从10多人的初创团队发展至今，在全世界已拥有上万多名员工，并于2000年6月成功在美国纳斯达克股票市场公开上市（NASDAQ：NTES）。随着公司规模的不断扩大，网易已经成为中国领先的互联网技术公司。网易拥有一批活跃的年轻团队，每位成员都能在充满活力的氛围中孜孜不倦地为理想共同奋斗。我们的团队不仅年轻，而且优秀。网易不断领跑中国互联网发展离不开优秀的团队。无论是领先的技术团队、敏锐的新闻团队、专业的销售团队还是高效的管理团队，都为网易的辉煌，中国互联网事业的发展倾注自己最大的力量。"
unknown:1980276311,1980276311,unknown,商业产品风控运营,美团,"生活服务,互联网,生活服务O2O",已上市,10000人以上,北京-来广营,35-45k,3-8年,本科,,90天前更新,招1人,,标题领域词=风控; 标题岗位词=运营; 公司标签=互联网,https://www.liepin.com/zpfengkongyunying/,https://www.liepin.com/zpfengkongyunying/pn1/,https://www.liepin.com/job/1980276311.shtml,2026-04-14T14:01:30+08:00,2026-06-04T14:08:00+08:00,"学历要求:
大学本科
经验要求:
1年
岗位职责:
1.负责商业产品风控运营工作，包括但不限于了解行业、理解商业产品等运营工作；
2.负责制定并执行商业产品风控策略，保障平台商家及供给方合规经营；
3.负责监控商业产品风控指标，及时发现并解决风险问题；
4.参与商业产品风控规则的优化和完善，提升风控效率和准确性。
岗位要求:
1.大学本科及以上学历，风险管理、统计学、金融等相关专业优先；
2.具备1年以上相关工作经验，熟悉商业产品风控运营流程和方法；
3.具备良好的数据分析能力和风险识别能力，能独立分析和解决问题；
4.具备较强的沟通能力和团队合作精神，能有效协调内外部资源。
岗位亮点:
1.可以在商业产品风控领域积累经验，拓展职业发展空间；
2.参与商业产品风控策略制定和执行，实现个人能力提升；
3.提供良好的职业发展平台。","美团是一家科技零售公司。美团以“零售+科技”的战略践行“帮大家吃得更好，生活更好”的公司使命。
自2010年3月成立以来，美团持续推动服务零售和商品零售在需求侧和供给侧的数字化升级，和广大合作伙伴一起努力为消费者提供品质服务。2018年9月20日，美团在港交所挂牌上市。
美团始终以客户为中心，不断加大在新技术上的研发投入。美团会和大家一起努力，更好承担社会责任，更多创造社会价值。"
unknown:1972791631,1972791631,unknown,金融风险运营,美团,"生活服务,互联网,生活服务O2O",已上市,10000人以上,北京-望京,15-25k,5年以上,本科,,90天前更新,招1人,,标题领域词=风险; 标题岗位词=运营; 公司标签=互联网,https://www.liepin.com/zpfengxianyunying/,https://www.liepin.com/zpfengxianyunying/pn1/,https://www.liepin.com/job/1972791631.shtml,2026-04-14T14:01:30+08:00,2026-06-04T14:08:00+08:00,"【岗位职责】
1、负责金融产品的全生命周期运营，涵盖贷前规划、贷中审核及贷后管理等环节，确保业务流程高效推进，达成既定业务目标。
2、负责酒店客户资质评估，结合酒店行业特点及风控标准，制定并执行科学合理的审批策略，确保业务合规性及风险可控。
3、搭建并优化酒店金融业务数据指标体系，沉淀标准化运营流程，提升业务运营效率与客户服务体验。
4、对标行业产品，定期分析市场及金融业务痛点，提出创新型解决方案，推动落地执行并持续优化。
5、深入一线，洞察客户需求，及时调整产品与运营策略，以确保产品持续满足市场和客户的期望。
【任职要求】
1、金融、经济、管理等相关专业本科及以上学历，5年以上B端金融运营和风险管理工作经验。
2、具有较强的数据分析能力，精通SQL/Python/R等数据分析和建模语言，具备风控策略调优成功案例。
3、具有良好的沟通协调能力和团队合作精神，能够与各部门有效协作，推动项目顺利开展
4、能够接受短期出差
【岗位亮点】
1、深度参与酒店产业金融数字化升级的行业机遇
2、团队氛围好，有机会参与公司金融业务的战略决策和规划。
【具备以下优先】
1、具有酒店/旅游行业B端金融服务经验优先。
2、参与过金融产品从0到1搭建或亿级规模资产运营优先。
3、熟悉机器学习算法、大模型并有成功落地经验者优先。","美团是一家科技零售公司。美团以“零售+科技”的战略践行“帮大家吃得更好，生活更好”的公司使命。
自2010年3月成立以来，美团持续推动服务零售和商品零售在需求侧和供给侧的数字化升级，和广大合作伙伴一起努力为消费者提供品质服务。2018年9月20日，美团在港交所挂牌上市。
美团始终以客户为中心，不断加大在新技术上的研发投入。美团会和大家一起努力，更好承担社会责任，更多创造社会价值。"
unknown:1980188895,1980188895,unknown,内容安全运营经理(北京),腾讯,互联网,已上市,10000人以上,朝阳区,45-60k,5年以上,本科,五险一金 | 年终奖金 | 年度旅游 | 带薪年假,90天前更新,招1人,五险一金 | 年终奖金 | 年度旅游 | 带薪年假 | 定期体检,标题领域词=内容安全; 标题岗位词=运营; 公司标签=互联网,https://www.liepin.com/zpneironganquan/ | https://www.liepin.com/zpneironganquanyunying/,https://www.liepin.com/zpneironganquan/pn2/ | https://www.liepin.com/zpneironganquanyunying/pn4/,https://www.liepin.com/job/1980188895.shtml,2026-04-14T14:01:30+08:00,2026-06-04T14:08:00+08:00,"岗位职责
1.深刻了解公司重点产品安全发展情况，根据有关部门要求匹配产品合规办法；
2.敏锐把握公司业务相关的政策要求和行业趋势，统筹推进公司文化与内容领域业务合规；
3.正确、及时传导政策要求，采取有效措施，加强产品协同，降低相关风险，保障公司业务稳健发展。
岗位要求
1.本科以上学历，五年以上相关工作经验，从事过互联网内容合规或公共事务相关工作者优先；
2.熟悉相关部门和行业机构办事程序，具有较强的政策分析能力，能够深刻理解政策要求、协调公司各业务线及产品合规运营；
3.具备良好的写作能力、沟通能力、抗压能力及团队合作精神，要求责任心强、执行力强、信息敏感性强。","【智慧连接，美好生活】腾讯长期致力于社交平台与数字内容两大核心业务，积极拥抱产业互联网，努力成为各行各业数字化助手，通过连接，提升每一个人的生活品质。

【用行动关心你的成长】 这里有着富有挑战和影响力的工作内容，完备的职业培训和晋升体系，以及灵活的内部转岗机制，带领你发现更多可能。

【迎接每个特别的你】自由包容的文化氛围让你自由发展，你的声音会被认真聆听，在这里，你遇到的不只是同事，更是并肩成长的伙伴。

【福利关怀浸透你的生活】你的努力会被铭记，你的付出会被真诚对待，舒适与科技融合的办公环境，极具竞争力的薪酬和激励体系，完善和个性化员工福利，只为回报你的尽心拼搏。"
unknown:1976448849,1976448849,unknown,内容安全产品运营,钛动科技,"互联网,广告/公关/会展,IT服务",B轮融资,500-999人,北京-来广营,40-70k·15薪,3-5年,本科,五险一金 | 年终奖金 | 全勤奖 | 带薪年假,90天前更新,招1人,五险一金 | 年终奖金 | 全勤奖 | 带薪年假 | 团队聚餐 | 年底双薪,标题领域词=内容安全; 标题岗位词=运营; 公司标签=互联网,https://www.liepin.com/zpneironganquan/,https://www.liepin.com/zpneironganquan/pn3/,https://www.liepin.com/job/1976448849.shtml,2026-04-14T14:01:30+08:00,2026-06-04T14:08:00+08:00,"岗位职责：
1.内容安全标准体系搭建:制定广告内容风险分级标准(禁播/限流/人工复核)，覆盖敏感词、涉政图像、恶意代码等12类风险场景
2.安全策略运营与优化:设计""规则引擎+AI模型”协同策略，通过AB测试验证策略效果，动态阈值管控，根据时段地域/广告主等级自动调整审核强度，实时监控高风险素材特征
3.AI审核大模型应用落地:与算法团队协作完成模型场景适配，优化多模态审核模型在广告场景的误判率;设计模型分级调度策略，低风险素材使用轻量级模型，高风险素材启用混合专家模型;建立模型效果追踪体系，通过对抗样本测试验证模型鲁棒性
4.跨部门协同与效能提升:对接审核中台团队，推动自动化巡检系统与审核流程的API对接，联动法务部门完成GDPR合规改造，输出风控运营报告，对策略覆盖率、误判率、黑产对抗趋势等核心指标进行分析。

任职要求：
1.专业经验
3-5年互联网内容安全/广告风控产品运营经验，主导过至少1个完整风控产品从0到1搭建熟悉广告审核全流程(素材提交一机审一人审一上线)，掌握第三方安全工具对接规范具备对抗黑产实战经验，能解读攻防演练报告
2.技术能力
熟练使用SQL/Python进行数据埋点与分析，掌握AB实验设计方法(如多变量测试)能解读模型输出特征(如CLIP模型的语义相似度评分)了解AI模型基础原理，熟悉广告行业特性:DSP/ADX平台对接规范、广告主投诉工单处理SOP","钛动科技是一家领先的AI营销科技公司，成立于2017年，总部位于广州，专注于为全球商业增长提供效果导向的营销解决方案。凭借自研的专为跨境营销场景打造的钛极多模态大模型（MLLMs），钛动科技提供全链路营销解决方案，帮助企业有效触达、吸引并转化全球消费者，并取得可量化的商业成果。2025年，公司服务超10万家广告主，覆盖电商、游戏、文娱、本地生活等行业。
Founded in 2017, Tec-Do 2.0 is a leading AI martech company delivering result-centric marketing solutions for global business growth. Powered by our Tec-Chi multi-modal large language models (“MLLMs”), we leverage our end-to-end marketing solutions to reach, engage and convert consumers worldwide with measurable success. In 2025, we served over 100,000 advertisers and a diversified customer base spanning e-commerce, gaming, entertainment and local commerce."
unknown:1982957293,1982957293,unknown,1688-风险治理-风险策略运营,阿里巴巴集团,互联网,已上市,10000人以上,滨江区,30-35k·16薪,2年以上,本科,,5月28日更新,招1人,,标题领域词=风险; 标题岗位词=运营; 公司标签=互联网,https://www.liepin.com/zpfengxianyunying/,https://www.liepin.com/zpfengxianyunying/pn1/,https://www.liepin.com/job/1982957293.shtml,2026-06-03T14:16:53+08:00,2026-06-04T14:08:00+08:00,"职位描述
1.负责交互域内容安全策略运营，包括风险评估、安全策略制定等，保障商品合规；
2.具备较高的风险敏感度，及时掌握平台相关舆情或法律法规动向，并对其进行解读、分析、评估，完成风险防控策略部署；
3.协同上下游各职能团队，整合资源推动重要风控项目落地，平衡业务与风险，保障电商业务健康发展；
4.在对深刻理解业务的基础上，能利用数据化运营思维，深入业务数据分析，挖掘风险特征进行有效策略迭代更新；
5.在对风险和策略理解的基础上，能利用A技术提升风险识别的智能化水平和决策效率。

职位要求
1.本科或以上学历，3年或以上工作经验，具备互联网风控运营或内容安全相关经验者优先；
 2.工作态度严谨、抗压性强，具备风险识别、分析、研判的技能，并有良好的业务感知和理解能力；
 3.有良好的总结表达、沟通能力，跨团队协调能力，独立分析及解决问题的能力；
 4.具备较强的数据分析能力、能熟练运用SQL，有深度使用AI工具经验者及技术背景优先。","阿里巴巴集团的使命是让天下没有难做的生意。
我们旨在赋能企业改变营销、销售和经营的方式。我们为商家、品牌及其他企业提供基本的互联网基础设施以及营销平台，让其可借助互联网的力量与用户和客户互动。我们的业务包括核心电商、云计算、数字媒体和娱乐以及创新项目和其他业务。我们并通过子公司菜鸟网络及所投资的关联公司口碑，参与物流和本地服务行业，同时与蚂蚁金融服务集团有战略合作，该金融服务集团主要通过中国**的第三方网上支付平台支付宝运营。
我们的愿景
我们旨在构建未来的商务生态系统。我们的愿景是让客户相会、工作和生活在阿里巴巴，并持续发展最少102年。

申请此职位表明您已阅读并同意阿里巴巴及关联公司的《申请工作机会须知》，具体请看链接：***************************************************"
unknown:1983063611,1983063611,unknown,1688-风险策略运营-平台治理,阿里巴巴集团,互联网,已上市,10000人以上,滨江区,30-45k·16薪,2-5年,本科,,6月2日更新,招1人,,标题领域词=风险; 标题岗位词=运营; 公司标签=互联网,https://www.liepin.com/zpfengxianyunying/,https://www.liepin.com/zpfengxianyunying/,https://www.liepin.com/job/1983063611.shtml,2026-06-03T14:16:53+08:00,2026-06-04T14:08:00+08:00,"职位描述
1、风险治理：负责1688商家/商品的风险治理，发现并深入分析行业问题及消费者痛点，对平台的商品浮优去劣，确保商品信息的完整性、一致性、确定性；同时，具备较高的风险敏感度，能及时掌握平台相关舆情或法律法规动向，并对风险进行解读、分析、评估，完成风险防控部署；
2、赋能商家：有商家视角，在不影响平台商家经营环境的前提下，利用平台产品能力，制定合理有效的风险治理策略，优化营商环境；
3、行业机制设计：基于行业市场研究，制定行业管理规范，对商家经营资质、商品发布规范、买家保障措施进行设计，确保商家合法合规经营，提升消费者购物体验，推动行业健康发
4、项目管理：协同产品、技术等多部门或团队，解决业务问题或需求，系统化落地治理方案；
5、Al运营能力：在深刻理解业务的基础上，沉淀知识，建立可复用的skill。

职位要求
1、行业认知：对服饰、电器、百货等1-2个行业有认知，熟知行业市场特性和供应链，了解商家/商品业态并具备一定的风险管理经验；
2、运营能力：有较好的策略运营能力和一定的机制设计能力，解决问题能从点到面，能一定程度上设计生态良性的风险防控机制。
3、数据意识：对数据有敏感性，具备较强的数据分析、使用和总结能力，善于通过数据发现问题或机会；
4、有开阔的创新思维能力和清晰的问题分析和解决思路，善于用产品化的思路，用数据和新技术创新性的解决问题；
5、具备专业的项目管理能力、跨团队协调能力，能管理好过程，并拿到预期结果；
6、有好奇心与学习力，愿意承担工作的压力与使命。","阿里巴巴集团的使命是让天下没有难做的生意。
我们旨在赋能企业改变营销、销售和经营的方式。我们为商家、品牌及其他企业提供基本的互联网基础设施以及营销平台，让其可借助互联网的力量与用户和客户互动。我们的业务包括核心电商、云计算、数字媒体和娱乐以及创新项目和其他业务。我们并通过子公司菜鸟网络及所投资的关联公司口碑，参与物流和本地服务行业，同时与蚂蚁金融服务集团有战略合作，该金融服务集团主要通过中国**的第三方网上支付平台支付宝运营。
我们的愿景
我们旨在构建未来的商务生态系统。我们的愿景是让客户相会、工作和生活在阿里巴巴，并持续发展最少102年。

申请此职位表明您已阅读并同意阿里巴巴及关联公司的《申请工作机会须知》，具体请看链接：***************************************************"
unknown:1980654619,1980654619,unknown,商品治理能力运营-杭州-内容安全,阿里巴巴集团,互联网,已上市,10000人以上,余杭区,25-45k·16薪,3年以上,本科,,90天前更新,招1人,,标题领域词=内容安全; 标题岗位词=运营; 公司标签=互联网,https://www.liepin.com/zpneironganquan/,https://www.liepin.com/zpneironganquan/pn2/,https://www.liepin.com/job/1980654619.shtml,2026-04-14T14:01:30+08:00,2026-06-04T14:08:00+08:00,"岗位职责
1、能力建设储备：基于行业发展和治理要求从中台视角提前联动算法、产技等团队建设内容、商家商品相关治理能力，如资质合规、商品假劣、知识产权、商品禁限售等识别能力，对识别能力效果负责
2、能力水位持续提升：基于能力触发等机制常态化联动算法进行能力迭代升级，包含内外水位评测，业务风险漏防分析、外部风险感知等
3、业务诉求响应及能力整合输出：及时承接日常业务诉求，做好常规分析，基于对业务风险及能力现状的认知，进行相应产品、能力组织并进行输出
4、能力生产及管理效能提升：内外联动各方包含产技，算法等，通过产品化、线上化方式实现能力更好管理及高效输出

任职要求
1、3年以上风险治理领域从业经验，如果有内容合规&商品治理相关经验优先
2、基础SQL获取数据能力和数据分析能力，有算法相关工作背景优先
3、有优秀的跨团队沟通能力，善于资源整合并能够快速落地
4、工作有激情，有创新精神，且善于深挖需求，分析需求，整合需求","阿里巴巴集团的使命是让天下没有难做的生意。
我们旨在赋能企业改变营销、销售和经营的方式。我们为商家、品牌及其他企业提供基本的互联网基础设施以及营销平台，让其可借助互联网的力量与用户和客户互动。我们的业务包括核心电商、云计算、数字媒体和娱乐以及创新项目和其他业务。我们并通过子公司菜鸟网络及所投资的关联公司口碑，参与物流和本地服务行业，同时与蚂蚁金融服务集团有战略合作，该金融服务集团主要通过中国**的第三方网上支付平台支付宝运营。
我们的愿景
我们旨在构建未来的商务生态系统。我们的愿景是让客户相会、工作和生活在阿里巴巴，并持续发展最少102年。

申请此职位表明您已阅读并同意阿里巴巴及关联公司的《申请工作机会须知》，具体请看链接：***************************************************"
unknown:1981989945,1981989945,unknown,风险管理工程师-协查运营,阿里巴巴集团,互联网,已上市,10000人以上,余杭区,20-35k·16薪,2-6年,本科,,5月25日更新,招1人,,标题领域词=风险; 标题岗位词=运营; 公司标签=互联网,https://www.liepin.com/zpfengxianyunying/,https://www.liepin.com/zpfengxianyunying/pn1/,https://www.liepin.com/job/1981989945.shtml,2026-04-23T12:23:32+08:00,2026-06-04T14:08:00+08:00,"职位描述
1、对接执法资源，响应协查指令，推进合作关系及业务落地，保障平台业务稳定、高效的进行；
2、了解相关行业动态、法规政策，把握合规水位，感知业务风险，协同内部团队妥善处理风险；
2、理解业务及策略，搭建全面准确的数据指标体系，通过数据驱动不断改善内外部效能、体验；

职位要求
1、运营能力：有良好的沟通协调能力，能够与内、外部高效沟通，推动合作和项目落地；
2、风险意识：有较强的风险敏感度，能基于协查业务判断业务风险点并提出应对策略；
3、数据能力：熟悉数据分析工具，能够熟练运用SQL/Python，对数据标准建设、驱动策略有理解；
4、学历背景：本科及以上学历，法律、数据、风控及政法运营相关专业和工作经验者优先。","阿里巴巴集团的使命是让天下没有难做的生意。
我们旨在赋能企业改变营销、销售和经营的方式。我们为商家、品牌及其他企业提供基本的互联网基础设施以及营销平台，让其可借助互联网的力量与用户和客户互动。我们的业务包括核心电商、云计算、数字媒体和娱乐以及创新项目和其他业务。我们并通过子公司菜鸟网络及所投资的关联公司口碑，参与物流和本地服务行业，同时与蚂蚁金融服务集团有战略合作，该金融服务集团主要通过中国**的第三方网上支付平台支付宝运营。
我们的愿景
我们旨在构建未来的商务生态系统。我们的愿景是让客户相会、工作和生活在阿里巴巴，并持续发展最少102年。

申请此职位表明您已阅读并同意阿里巴巴及关联公司的《申请工作机会须知》，具体请看链接：***************************************************"
unknown:1982529803,1982529803,unknown,风控运营主管-商户调查(000845),随行付,互联网,融资未公开,1000-2000人,杭州-文新,15-30k·15薪,5-10年,本科,,5月14日更新,招1人,,标题领域词=风控; 标题岗位词=运营; 公司标签=互联网,https://www.liepin.com/zpfengkongyunying/,https://www.liepin.com/zpfengkongyunying/,https://www.liepin.com/job/1982529803.shtml,2026-05-23T12:52:11+08:00,2026-06-04T14:08:00+08:00,"职责描述:
 1.严格依据公司风控合规政策及内控流程，负责入网商户全量资质审核、身份真实性核验、穿透式尽职调查，核查企业主体、法人、股东及最终受益所有人背景信息，完成商户风险画像与风险等级评定。
2.负责存量商户常态化巡检、高风险商户专项回溯调查，梳理商户经营真实性、业务匹配度及存续经营状态，复盘历史交易流水与资金行为，识别潜在合规及洗钱风险，输出处置建议。
3.参与商户风控准入规则、尽调标准、调查流程及合规制度的梳理、维护与版本更新，结合商户调查业务痛点，提出风控产品及流程优化需求，提升商户尽调与风险调查整体作业效率。
4.聚焦跨境 B2B 贸易类商户专项调查，核查商户经营范围、贸易场景、上下游合作背景、交易真实性，深度分析资金往来路径、流向合理性，排查空壳公司、虚假贸易、代收代付、资金空转等违规风险。
5.深入梳理各类跨境贸易业态、结算模式及境外主体特征，参与搭建商户分层分类调查标准，持续优化商户准入、尽调、巡检、退出全链路风险运营管控体系。
6.独立识别商户异常入驻、股权频繁变更、经营与交易不匹配等高风险特征，开展可疑商户、风险事件及欺诈商户的专项调查取证、成因分析，撰写调查结论与风控报告；持续跟踪行业商户违规套路、欺诈模式及洗钱作案手法，沉淀调查标准与风控拦截规则。

任职资格:
1.全日制一类本科及以上学历，金融、国际贸易、法学、风险管理、财经类相关专业优先。
2.具备基础反洗钱、反欺诈合规知识，熟悉跨境支付、跨境贸易 B2B 业务逻辑及商户准入尽调流程，有志于长期从事跨境支付商户风控、合规调查方向职业发展。
3.对跨境商户调查、风控运营工作有兴趣，逻辑思维清晰，具备较强信息检索、资料核验及疑点排查能力，主动愿意学习行业监管政策、黑产模式及风控规则。
4.具备良好跨部门沟通协作能力，工作细致严谨、原则性强，能承受日常商户集中尽调、专项调查的工作压力。
5.具备基础英语读写能力，可独立查阅境外商户注册资料、英文合规文档，完成简单涉外信息核对与文档整理工作。","随行付是高阳科技（中国）有限公司的关联公司。高阳集团总部位于北京，2002年在香港主板上市（股票代码：HK0818），其业务主要分布在中国大陆及港澳台地区，业务涉及金融、电信、电力等行业，年产值近二十亿元人民币。

随行付成立于2011年，是中国线下场景智慧支付平台。随行付致力于以科技创新为小微企业提供多元化的金融服务。公司业务主要覆盖支付和金融科技两大板块。支付服务为超过600万小微商户提供最综合的支付服务。包括POS、互联网支付、移动支付、移动POS及跨境支付服务等。年交易额突破万亿元。金融科技服务随行付拥有强大的研发能力，截至2019年底，研发人员总数达到37.8%。公司已在人工智能、大数据、云服务等前沿技术领域作出重大投入并取得显著成效。

我们的团队：

在这里，扁平化的管理风格，不讲究论资排辈，you can you up！

在这里，我们坚决抵制官僚主义作风，CEO、COO、CFO，面对高大上的老板们，你可以选择直呼其名，你还可以选择他们最亲民可爱的昵称！

在这里，不管你是高冷艳的产品大拿，还是高精尖的技术专家，更不管你是什么O，统统没有标配单间办公室，在我们6000平方米的开放式办公区域内，老板们可能就坐在那些并不起眼的普通工位上，与我们一起并肩作战！

在这里，你可以和一群技术牛一起玩转编程语言的奇幻世界！

在这里，你还可以和一群骨骼灵秀的资深产品一起涨姿势！

我们的福利：

吃：餐补+食品柜+饮料机+微波炉咖啡机+卡座沙发

行：N趟班车N个时间，配合弹性上班制，东南西北城均可抵达

娱：仅娱乐室就有200多平米，动如跑步机，静如瑜伽，闹如乒乓，帅如桌球，连friends里面的桌上足球也有；还嫌不够？羽毛球专场免费畅打，大型健身房随便去！

游：每月都有team building；每年都有远足旅游；每人都有带薪年假保障：六险一金、补充医疗、健康体检

增值收入：员工期权、股权计划

2021年我们扬帆远航，如果你有梦想、不空谈，如果你的激情从未褪去，请加入我们！"
