job_key,job_id,job_kind,title,company_name,company_industry,company_stage,company_size,location,salary,experience,education,benefits,detail_update_time,detail_recruit_count,detail_labels,match_reason,source_url,page_url,job_url,first_seen_at,last_seen_at,job_intro,company_intro
unknown:1961419985,1961419985,unknown,内容安全策略运营,58同城,互联网,不需要融资,10000人以上,北京-大山子,15-25k,3-5年,本科,发展空间大 | 扁平管理 | 岗位晋升,90天前更新,招1人,发展空间大 | 扁平管理 | 岗位晋升,标题领域词=内容安全; 标题岗位词=运营; 公司标签=互联网,https://www.liepin.com/zpneironganquan/,https://www.liepin.com/zpneironganquan/pn4/,https://www.liepin.com/job/1961419985.shtml,2026-04-14T14:01:30+08:00,2026-08-17T10:34:33+08:00,1、 负责内容安全风险审核能力的建设，对内容安全风险（涉政、涉黄、涉暴、违禁）等有较好的防控治理经验，能把解决方案快速转化为线上实时的防控策略，在以上几个风险领域具备专业的防控和对抗理解 2、 有抽象思维能力，能结合风险舆情，在内容、账户等场景的不同业务流程中抽离出共性问题，协调相关算法、研发和审核资源，确定优化方向不断提升中台治理能力 3、 能通过数据分析挖掘平台风险，结合敏感词库、内容和图片的算法模型、行为模型等多项能力打造内容安全风控策略，对风控效果和风控效率负责 岗位要求： 1、 本科及以上学历（优先），3年以上风控策略运营或相关分析工作经验 2、 数据处理能力，熟练使用SQL\EXCEL等数据提取和处理工具,"58同城，遵循“开放协作、简单可信、学习成长、创新进取”的企业核心价值观，以“让生活简单美好”为企业使命，以“人人信赖的生活服务平台”为愿景。业务覆盖招聘、房产、汽车、二手、本地生活服务及金融等各个领域，旗下拥有安居客、转转、58到家、人人车、赶集网、中华英才网、58魔方、爱房、驾校一点通、58数科、58同镇、58部落等。

2005年12月，58同城创立于北京，并于2013年10月31日，正式于纽交所挂牌上市，2015年58同城先后完成安居客、中华英才网并购，同年11月正式合并赶集网。58同城不断进行AI、大数据、VR可视化、智能化技术创新，完善用户服务标准化和保障体系，为客户提供更专业、高效的服务，全方位的市场营销解决方案，让用户更安心，让更多人生活简单美好。

2021年，58同城全面向产业化布局发展，公司以“4+N”投资布局发展战略，围绕招聘、房产、汽车、本地生活服务等各个事业群，通过内部孵化、投资等向N个创新的细分业务方向发展，打通上下游服务产品链，逐步完成生活服务信息流程的在线化和一体化解决方案。"
unknown:1956035545,1956035545,unknown,安全合规运营（内容安全方向）,58同城,互联网,不需要融资,10000人以上,北京-酒仙桥,18-30k·15薪,3-5年,本科,发展空间大 | 扁平管理 | 岗位晋升,90天前更新,招1人,发展空间大 | 扁平管理 | 岗位晋升,标题领域词=内容安全; 标题岗位词=运营; 公司标签=互联网,https://www.liepin.com/zpneironganquan/,https://www.liepin.com/zpneironganquan/pn3/,https://www.liepin.com/job/1956035545.shtml,2026-04-14T14:01:30+08:00,2026-08-17T10:34:33+08:00,"工作职责：
1、负责内容安全监管工作，从监管对接、政策解读、方案协同、方案落地和验收推动公司合规建设；
2、负责公司内容安全规则体系运营工作，制定和完善相关管控规则和制度；
3、与GR、PR、法务等部门建立良好的沟通机制，了解监管动向解读监管尺度，并转化为可落地的安全解决方案；
4、持续优化集团的监管系统，制度平台等合规系统。
任职资格：
1、本科及其以上学历，3年以上内容安全领域相关工作经验者优先；
2、具有较丰富的内容安全政策解读的经验、制定内容安全防控标准和流程的经验。","58同城，遵循“开放协作、简单可信、学习成长、创新进取”的企业核心价值观，以“让生活简单美好”为企业使命，以“人人信赖的生活服务平台”为愿景。业务覆盖招聘、房产、汽车、二手、本地生活服务及金融等各个领域，旗下拥有安居客、转转、58到家、人人车、赶集网、中华英才网、58魔方、爱房、驾校一点通、58数科、58同镇、58部落等。

2005年12月，58同城创立于北京，并于2013年10月31日，正式于纽交所挂牌上市，2015年58同城先后完成安居客、中华英才网并购，同年11月正式合并赶集网。58同城不断进行AI、大数据、VR可视化、智能化技术创新，完善用户服务标准化和保障体系，为客户提供更专业、高效的服务，全方位的市场营销解决方案，让用户更安心，让更多人生活简单美好。

2021年，58同城全面向产业化布局发展，公司以“4+N”投资布局发展战略，围绕招聘、房产、汽车、本地生活服务等各个事业群，通过内部孵化、投资等向N个创新的细分业务方向发展，打通上下游服务产品链，逐步完成生活服务信息流程的在线化和一体化解决方案。"
unknown:1977634395,1977634395,unknown,内容安全策略运营,BIGO LIVE,互联网,D轮及以上融资,5000-10000人,广州-洛溪,18-35k·16薪,2年以上,本科,五险一金 | 年终奖金 | 绩效奖金 | 带薪年假,90天前更新,招1人,五险一金 | 年终奖金 | 绩效奖金 | 带薪年假 | 餐费补贴,标题领域词=内容安全; 标题岗位词=运营; 公司标签=互联网,https://www.liepin.com/zpneironganquan/,https://www.liepin.com/zpneironganquan/pn3/,https://www.liepin.com/job/1977634395.shtml,2026-04-14T14:01:30+08:00,2026-08-17T10:34:33+08:00,"岗位职责
1、风控体系建设：全面理解平台内容生态及风险类型，参与搭建和优化风控治理体系，重点关注语音房场景，制定可执行的策略方案，推动机人审策略、模型能力迭代
2、风险监测与复盘：理解业务场景，并基于平台规则与外部舆情、负面反馈，建立风控检测指标，追踪策略、模型整体效果，定期进行复盘，总结经验并提出改进方向，优化具体策略，为策略的投入产出比负责
3、沟通与项目推进：能清晰表达业务诉求和风险判断，高效协同产品、审核、算法、政策合规等多方，推动项目闭环落地

任职要求
1、教育背景：本科及以上学历，有机审/风控策略从业经验、完整项目经历优先
2、经验要求：2年以上内容风控/策略运营/风险治理相关风险对抗的实战经验
3、专业能力：熟悉整体审核链路及常见风险处置方式，能独立进行风险特征挖掘、制定风控策略。熟悉策略引擎的使用，了解模型工作流程，能结合业务场景提出模型需求并进行效果验证
4、数据分析：有一定数据敏感性，并至少掌握一种数据分析工具（如SQL、Python等），能基于数据量化分析的方式提出风控策略迭代方案、验证风控效果
5、综合能力：主动自驱，沟通与推动力强，能高效与协作方对齐目标，推动需求落地；思维逻辑清晰，具备优秀的文档撰写与表达能力","【关于BIGO】

BIGO 于2014年成立，是一家高速发展的科技公司。BIGO 基于强大的音视频处理技术、全球音视频实时传输技术、人工智能技术、CDN 技术，推出了一系列音视频类社交及内容产品，包括Bigo Live、Likee等。目前，BIGO 在全球已拥有近4亿月活用户，产品及服务已覆盖超过150个国家和地区。为了让用户更积极、自在、安全地感受世界的精彩，BIGO 一直不懈地探索前沿技术，提升自身研发水平，现已在中国（北京、上海、广州）、新加坡和美国（硅谷）建立了5个研发中心。BIGO 深耕本地化运营和本土团队建设，拥有产品、运营、营销、业务等全方位本土化落地能力，已在全球建立30余个本地办公室。使命连接美好世界，传递快乐生活愿景成为影响10亿人生活的内容平台。

 

【BIGO发展历程】

2014年11月——BIGO成立

2016年3月——海外视频直播应用 - Bigo Live上线

2017年7月——创意产品全球头部的创意短视频社交应用 - Likee在全球上线

2017年12月——Likee获得Google Play 多个奖项

2018年6月——BIGO完成D轮融资，成功超过3亿美元

2020年3月——第⼀季度社交及通讯应⽤全球下载排⾏Likee跻身前六名

2020年12月——Bigo Live位列全球⾮游戏类应⽤收⼊年度榜单第⼗位

2021年1月——旗下产品全球⽉活数近4亿，全球员工8000人；BIGO 点亮迪拜塔、纽约时代⼴场等全球30多个城市地标，拓宽泛娱乐新版图

2021年6月——Bigo Live位列2021上半年全球娱乐应⽤收⼊榜单第九位

 

【全球化产品，月活用户近4亿】

Bigo Live---全球视频直播社交平台，月活跃用户超过 2800 万；2021年第三季度月活达3100万，营收同比增长8.6%

Likee---全球短视频创作平台，登顶应用排行；移动端月活跃用户超过 1 亿，2021年第三季度月活用户达7680万，营收同比增长58.1%

 

【企业主页】

公司官网*******************

请关注“BIGO 招聘”微信公众号，获得更多企业及招聘动态

 

【公司地址】

广州万达办公室：广州市番禺区万达广场B1栋

北京办公室：北京市朝阳区望京利泽西街东湖国际中心A座2-3层

上海办公室：上海市黄浦区淮海中路381号中环广场办公大楼23层2339室

佛山办公室：佛山市桂城南海区荣耀国际金融中心14-15层

成都办公室：成都市高新区天府三街大有智慧广场迈普大厦1栋8层"
unknown:1959167725,1959167725,unknown,内容安全评估负责人,Baidu,"互联网,IT服务,计算机软件",已上市,10000人以上,北京-西北旺,15-30k·16薪,1-3年,本科,,90天前更新,招1人,,标题领域词=内容安全; 标题岗位词=评估; 公司标签=互联网,https://www.liepin.com/zpneironganquan/,https://www.liepin.com/zpneironganquan/pn4/,https://www.liepin.com/job/1959167725.shtml,2026-04-14T14:01:30+08:00,2026-08-17T10:34:33+08:00,"工作职责

-制定和实施内容安全评估策略，确保我们的产品符合内部和外部政策和法规要求
-对接内容评估团队，指导评估团队书写并沉淀系统、全面的内容安全评估集合
-关注内容监管政策和行业动态，进行相关专项分析研究，形成业务建议
-分析内容安全相关的问题，与技术、产品、法务、运营等相关部门沟通和协作解决
任职资格

-本科及以上学历，具备两年以上内容安全相关工作经验优先
-熟悉互联网行业相关政策和法规，对内容安全评估有一定了解
-具备良好的沟通和协调能力，能够有效跨团队协作解决问题
-有责任心，耐心细致，主动学习，执行能力强","百度，全球最大的中文搜索引擎、最大的中文网站。2000年1月创立于北京中关村。
 百度拥有数千名研发工程师，这是中国乃至全球最为优秀的技术团队，这支队伍掌握着世界上最为先进的搜索引擎技术，使百度成为中国掌握世界尖端科学核心技术的中国高科技企业，也使中国成为美国、俄罗斯、和韩国之外，全球仅有的4个拥有搜索引擎核心技术的国家之一。
 从创立之初，百度便将“让人们最便捷地获取信息，找到所求”作为自己的使命，成立以来，公司秉承“以用户为导向”的理念，不断坚持技术创新，致力于为用户提供“简单，可依赖”的互联网搜索产品及服务，其中包括：以网络搜索为主的功能性搜索，以贴吧为主的社区搜索，针对各区域、行业所需的垂直搜索，Mp3搜索，以及门户频道、IM等，全面覆盖了中文网络世界所有的搜索需求，根据第三方权威数据，百度在中国的搜索份额超过80%。"
unknown:1962525883,1962525883,unknown,资深风控运营专家（游戏方向）,SHEIN,互联网,10000人以上,,上海-淮海路,25-45k,3-5年,本科,五险一金 | 年终奖金 | 绩效奖金 | 带薪年假,90天前更新,招1人,五险一金 | 年终奖金 | 绩效奖金 | 带薪年假 | 团队聚餐 | 节日礼物 | 定期体检 | 餐费补贴 | 加班补贴 | 发展空间大,标题领域词=风控; 标题岗位词=运营; 公司标签=互联网,https://www.liepin.com/zpfengkongyunying/,https://www.liepin.com/zpfengkongyunying/pn2/,https://www.liepin.com/job/1962525883.shtml,2026-04-14T14:01:30+08:00,2026-08-17T10:34:33+08:00,"岗位职责:
1.基于历史数据及专家经验，通过数据分析和挖掘，设计针对游戏方向的的安全策略，并且持续优化；
2.完成游戏业务场景的关键风险识别和策略制定，独立执行风险行为的监控与分析，减少或者杜绝平台业务中可能出现的风险损失；
3.负责推动完善与优化风控体系与工具；
4.与市场、数据、产品、技术团队深度合作，整体把握具体风控场景解决方案的推进。


任职要求:
1.本科以上学历，工科类专业优先；
2.游戏风控策略关联、数据挖掘、机器学习等互联网相关工作经验3-5年以上；
3.突出的逻辑思维、解决问题能力，优秀的沟通协调能力和较强的抗压能力。","SHEIN是一家全球时尚和生活方式在线零售商，为全球超过150个国家和地区的消费者提供丰富且具性价比的时尚产品，让人人尽享时尚之美。

-2022、2023购物类APP下载量全球Top1
-2024全球Top3时尚零售商"
unknown:1962525881,1962525881,unknown,资深风控运营专家（游戏方向）,SHEIN,互联网,10000人以上,,南京-小行,25-45k,3-5年,本科,五险一金 | 年终奖金 | 绩效奖金 | 带薪年假,90天前更新,招1人,五险一金 | 年终奖金 | 绩效奖金 | 带薪年假 | 团队聚餐 | 节日礼物 | 定期体检 | 餐费补贴 | 加班补贴 | 发展空间大,标题领域词=风控; 标题岗位词=运营; 公司标签=互联网,https://www.liepin.com/zpfengkongyunying/,https://www.liepin.com/zpfengkongyunying/pn2/,https://www.liepin.com/job/1962525881.shtml,2026-04-14T14:01:30+08:00,2026-08-17T10:34:33+08:00,"岗位职责:
1.基于历史数据及专家经验，通过数据分析和挖掘，设计针对游戏方向的的安全策略，并且持续优化；
2.完成游戏业务场景的关键风险识别和策略制定，独立执行风险行为的监控与分析，减少或者杜绝平台业务中可能出现的风险损失；
3.负责推动完善与优化风控体系与工具；
4.与市场、数据、产品、技术团队深度合作，整体把握具体风控场景解决方案的推进。


任职要求:
1.本科以上学历，工科类专业优先；
2.游戏风控策略关联、数据挖掘、机器学习等互联网相关工作经验3-5年以上；
3.突出的逻辑思维、解决问题能力，优秀的沟通协调能力和较强的抗压能力。","SHEIN是一家全球时尚和生活方式在线零售商，为全球超过150个国家和地区的消费者提供丰富且具性价比的时尚产品，让人人尽享时尚之美。

-2022、2023购物类APP下载量全球Top1
-2024全球Top3时尚零售商"
unknown:1976859197,1976859197,unknown,风控运营专家,万联易达集团,互联网,融资未公开,1000-2000人,北京-望京,25-45k,5年以上,本科,五险一金 | 年终奖金 | 带薪年假 | 节日礼物,90天前更新,招1人,五险一金 | 年终奖金 | 带薪年假 | 节日礼物 | 公司规模大,标题领域词=风控; 标题岗位词=运营; 公司标签=互联网,https://www.liepin.com/zpfengkongyunying/,https://www.liepin.com/zpfengkongyunying/pn1/,https://www.liepin.com/job/1976859197.shtml,2026-04-14T14:01:30+08:00,2026-08-17T10:34:33+08:00,"岗位职责：
风控战略与体系建设：
制定并执行平台全面的风险管理战略、政策和流程，构建与业务发展相匹配的全流程风控体系。
主导搭建平台的核心信用体系，包括用户信用模型的设计、信用分的计算规则、信用标签体系及信用权益/限制策略，并推动其与智能定价、订单匹配等核心流程深度融合。
建立并完善风险识别、评估、预警、处置和复盘的闭环机制，定期输出风控报告，向管理层汇报风险状况。

全链路风险管控：
用户准入风险： 建立多维度的用户资质审核（企业/个人）与验真机制，从源头杜绝虚假运力和虚假货主。
交易与履约风险： 实时监控交易链路，防控欺诈交易、虚假报价、恶意竞价、运费诈骗、货物丢失/损坏、运输纠纷等风险。
金融与支付风险： 设计与业务场景结合的金融风控策略，防控盗刷、套现、骗贷、坏账等风险，保障平台与用户的资金安全。
数据与信息安全风险： 制定策略防止数据泄露、信息爬取、隐私违规等，保障平台和用户数据安全。
运营与内部风险： 建立内控机制，防范内部操作风险与合规风险。

系统与流程优化：
作为业务需求的最终出口，与产品、技术、数据团队紧密协作，将风控策略和信用体系逻辑转化为清晰的产品需求和技术开发需求，推动风控系统与工具的落地与迭代。
优化风险调查与处置流程，提升团队处理效率与准确性。

团队管理与行业洞察：
负责风控团队的搭建、培训和管理，提升团队专业能力。
持续研究物流行业及互联网金融领域的新型风险特征和防控手段，引入前沿风控技术和理念。
任职要求：
学历专业： 本科及以上学历，金融、数学、统计学、计算机、法律等相关专业优先。
行业经验： 8年以上风险管理工作经验，必须具备5年以上互联网交易平台、金融科技、物流平台或网络货运行业风控团队管理经验。有从0到1搭建平台级风控和信用体系成功经验者尤佳。
专业能力： 精通各类风险识别与防控方法，对信用模型、规则策略、反欺诈、数据安全等领域有深刻理解和实战经验。
数据驱动： 具备极强的数据分析和逻辑思维能力，能熟练使用SQL、Python等工具进行数据提取和分析，依赖数据制定策略、评估效果。
业务理解： 深刻理解物流平台业务模式和潜在风险点，具备优秀的商业敏感度和风险平衡能力。","北京万联易达控股集团有限公司是由中泽集团出资设立的产业互联网公司，致力于打造基于人工智能等前沿科技的全行业的产业互联生态系统。

公司的目标是将全球领先的数字技术应用于国民经济中的所有行业企业。基于此目标构建了AI应用平台、商品交易平台、物流服务平台和数智金融平台四大核心基础服务平台，并通过赋能吸引各类产业平台、产业链企业、服务机构入驻生态，打造共建、共享、共赢的开放式产业互联网生态系统。"
unknown:1976096367,1976096367,unknown,风控运营专家,万联易达集团,互联网,融资未公开,1000-2000人,北京-大山子,30-50k·14薪,8年以上,本科,五险一金 | 年终奖金 | 股票期权 | 带薪年假,90天前更新,招1人,五险一金 | 年终奖金 | 股票期权 | 带薪年假 | 领导好 | 发展空间大 | 扁平管理,标题领域词=风控; 标题岗位词=运营; 公司标签=互联网,https://www.liepin.com/zpfengkongyunying/,https://www.liepin.com/zpfengkongyunying/pn1/,https://www.liepin.com/job/1976096367.shtml,2026-04-14T14:01:30+08:00,2026-08-17T10:34:33+08:00,"岗位职责：
​​1、构建信用风控体系与模型​​
设计托运人/承运人信用评级模型，覆盖付款能力、运力真实性、历史履约等维度
开发反欺诈策略，拦截高风险交易
建立动态风控规则库，结合行业黑名单、交易行为数据实时更新模型参数
​​2、全流程风险监控与迭代​​
监控交易全链路风险指标
建立风险预警系统，实时监测运价波动、区域供需失衡等潜在风险
牵头制定应急预案
​​3、资源整合与生态构建​​
对接央行征信、第三方数据服务商，接入物流行业专属数据源
推动与金融机构合作开发运费保理、信用贷款等金融产品，降低平台坏账风险
联合行业协会建立行业信用联盟，共享高风险运力/货主黑名单
​​4、数据驱动决策与团队赋能​​
构建风控驾驶舱
指导团队运用机器学习模型优化风控策略
定期组织风控案例复盘

任职要求：
1. 行业经验​​
8年以上风控管理经验，有物流/供应链金融风控体系搭建经验优先
熟悉物流行业欺诈模式，具备反欺诈策略设计能力
​​2. 核心能力​​
精通信用评级模型开发，能基于业务场景定制风险评估指标
强数据分析能力：熟练进行风控数据建模
资源整合能力：能联动金融机构、数据供应商构建风控生态
​​3. 核心素质​​
风险敏感度：能预判行业风险趋势
决策魄力：在数据不完整时快速制定应急风控方案
合规意识：熟悉物流行业监管要求","北京万联易达控股集团有限公司是由中泽集团出资设立的产业互联网公司，致力于打造基于人工智能等前沿科技的全行业的产业互联生态系统。

公司的目标是将全球领先的数字技术应用于国民经济中的所有行业企业。基于此目标构建了AI应用平台、商品交易平台、物流服务平台和数智金融平台四大核心基础服务平台，并通过赋能吸引各类产业平台、产业链企业、服务机构入驻生态，打造共建、共享、共赢的开放式产业互联网生态系统。"
unknown:1980561157,1980561157,unknown,运营风控岗,上海聚均科技有限公司,"科技金融,互联网,云计算/大数据",A轮融资,100-499人,上海-联洋,15-30k,3-5年,本科,五险一金 | 带薪年假 | 餐费补贴 | 扁平管理,8月14日更新,招2人,五险一金 | 带薪年假 | 餐费补贴 | 扁平管理 | 高端医疗保险,标题领域词=风控; 标题岗位词=运营; 公司标签=互联网,https://www.liepin.com/zpfengkongyunying/,https://www.liepin.com/zpfengkongyunying/pn2/,https://www.liepin.com/job/1980561157.shtml,2026-04-14T14:01:30+08:00,2026-08-17T10:34:33+08:00,"岗位职责：
1、负责供应链金融风控体系的搭建、完善和优化，制定并持续改进风险管理的各项制度、政策、操作规程和业务流程。
2、覆盖债权类业务和货权类业务的贷前、贷中到贷后的全流程风险管控，包括资料审核、风险识别与评估、审批意见出具、关键环节监督、持续监控及预警响应等。
3、参与项目调研，关注业务中的风险管控，将风险管控节点融入公司获客类平台的交易流程。
4、基于大数据风控特点，设计并优化评级打分卡和风险模型；利用多维数据（如第三方数据、舆情监控）进行风险分析和监控。
5、参与新产品的设计与评审，从风险控制要点出发提供合理化建议；对相关业务人员进行风险知识和产品的培训。
6、与业务部门、技术部门、资金方及外部合作伙伴等进行有效沟通，协调落实风控措施，推动风险管理要求的执行。
7、依据平台数据分析结果，定期迭代优化风控指标、规则、模型、画像等内容，旨在使模型更贴合业务场景使用。

任职资格：
1、金融、经济、法律、数学、统计等相关专业本科及以上学历。
2、3年以上供应链金融、银行对公信贷、保理、融资租赁、担保等行业的风控相关工作经验。有银行或知名金融机构的对公业务、风险管理经历者优先。
3、熟悉产业链、银行对公信贷业务，精通应收账款融资、货押融资、预付款融资等常见产品的风险点和管控措施。
4、能独立进行风险审核，对市场风险有独立见解，能敏锐识别风险。
5、能独立进行数据分析，并提供业务操作指导，熟悉风险计量方法和风险缓释技术。
6、了解相关金融法律法规和监管政策。
7、具有较强的团队合作意识、担当精神、执行能力；学习意愿强，责任心强。具备较好的组织推动能力、较强的责任心、优秀的沟通、表达、协调能力和学习能力，抗压力强。","聚均科技是上海市高新技术企业，融合全球先进的物联网、区块链、云计算、大数据、人工智能等全场景数字科技手段，为金融机构产业金融服务的数字化转型提供整体解决方案，服务金融机构高质量数字化转型。
聚均科技拥有多项技术资质和专利。公司通过了 ISO9001质量管理体系认证、ISO20000 信息技术服务管理体系认证、ISO27001 信息安全管理体系认证、CMMI V2.0 三级认证，旗下产业数字金融服务平台通过信息系统安全等级保护（2.0版）三级复测。同时，公司还参与了国家信息安全标准制定，助力金融机构在安全合规、核心技术国产化、国密改造等方面取得超前优势。
经过多年的探索、创新、实践，聚均科技获得了诸多权威机构认可。公司作为产业数字金融综合服务商入选“2021 IDC 中国 FinTech 50”，旗下产业数字金融服务平台入选工信部国家产融合作平台优秀案例，“产业数字金融模式研究与应用”荣获“2021 数博会科技成果优秀项目奖”等。
聚均科技遵循数字经济时代“融合、生态、赋能”的客观规律，愿与客户建立价值共生、合作共赢的长期伙伴关系；同时不忘初心，致力于为系统性解决产业链上中小企业融资难、融资贵问题，为实现经济运行降本增效、中国经济高质量发展贡献自己的力量。"
unknown:1984593679,1984593679,unknown,信用卡风控运营（跨境支付）,上海飞烁网络科技有限公司,互联网,50-99人,,北京-来广营,10-20k·13薪,5-10年,本科,五险一金 | 年终奖金 | 节日礼物 | 团队聚餐,8月3日更新,招1人,五险一金 | 年终奖金 | 节日礼物 | 团队聚餐 | 扁平管理 | 优秀员工奖 | 带薪年假,标题领域词=风控; 标题岗位词=运营; 公司标签=互联网,https://www.liepin.com/zpfengkongyunying/,https://www.liepin.com/zpfengkongyunying/,https://www.liepin.com/job/1984593679.shtml,2026-08-13T11:33:02+08:00,2026-08-17T10:34:33+08:00,"岗位职责
1. 负责**外卡收单**交易日常风控，监控Visa/Master等海外信用卡交易流水，排查盗刷、伪卡交易、虚假下单、恶意拒付等风险，完成交易拦截、订单冻结、拒付申诉处理。
2. 重点监控外卡收单核心指标：卡拒付率、欺诈率、交易通过率，定期数据复盘，定位商户及交易风控漏洞。
3. 负责海外商户准入审核、商户风险评级、KYC/合规筛查，把控外卡收单商户风险，规避卡组织处罚及通道风险。
4. 跟进卡组织、海外收单行风控规则更新，配合优化外卡风控规则与审核SOP，处理外卡交易突发风险事件。


任职要求
1. 本科及以上学历，有**外卡收单、海外信用卡风控**运营经验优先。
2. 熟悉外卡收单场景，了解海外信用卡欺诈、拒付成因及卡组织基础规则。
3. 细心严谨、具备基础数据敏感度，抗压性强，有良好的风险判断能力。
4. 熟练使用风控后台，具备基础英文读写能力，可处理海外商户、卡组织相关信息优先。",Enjoy出海—移动开发者出海服务平台，为游戏，应用等手机端产品出海提供信息服务（出海学院、精选服务商、新闻动态），工具服务（极速Google Play、极速Global Store），增长服务（广告投放等），一站式解决开发者出海问题，帮助开发者更快更好走向全球市场！ 目前Enjoy出海是Google、Tik Tok、kwai 广告一级代理，Facebook广告优质合作伙伴，已服务中大型客户10000+家，客户类型主要有移动应用、游戏、金融、电商等。
unknown:1965293045,1965293045,unknown,资金风控运营岗,京东商城,互联网,已上市,10000人以上,通州区,20-30k·16薪,5-10年,本科,,90天前更新,招1人,,标题领域词=风控; 标题岗位词=运营; 公司标签=互联网,https://www.liepin.com/zpfengkongyunying/,https://www.liepin.com/zpfengkongyunying/pn2/,https://www.liepin.com/job/1965293045.shtml,2026-04-14T14:01:30+08:00,2026-08-17T10:34:33+08:00,"一、岗位职责
1.策略制定：针对退款、赔付等资损场景，虚拟高危业务等，制定风险管控策略，精细化管控风险，缩小资损敞口，降低坏账成本；
2. 系统能力：基于管控策略，推动系统方案落地及支持可配置化，提高产品通用性及利用率。日常解决商家客诉咨询，协助产研解决系统问题。
3. 产品运营：梳理数据看板需求，建立预警、监控等机制，支持下探分析风险场景，并对看板能力组织培训及宣贯；
4.竞对分析：及时关注行业内部竞对信息，进行分析研究，推动规则优化。
二、岗位要求
1. 全日制本科及以上学历，专业不限。金融、财务类专业优先。
2. 5年以上电商业务运营、结算、治理、风控、策略运营等工作经验，具备行业认知，有大型互联网公司工作经验优先。 
3、逻辑清晰严谨，具备自驱力和探索精神，有责任心，善于沟通协作、组织推动。
4. 具备产品化、系统化思维，以客户角度思考问题，善于总结归纳，具备团队合作精神。
5. 熟练使用Excel，PPT等办公软件，有良好的数据分析与处理能力。
6.能适应快节奏、高强度的工作氛围、具备抗压能力","京东于2004年正式涉足电商领域，2017年，京东集团市场交易额接近1.3万亿元*。2018年7月，京东第三次入榜《财富》全球500强，位列第181位，在全球仅次于亚马逊和Alphabet。

2014年5月，京东集团在美国纳斯达克证券交易所正式挂牌上市。2015年7月，京东凭借高成长性入选纳斯达克100指数和纳斯达克100平均加权指数。

京东商城致力于打造一站式综合购物平台，通过组建大快消、电子文娱、时尚生活三大事业群，服务中国亿万家庭，并以高于行业平均增长速度的发展态势满足消费者日益多元的消费需求。京东商城已完成全品类覆盖，消费品、3C、家电等优势品类年交易额突破千亿大关，未来京东还将培育出生鲜、文旅、时尚、大客户、新通路、拍卖、大汽车、家居家装、大健康等近20个“千亿级品类”。"
unknown:1984406915,1984406915,unknown,风控运营,京东商城,互联网,已上市,10000人以上,通州区,15-40k·20薪,3年以上,本科,公司规模大 | 发展空间大,8月12日更新,招1人,公司规模大 | 发展空间大,标题领域词=风控; 标题岗位词=运营; 公司标签=互联网,https://www.liepin.com/zpfengkong/ | https://www.liepin.com/zpfengkongyunying/,https://www.liepin.com/zpfengkong/pn1/ | https://www.liepin.com/zpfengkongyunying/,https://www.liepin.com/job/1984406915.shtml,2026-08-03T12:49:08+08:00,2026-08-17T10:34:33+08:00,"岗位职责
1. 风控策略和产品、风险管理流程规范的问题梳理、优化迭代推进；
2. 风险数据指标运营，基于识别、处理、客诉数据监控及BadCaes总结分析输出异常并推进提升；
3. 风控事件的监控分析及解决。
任职要求
1.熟悉电商业务，3年以上风险管理或电商平台反作弊、数据分析经验者优先；
2. 认同电商风控理念，拥有优秀的沟通能力和团队协作能力，强烈的责任感与自驱力，可独立并积极解决各种困难；
3. 思维敏捷，能快速理解业务方意图，有一定风险敏感度、数据分析、挖掘的经验，可快速响应业务、政策、产品迭代需求。","京东于2004年正式涉足电商领域，2017年，京东集团市场交易额接近1.3万亿元*。2018年7月，京东第三次入榜《财富》全球500强，位列第181位，在全球仅次于亚马逊和Alphabet。

2014年5月，京东集团在美国纳斯达克证券交易所正式挂牌上市。2015年7月，京东凭借高成长性入选纳斯达克100指数和纳斯达克100平均加权指数。

京东商城致力于打造一站式综合购物平台，通过组建大快消、电子文娱、时尚生活三大事业群，服务中国亿万家庭，并以高于行业平均增长速度的发展态势满足消费者日益多元的消费需求。京东商城已完成全品类覆盖，消费品、3C、家电等优势品类年交易额突破千亿大关，未来京东还将培育出生鲜、文旅、时尚、大客户、新通路、拍卖、大汽车、家居家装、大健康等近20个“千亿级品类”。"
unknown:1982998179,1982998179,unknown,美股风控运营,北京微云众网络科技有限公司,互联网,100-499人,,上海-陆家嘴,30-60k·16薪,3年以上,本科,年终奖金 | 绩效奖金 | 带薪年假 | 节日礼物,5月29日更新,招2人,年终奖金 | 绩效奖金 | 带薪年假 | 节日礼物 | 年底双薪 | 住房补贴 | 发展空间大 | 弹性工作 | 扁平管理 | 海外工作签证,标题领域词=风控; 标题岗位词=运营; 公司标签=互联网,https://www.liepin.com/zpfengkongyunying/,https://www.liepin.com/zpfengkongyunying/pn1/,https://www.liepin.com/job/1982998179.shtml,2026-06-03T14:16:53+08:00,2026-08-17T10:34:33+08:00,"岗位职责：
1、负责公司自营 Omnibus 美股业务Margin 保证金交易、融券做空、美股期权的日常风控运营，把控盘中、盘后持仓风险。
2、负责保证金管控、维持保证金监控、追保与强平流程执行，防范透支风险。
3、负责融券业务风控：券源额度管理、头寸监控、风险预警、异常头寸处置。
4、核心重点：独立负责美股期权交易风险管理，包含期权持仓敞口、保证金校验、到期行权风险、异常期权交易监控与处置。
5、对接上游托管券商，核对风控头寸、处理风险差异，跟进各类异常、风险闭环。
6、日常风控指标监控、风险台账记录、周报日报输出，配合合规、清结算、交易团队完成风险核查。

任职要求：
1、本科及以上学历，3年以上美股券商 / 自营机构风控运营经验。
2、硬性必备：同时具备美股 Margin、融券做空、美股期权风控运营实操经验，熟悉美股全品类交易风控逻辑。
3、熟悉美股交易规则、保证金制度、期权风险机制，懂持仓敞口、风险系数、强平逻辑。
4、英文可读写，能看懂海外券商风控报表与系统；熟练 Excel，数据敏感、严谨细心、抗压性强。
加分项
有头部券商、美股自营机构风控经验；熟悉期权组合策略风控；有风控流程优化、系统对接经验，
持有FRM/FCA证书者优先",
unknown:1984473625,1984473625,unknown,业务风险策略运营专家,北京高德云图科技有限公司,"互联网,计算机软件,人工智能",融资未公开,500-999人,余杭区,45-70k·16薪,5-10年,本科,五险一金 | 年终奖金 | 领导好 | 发展空间大,7月28日更新,招1人,五险一金 | 年终奖金 | 领导好 | 发展空间大 | 公司规模大 | 国际知名优势 | 股票期权 | 绩效奖金,标题领域词=风险; 标题岗位词=运营; 公司标签=互联网,https://www.liepin.com/zpfengxianyunying/,https://www.liepin.com/zpfengxianyunying/pn3/,https://www.liepin.com/job/1984473625.shtml,2026-08-03T12:49:08+08:00,2026-08-17T10:34:33+08:00,"一、岗位定位

在行业快速增长与风险之间建立可量化、可运营、可持续的平衡机制——既不因风险失控伤害用户信任与平台安全，也不因风控过度扼杀高潜品类的商业增长。

二、岗位职责

● 建立高风险品类的风险画像与分级模型，针对回收、维修、家政、开锁换锁、足疗按摩、宠物等品类，识别核心风险点（资质、欺诈、履约、安全、舆情）并分级管理。

● 设计并迭代品类的准入标准、分层运营策略、异常识别与退出机制，把控""哪些品类可以放开、哪些需要强管控、哪些应当收缩或劝退""。

● 主导重点品类的专项治理：从风险洞察 → 策略设计 → 规则落地 → 效果复盘形成闭环，牵头跨行业线、产品、研发、法务的协同治理。

● 推动风险策略产品化 / 模型化，与产品、研发、算法协同，把人工经验沉淀为规则引擎与模型能力，沉淀可复用的品类风险治理方法论与工具，支撑新品类快速评估与安全扩张。

● 建立违规识别、拦截、处置、申诉的策略规则体系，平衡拦截精度（误伤率）与召回率（漏放率），探索 AI 在风险治理中的应用（智能识别、内容合规、话术审核等），提升治理效率与覆盖面。

● 面向重大合规事件与舆情，牵头应急响应机制，给出可落地的处置与止损方案。

职位描述
专业能力

● 风险策略设计能力：能从复杂业务中抽象风险结构，设计分级、可运营、可迭代的策略体系，而非零散打补丁。

● 业务理解力：深刻理解本地生活 / 生活服务品类的商业逻辑、履约链路、变现模式，能站在业务视角做风险取舍。

● 合规与法律敏感度：熟悉广告法、行业资质、平台治理相关的合规要求，具备""红线嗅觉""。

● 数据驱动能力：能用数据定义风险、量化效果、识别异动，具备指标体系搭建与归因分析能力。

● 产品化 / 机制思维：能把人工经验转化为规则、模型和流程，具备与产品研发协同推动落地的能力。

通用能力

● 结构化思考与洞察：透过现象看结构，能从零散风险事件中提炼系统性问题与前置抓手。

● 跨团队协同与推动：风险治理天然是横向协同，需推动行业线、产品、研发、法务、商业化多方共建，具备强影响力与落地能力。

● 权衡与决断：在风险与增长、精度与召回、短期与长期之间做出清晰、可解释的取舍。

● 应急与抗压：面对重大风险/舆情事件能冷静响应、快速止损。

经验要求

● 5年以上风险策略 / 风控 / 平台治理 / 合规 / 品类运营治理相关经验，其中有独立主导某一风险领域策略的完整经验。

● 有本地生活、电商、O2O、互联网平台或强线下履约业务的风险治理经验者优先。

● 具备风险指标体系搭建、策略设计到落地的完整实操经验，能独立承接一个风险领域的策略责任。

● 优秀的数据分析、结构化表达与跨团队沟通推动能力。",高德地图是中国领先的数字地图内容、导航和位置服务解决方案提供商，致力于打造以用户为核心的“出门好生活开放服务平台”。
unknown:1984353023,1984353023,unknown,销售运营（行业风险运营）-杭州,北京高德云图科技有限公司,"互联网,计算机软件,人工智能",融资未公开,500-999人,余杭区,25-50k·16薪,5年以上,本科,,7月23日更新,招1人,,标题领域词=风险; 标题岗位词=运营; 公司标签=互联网,https://www.liepin.com/zpfengxianyunying/,https://www.liepin.com/zpfengxianyunying/,https://www.liepin.com/job/1984353023.shtml,2026-08-03T12:49:08+08:00,2026-08-17T10:34:33+08:00,"职位描述
 以本地生活美食&生服行业的行业视角切入，梳理行业商家、商品、履约等链路，为提升商家、用户在平台体验负责

负责以上行业的规则体系的建设，优化，维护以及推动规则管理线上持续线上化，定期从治理结果反推方案决策的可行性，并且不断做出迭代优化

具备市场洞察能力和走进用户，通过市场动向，数据和 case 分析不断发现问题和找到机会，通过各种前置和后验信号，细化行业下的治理体系，保障用户体验

联动体验服务团队、用户产品团队、商家产品团队，推动行业下的 BC 产品体系和机制建设

职位要求
具有5年以上电商平台合规、治理等相关工作经验，硕士以上优先；

有本地生活行业规则&行业风控经验，熟悉常见的风控模型和算法，有实际项目经验者优先;

熟练使用SQL等数据分析工具，具备丰富的产品运营或策略运营的经验

有要性和自驱力、抗压能力强、有业务经验更佳",高德地图是中国领先的数字地图内容、导航和位置服务解决方案提供商，致力于打造以用户为核心的“出门好生活开放服务平台”。
unknown:1981449131,1981449131,unknown,高德-业务风险运营专家-杭州,北京高德云图科技有限公司,"互联网,计算机软件,人工智能",融资未公开,500-999人,余杭区,30-50k·16薪,5年以上,本科,,90天前更新,招1人,,标题领域词=风险; 标题岗位词=运营; 公司标签=互联网,https://www.liepin.com/zpfengxianyunying/,https://www.liepin.com/zpfengxianyunying/pn1/,https://www.liepin.com/job/1981449131.shtml,2026-04-14T14:01:30+08:00,2026-08-17T10:34:33+08:00,"岗位职责：
1、受理来自于不同渠道的举报及调查任务，熟练运用各种调查方法，独立或组织团队查明事实真相，取得充足证据；同时，针对调查过程及结论形成完整书面报告，对调查中发现的业务风险进行分析和评估，与业务共同形成改进方案，并推动落地；
2、基于案件、对业务的理解和相关行业知识，完整、准确识别业务当前风险及现存问题，提出有效的、可落地的系统化解决方案，并跟进问题解决和方案落地；
3、基于业务政策/规则/流程、数据链路、操作系统等主动进行数据分析，完成全链路全面、多维度的风险识别及结果展现；
4、根据业务特点制定稽核计划，通过项目稽核，深入识别在业务设计及执行层面的风险，并对风险程度进行评估，同时提出有效的改进建议并协同各方进行改善，把风险控制在合理范围内。
任职要求：
1、有5年以上业务风险管理工作经验，本地生活行业领域相关经验更佳；
2、为人正直，原则性及保密意识强，善于沟通及团队协作，对事物敏感度高，有较强的逻辑判断能力、学习能力，性格开朗，抗压能力强；
3、成功主导过大型跨团队项目，具备通过产品、流程、机制等系统化解决问题的能力
4、熟练掌握SQL、Python等编程语言，能够独立进行复杂数据挖掘和统计分析，并形成相应的风控策略",高德地图是中国领先的数字地图内容、导航和位置服务解决方案提供商，致力于打造以用户为核心的“出门好生活开放服务平台”。
unknown:1984027267,1984027267,unknown,高德-销售运营（行业风险运营）-杭州,北京高德云图科技有限公司,"互联网,计算机软件,人工智能",融资未公开,500-999人,余杭区,20-50k·16薪,3-5年,本科,,7月9日更新,招1人,,标题领域词=风险; 标题岗位词=运营; 公司标签=互联网,https://www.liepin.com/zpfengxianyunying/,https://www.liepin.com/zpfengxianyunying/pn1/,https://www.liepin.com/job/1984027267.shtml,2026-07-13T12:49:04+08:00,2026-08-17T10:34:33+08:00,"职位描述
以本地生活美食&生服行业的行业视角切入，梳理行业商家、商品、履约等链路，为提升商家、用户在平台体验负责

负责以上行业的规则体系的建设，优化，维护以及推动规则管理线上持续线上化，定期从治理结果反推方案决策的可行性，并且不断做出迭代优化

具备市场洞察能力和走进用户，通过市场动向，数据和 case 分析不断发现问题和找到机会，通过各种前置和后验信号，细化行业下的治理体系，保障用户体验

联动体验服务团队、用户产品团队、商家产品团队，推动行业下的 BC 产品体系和机制建设

职位要求
具有5年以上电商平台合规、治理等相关工作经验，硕士以上优先；

有本地生活行业规则&行业风控经验，熟悉常见的风控模型和算法，有实际项目经验者优先;

熟练使用SQL等数据分析工具，具备丰富的产品运营或策略运营的经验

有要性和自驱力、抗压能力强、有业务经验更佳",高德地图是中国领先的数字地图内容、导航和位置服务解决方案提供商，致力于打造以用户为核心的“出门好生活开放服务平台”。
unknown:1916635147,1916635147,unknown,风控运营经理,北纬科技,"互联网,游戏",已上市,100-499人,北京-西罗园,20-30k,5-10年,本科,年底双薪 | 发展空间大 | 绩效奖金 | 带薪年假,90天前更新,招1人,年底双薪 | 发展空间大 | 绩效奖金 | 带薪年假 | 定期体检 | 年度旅游 | 节日礼物 | 领导好 | 管理规范 | 地铁站口,标题领域词=风控; 标题岗位词=运营; 公司标签=互联网,https://www.liepin.com/zpfengkongyunying/,https://www.liepin.com/zpfengkongyunying/pn2/,https://www.liepin.com/job/1916635147.shtml,2026-04-14T14:01:30+08:00,2026-08-17T10:34:33+08:00,"岗位职责
1、负责对公司产品进行及时有效的运营管理资源补充；制定相应业务线的产品运营机制和策略方案，参与战略决策,对产品的各项运营指标负责；
2、跟踪分析用户使用消耗行为规律，测算资源规模，建立日常流动性监测系统，并适时调整模型，确保预估数据有效；
3、监控产品运行效果，收集用户反馈，分析用户行为统计数据，对产品进行优化，并及时跟进产品的新功能分析；
4、协同研发团队监督确保产品开发的合理架构、优化方案、资源落实和项目进度；建立日、周、月等流动性管理报表体系。
任职要求：
1、本科及以上学历，数学相关专业毕业优先考虑；
2、5年以上数据建模相关工作经验，互联网、金融、互联网金融工作经验优先考虑，
3、熟练使用数据统计分析等工具，对数学理论及模型建立熟练运用
4、做事以结果为导向，自驱能力强，具有创新精神，逻辑思维严谨，注重团队协作；","北京北纬通信科技股份有限公司（以下简称“北纬科技”或“公司”）成立于1997年， 是一家致力于提供移动互联网先进产品与服务的移动互联网服务集成商。 公司于2007年在深圳证券交易所成功挂牌上市，系中国较早登陆A股市场的移动增值服务提供商。

北纬科技系北京市认定的高新技术企业，拥有较为完善的研发体系和安全体系架构， 自主研发了私有paas平台、海量数据处理平台。公司作为较早进入移动互联网服务领域的企业之一， 集结了具有竞争力的研发、市场、内容制作、业务运营等技术能力和专业团队， 专注于移动互联网服务与系统产品的研发和运营，在移动互联网领域系统集成及解决方案方面具备优势。 北纬科技于2013年12月获得工信部批准的首批移动通信转售服务试点企业资质，并于2019年4月获发虚拟运营商正式商用牌照。 近年来，北纬科技成功由移动增值服务企业向移动互联网企业转型，布局移动互联网多个垂直领域， 陆续开展手机游戏、虚拟运营商、移动互联网行业应用等业务，受益于物联网连接数的爆发及5G产业的快速发展， 公司紧抓市场机遇，加大物联网产业布局，积极拥抱即将到来的万物互联时代。

北纬科技围绕主营业务，先后涉足移动互联网创业投资和移动互联网行业地产， 成功投资杭州掌盟和北京青游等知名创业企业，并在南京建设了北纬移动互联网产业园。 5G时代，北纬科技将继续聚焦价值创造，坚持可持续发展，围绕物联网、手机游戏和移动转售三大核心业务， 以构建差异化核心竞争力为经营策略，聚焦新技术、新业务与新模式，凭借专业的技术开发和运营团队、优秀的资源整合能力、 亲和的行业伙伴合作关系及上市公司资本运作平台，致力成为优秀的互联网企业"
unknown:1984328163,1984328163,unknown,产品运营经理（FaceID/风险运营方向）,原力金智(北京)科技有限公司,"人工智能,互联网",,,北京-西三旗,20-30k,3年以上,本科,五险一金 | 年终奖金 | 团队聚餐 | 带薪年假,7月22日更新,招1人,五险一金 | 年终奖金 | 团队聚餐 | 带薪年假 | 定期体检 | 免费班车 | 扁平管理 | 弹性工作 | 岗位晋升 | 技能培训,标题领域词=风险; 标题岗位词=运营; 公司标签=互联网,https://www.liepin.com/zpfengxianyunying/,https://www.liepin.com/zpfengxianyunying/,https://www.liepin.com/job/1984328163.shtml,2026-08-03T12:49:08+08:00,2026-08-17T10:34:33+08:00,"岗位职责
负责 FaceID 产品运营，覆盖 SDK、H5、公有云及私有化等产品形态。
负责防攻击运营，包括风险分析、客户排查、策略配置、效果监控及异常处置。
搭建核心运营指标和监控机制，通过数据分析发现问题并推动优化。
协调产品、算法、研发、售后等团队，推进客户问题和风险事件闭环。
沉淀运营流程与典型案例，推动高频运营工作平台化、标准化。
任职要求
本科及以上学历，3年以上产品运营、风险运营或数据运营相关经验。
具备较强的数据分析能力，能够通过数据定位问题并制定运营策略。
具备良好的风险意识、客户意识和突发事件处理能力。
具备较强的跨团队沟通和项目推动能力，能够独立完成问题闭环。
有身份认证、反欺诈、风控、安全产品或B端产品经验者优先。",
unknown:1976304753,1976304753,unknown,资深风控运营,哈啰,互联网,A轮融资,5000-10000人,上海-莘庄,15-30k·15薪,5年以上,本科,发展空间大 | 弹性工作 | 带薪年假 | 团队聚餐,90天前更新,招1人,发展空间大 | 弹性工作 | 带薪年假 | 团队聚餐 | 节日礼物 | 定期体检 | 餐费补贴,标题领域词=风控; 标题岗位词=运营; 公司标签=互联网,https://www.liepin.com/zpfengkongyunying/,https://www.liepin.com/zpfengkongyunying/pn1/,https://www.liepin.com/job/1976304753.shtml,2026-04-14T14:01:30+08:00,2026-08-17T10:34:33+08:00,"职责描述：
1、主动挖掘线索，根据线索进行案件监察，包括但不限于实地取证、人员面谈等
2、针对不同的业务流模块制定相应的专项审计计划
3、针对识别出的相关运营/管理/流程/产品等问题进行整改跟进和闭环检核
任职要求：
岗位要求：
1、本科学历以上，具备5年工作经验，至少2年风控相关工作（包括但不限于内控/审计/信息安全/监察）
2、具备较好的数据分析能力，能够从数据异常刻画出行为动机
3、能适应较为频繁的全国出差
4、具有供应链/工厂端工作经验者加分","哈啰是国内知名的本地出行服务平台。2016 年 9 月成立于上海，从共享单车起步，依托人工智能与大数据技术，持续为用户提供更普惠、更便捷的出行服务。
目前，哈啰已构建起覆盖两轮与四轮的全场景生态，业务涵盖共享单车、助力车、顺风车、打车、租车、能源服务及街猫等多个领域；旗下造父科技全力进军Robotaxi，探索自动驾驶新形态。
8亿用户的共同选择，哈啰已成为深受国人信赖的国民级应用，稳居互联网出行行业头部梯队。"
unknown:1981648175,1981648175,unknown,内容安全产品运营,哔哩哔哩,互联网,已上市,5000-10000人,上海-五角场,15-30k·15薪,3-5年,本科,五险一金 | 年终奖金 | 带薪年假 | 节日礼物,90天前更新,招1人,五险一金 | 年终奖金 | 带薪年假 | 节日礼物 | 团队聚餐 | 定期体检 | 餐费补贴 | 发展空间大,标题领域词=内容安全; 标题岗位词=运营; 公司标签=互联网,https://www.liepin.com/zpneironganquan/,https://www.liepin.com/zpneironganquan/pn2/,https://www.liepin.com/job/1981648175.shtml,2026-04-14T14:01:30+08:00,2026-08-17T10:34:33+08:00,"工作职责
1、持续分析挖掘内容安全风险，识别新型、隐蔽的违规内容，设计并优化识别与处置策略。
2、熟悉审核链路和流程。运用定量分析和定性调研，优化审核策略和审核流程，确保业务安全，提升审核效率，兼顾用户体验。
3、负责内容安全相关产品功能的需求分析，并撰写详细的产品需求文档。全程跟进安全功能的开发、测试与上线，并负责上线后的日常监控与效果排查，定位问题并推动优化。
4、优化模型能力，制定评估体系，监测模型识别的准确率、召回率等核心指标，分析badcase，推动模型持续优化。

职位要求
1、本科及以上学历。
2、高成就动机、高度责任感、自驱力强，能承受较高强度工作压力，3年以上内容安全或产品策略经验，有内容平台类机审策略经验优先。
3、具备优秀的产品需求文档撰写能力，逻辑严谨，能将复杂策略转化为技术可理解的需求。
4、熟悉行业相关国家法律法规和政策。对互联网媒体及平台及安全行业有充分认知，有较高的政治素养。
5、学习力、理解力好，逻辑清晰，对数据敏感，数据分析能力好。
6、理解用户需求，业务敏感度高，结果导向，具备数据、产研团队对接沟通、资源整合和抗压能力。
7、熟练使用AI agent能力者优先。","哔哩哔哩是中国年轻世代高度聚集的综合性视频社区，被用户亲切地称为“B站”。截至2021年第一季度，B站月均活跃用户达2.23亿，其中35岁及以下用户占比超86%。
围绕用户、创作者和内容，B站构建了一个源源不断产生优质内容的生态系统。中国优秀的专业创作者都聚集在B站创作内容，涵盖生活、游戏、时尚、知识、音乐等数千个品类和圈层，带领着流行文化的风潮，成为中文互联网极其独特的存在。目前，B站91%的视频播放量都来自于专业用户创作的视频（Professional User Generated Video，PUGV）。
在此基础之上，B站提供了移动游戏、直播、付费内容、广告、漫画、电商等商业化产品服务，并对电竞、虚拟偶像等前沿领域展开战略布局。
B站多个季度蝉联QuestMobile“Z世代偏爱APP”和“Z世代偏爱泛娱乐APP”两项榜单第一位。公司于2018年3月登陆美国纳斯达克，并于2021年3月在港交所二次上市。"
unknown:1974897273,1974897273,unknown,内容安全策略运营,哔哩哔哩,互联网,已上市,5000-10000人,上海-五角场,20-30k·15薪,3年以上,本科,五险一金 | 年终奖金 | 带薪年假 | 节日礼物,90天前更新,招1人,五险一金 | 年终奖金 | 带薪年假 | 节日礼物 | 团队聚餐 | 定期体检 | 餐费补贴 | 发展空间大,标题领域词=内容安全; 标题岗位词=运营; 公司标签=互联网,https://www.liepin.com/zpneironganquan/,https://www.liepin.com/zpneironganquan/pn2/,https://www.liepin.com/job/1974897273.shtml,2026-04-14T14:01:30+08:00,2026-08-17T10:34:33+08:00,"工作职责：
1.负责内容安全重大专项发起、推进及落地全流程，拉通相关业务团队落实策略的执行，并评估策略效果；
2.负责平台安全审核策略分析，风险漏洞挖掘，负责和相关业务团队沟通对接优化规则；
3.日常审核规则的制定、维护与更新，根据一线执行情况，不断完善规则；
4.解读国家相关管控政策和指令，提炼安全管控方向，输出内容安全管控策略；
5.及时响应工作指令要求，快速有效落地执行，确保执行结果；

任职要求：
1、本科或以上学历，具备良好的沟通能力，逻辑清晰，学习能力较强；
2、有较强的政治敏感度和鉴别能力，对重大舆情有敏锐的风险判断能力；
3、3年以上内容安全团队相关工作经验，有规则制定、培训等经验优先；
4、积极主动，具有较强的执行力，有项目拉通经验，善于发现问题并推动解决。
5、熟练使用AI agent能力者优先。","哔哩哔哩是中国年轻世代高度聚集的综合性视频社区，被用户亲切地称为“B站”。截至2021年第一季度，B站月均活跃用户达2.23亿，其中35岁及以下用户占比超86%。
围绕用户、创作者和内容，B站构建了一个源源不断产生优质内容的生态系统。中国优秀的专业创作者都聚集在B站创作内容，涵盖生活、游戏、时尚、知识、音乐等数千个品类和圈层，带领着流行文化的风潮，成为中文互联网极其独特的存在。目前，B站91%的视频播放量都来自于专业用户创作的视频（Professional User Generated Video，PUGV）。
在此基础之上，B站提供了移动游戏、直播、付费内容、广告、漫画、电商等商业化产品服务，并对电竞、虚拟偶像等前沿领域展开战略布局。
B站多个季度蝉联QuestMobile“Z世代偏爱APP”和“Z世代偏爱泛娱乐APP”两项榜单第一位。公司于2018年3月登陆美国纳斯达克，并于2021年3月在港交所二次上市。"
unknown:1978456381,1978456381,unknown,内容安全策略运营,哔哩哔哩,互联网,已上市,5000-10000人,上海-五角场,15-25k·15薪,3-5年,本科,,90天前更新,招1人,,标题领域词=内容安全; 标题岗位词=运营; 公司标签=互联网,https://www.liepin.com/zpneironganquan/,https://www.liepin.com/zpneironganquan/pn3/,https://www.liepin.com/job/1978456381.shtml,2026-04-14T14:01:30+08:00,2026-08-17T10:34:33+08:00,"工作职责：
1.负责内容安全重大专项发起、推进及落地全流程，拉通相关业务团队落实策略的执行，并评估策略效果；
2.负责平台安全审核策略分析，风险漏洞挖掘，负责和相关业务团队沟通对接优化规则；
3.日常审核规则的制定、维护与更新，根据一线执行情况，不断完善规则；
4.解读国家相关管控政策和指令，提炼安全管控方向，输出内容安全管控策略；
5.及时响应工作指令要求，快速有效落地执行，确保执行结果；

任职要求：
1、本科或以上学历，具备良好的沟通能力，逻辑清晰，学习能力较强；
2、有较强的政治敏感度和鉴别能力，对重大舆情有敏锐的风险判断能力；
3、3年以上内容安全团队相关工作经验，有规则制定、培训等经验优先；
4、积极主动，具有较强的执行力，有项目拉通经验，善于发现问题并推动解决。","哔哩哔哩是中国年轻世代高度聚集的综合性视频社区，被用户亲切地称为“B站”。截至2021年第一季度，B站月均活跃用户达2.23亿，其中35岁及以下用户占比超86%。
围绕用户、创作者和内容，B站构建了一个源源不断产生优质内容的生态系统。中国优秀的专业创作者都聚集在B站创作内容，涵盖生活、游戏、时尚、知识、音乐等数千个品类和圈层，带领着流行文化的风潮，成为中文互联网极其独特的存在。目前，B站91%的视频播放量都来自于专业用户创作的视频（Professional User Generated Video，PUGV）。
在此基础之上，B站提供了移动游戏、直播、付费内容、广告、漫画、电商等商业化产品服务，并对电竞、虚拟偶像等前沿领域展开战略布局。
B站多个季度蝉联QuestMobile“Z世代偏爱APP”和“Z世代偏爱泛娱乐APP”两项榜单第一位。公司于2018年3月登陆美国纳斯达克，并于2021年3月在港交所二次上市。"
unknown:1976121817,1976121817,unknown,内容安全策略运营,哔哩哔哩,互联网,已上市,5000-10000人,上海-五角场,20-30k·15薪,1-3年,本科,,90天前更新,招1人,,标题领域词=内容安全; 标题岗位词=运营; 公司标签=互联网,https://www.liepin.com/zpneironganquan/,https://www.liepin.com/zpneironganquan/pn3/,https://www.liepin.com/job/1976121817.shtml,2026-04-14T14:01:30+08:00,2026-08-17T10:34:33+08:00,"工作职责：
1.负责内容安全重大专项发起、推进及落地全流程，拉通相关业务团队落实策略的执行，并评估策略效果；
2.负责平台安全审核策略分析，风险漏洞挖掘，负责和相关业务团队沟通对接优化规则；
3.日常审核规则的制定、维护与更新，根据一线执行情况，不断完善规则；
4.解读国家相关管控政策和指令，提炼安全管控方向，输出内容安全管控策略；
5.及时响应工作指令要求，快速有效落地执行，确保执行结果；

任职要求：
1、本科或以上学历，具备良好的沟通能力，逻辑清晰，学习能力较强；
2、有较强的政治敏感度和鉴别能力，对重大舆情有敏锐的风险判断能力；
3、3年以上内容安全团队相关工作经验，有规则制定、培训等经验优先；
4、积极主动，具有较强的执行力，有项目拉通经验，善于发现问题并推动解决。","哔哩哔哩是中国年轻世代高度聚集的综合性视频社区，被用户亲切地称为“B站”。截至2021年第一季度，B站月均活跃用户达2.23亿，其中35岁及以下用户占比超86%。
围绕用户、创作者和内容，B站构建了一个源源不断产生优质内容的生态系统。中国优秀的专业创作者都聚集在B站创作内容，涵盖生活、游戏、时尚、知识、音乐等数千个品类和圈层，带领着流行文化的风潮，成为中文互联网极其独特的存在。目前，B站91%的视频播放量都来自于专业用户创作的视频（Professional User Generated Video，PUGV）。
在此基础之上，B站提供了移动游戏、直播、付费内容、广告、漫画、电商等商业化产品服务，并对电竞、虚拟偶像等前沿领域展开战略布局。
B站多个季度蝉联QuestMobile“Z世代偏爱APP”和“Z世代偏爱泛娱乐APP”两项榜单第一位。公司于2018年3月登陆美国纳斯达克，并于2021年3月在港交所二次上市。"
unknown:1982728809,1982728809,unknown,直播产品运营（内容安全方向）,哔哩哔哩,互联网,已上市,5000-10000人,上海-五角场,15-30k,3年以上,本科,年终奖金 | 团队聚餐 | 休闲餐点 | 节日礼物,6月3日更新,招1人,年终奖金 | 团队聚餐 | 休闲餐点 | 节日礼物 | 优秀员工奖 | 餐费补贴 | 交通补助 | 发展空间大 | 公司规模大 | 六险一金,标题领域词=内容安全; 标题岗位词=运营; 公司标签=互联网,https://www.liepin.com/zpneironganquan/,https://www.liepin.com/zpneironganquan/pn2/,https://www.liepin.com/job/1982728809.shtml,2026-05-21T13:36:40+08:00,2026-08-17T10:34:33+08:00,"工作职责
1、持续分析挖掘内容安全风险，识别新型、隐蔽的违规内容，设计并优化识别与处置策略；
2、熟悉审核链路和流程。运用定量分析和定性调研，优化审核策略和审核流程，确保业务安全，提升审核效率，兼顾用户体验；
3、负责内容安全相关产品功能的需求分析，并撰写详细的产品需求文档。全程跟进安全功能的开发、测试与上线，并负责上线后的日常监控与效果排查，定位问题并推动优化；
4、优化模型能力，制定评估体系，监测模型识别的准确率、召回率等核心指标，分析badcase，推动模型持续优化。
职位要求
1、本科及以上学历；
2、高成就动机、高度责任感、自驱力强，能承受较高强度工作压力，3年以上内容安全或产品策略经验，有内容平台类机审策略经验优先；
3、具备优秀的产品需求文档撰写能力，逻辑严谨，能将复杂策略转化为技术可理解的需求；
4、熟悉行业相关国家法律法规和政策。对互联网媒体及平台及安全行业有充分认知，有较高的政治素养；
5、学习力、理解力好，逻辑清晰，对数据敏感，数据分析能力好；
6、理解用户需求，业务敏感度高，结果导向，具备数据、产研团队对接沟通、资源整合和抗压能力。","哔哩哔哩是中国年轻世代高度聚集的综合性视频社区，被用户亲切地称为“B站”。截至2021年第一季度，B站月均活跃用户达2.23亿，其中35岁及以下用户占比超86%。
围绕用户、创作者和内容，B站构建了一个源源不断产生优质内容的生态系统。中国优秀的专业创作者都聚集在B站创作内容，涵盖生活、游戏、时尚、知识、音乐等数千个品类和圈层，带领着流行文化的风潮，成为中文互联网极其独特的存在。目前，B站91%的视频播放量都来自于专业用户创作的视频（Professional User Generated Video，PUGV）。
在此基础之上，B站提供了移动游戏、直播、付费内容、广告、漫画、电商等商业化产品服务，并对电竞、虚拟偶像等前沿领域展开战略布局。
B站多个季度蝉联QuestMobile“Z世代偏爱APP”和“Z世代偏爱泛娱乐APP”两项榜单第一位。公司于2018年3月登陆美国纳斯达克，并于2021年3月在港交所二次上市。"
unknown:1978382965,1978382965,unknown,风控运营,四季为农,"科技金融,农/林/牧/渔,互联网",A轮融资,100-499人,历下区,10-12k,5-10年,本科,五险一金 | 年终奖金 | 全勤奖 | 优秀员工奖,90天前更新,招1人,五险一金 | 年终奖金 | 全勤奖 | 优秀员工奖 | 定期体检 | 餐费补贴 | 交通补助 | 发展空间大 | 岗位晋升 | 年度旅游,标题领域词=风控; 标题岗位词=运营; 公司标签=互联网,https://www.liepin.com/zpfengkongyunying/,https://www.liepin.com/zpfengkongyunying/pn1/,https://www.liepin.com/job/1978382965.shtml,2026-04-14T14:01:30+08:00,2026-08-17T10:34:33+08:00,"核心说明：该岗位向部门负责人汇报，主要工作为基于业务和产品需求，协助标准建设、流程优化、制度输出，跟踪过程执行等。
薪资结构：10000元/月+奖金，入职六险一金、双休、法定。

【岗位职责】
1.保障落地： 协助产品经理对农机金融及保险政策的整理、发布、迭代，及时跟进及解决政策落地过程中的问题，保障政策的执行实施。
2.标准建设： 协助建立业务全流程的操作规范及标准，不断优化、迭代，并扫清合规漏洞。
3.协同对接：与公司各部门紧密协作，收集、归纳、汇总业务信息反馈，并及时汇报解决。
4.业务支持： 在业务高峰期，根据安排参与审核工作，确保审批时效，并借此深入理解业务，反哺政策优化

【任职要求】
1.本科及以上，年龄27-35岁，在金融风控领域有≥5年实操经验，金融信贷机构（如银行、消费金融公司、小贷公司）或大型互联网金融机构有政策制定或参与、运营管理或标准化相关岗位经验优先考虑。
2.沟通与协调能力：具备良好的沟通/协调能力，能够清晰、准确的传达需求及要求，高效与各部门各岗位沟通。
3.文案输出能力：政策撰写、制度输出等。
4.执行力与抗压能力：能够在业务旺季投身一线审核工作，保证审核效率与质量。","1、四季为农是专注于农机垂直领域的互联网服务平台，为农机行业的生产企业、经销商、终端用户提供金融、软件等综合服务。公司2018年获得种子轮投资，2019年初获得天使轮投资，2020年初获得PRE-A轮融资，发展前景良好，处于快速成长阶段。

2、公司运营中心在济南高新区，在北京设有办公室，团队核心成员从大多来自于华为、浪潮、宜信、中国人寿等知名企业，团队平均年龄93年，职场氛围融洽，致力于打造向上、拼搏的工作氛围。

3、缴纳六险一金，国家法定节假日，每年端午、中秋、春节福利，每年定期体检，旅游、生日派对等团建活动！"
unknown:1982716185,1982716185,unknown,内容安全产品运营,字节跳动,互联网,融资未公开,10000人以上,高新区,18-35k·15薪,3年以上,本科,,5月20日更新,招1人,,标题领域词=内容安全; 标题岗位词=运营; 公司标签=互联网,https://www.liepin.com/zpneironganquan/,https://www.liepin.com/zpneironganquan/pn2/,https://www.liepin.com/job/1982716185.shtml,2026-05-21T13:36:40+08:00,2026-08-17T10:34:33+08:00,"该岗位可Base西安/郑州/成都
职位描述
1、负责产品运营工作，理解产品和业务场景，面向电商内容安全业务提供相关产品能力支持，助力业务目标达成与发展；
2、与内部各业务建立良好的协作关系，及时跟进和收集相关业务需求，搭建相关需求运营机制；
3、基于数据驱动制定产品运营指标，结合AI及行业前沿推动产品改进及运营策略优化，提升运营效率和平台产品的使用体验；
4、负责跟进不同业务的产品需求，搭建一站式解决方案，打造标杆案例及产品推广和培训体系。
职位要求
1、本科及以上学历，产品运营经验或相关解决方案运营经验优先，AI产品运营经验优先；
2、有良好的组织沟通和推进能力，能够在复杂环境下沟通协作；
3、工作态度严谨，逻辑思维清晰，有追求细节的意识；
4、较强的逻辑分析能力和项目管理能力。","字节跳动成立于2012年3月，公司使命为“Inspire Creativity, Enrich Life（激发创造，丰富生活）”。公司业务覆盖150个国家和地区，拥有15万名员工。
字节跳动在全球推出了多款有影响力的产品，包括今日头条、抖音、西瓜视频、飞书、Lark、PICO、剪映、TikTok等。截至2021年6月，字节跳动旗下产品全球月活跃用户数超过19亿。"
unknown:1979636827,1979636827,unknown,内容安全产品运营-商业生态与安全,字节跳动,互联网,融资未公开,10000人以上,武侯区,20-40k·15薪,3-5年,本科,,,,,标题领域词=内容安全; 标题岗位词=运营; 公司标签=互联网,https://www.liepin.com/zpneironganquan/,https://www.liepin.com/zpneironganquan/,https://www.liepin.com/job/1979636827.shtml,2026-04-14T14:01:30+08:00,2026-08-17T10:34:33+08:00,,
unknown:1984641965,1984641965,unknown,内容安全策略运营（国内） - 剪映CapCut,字节跳动,互联网,融资未公开,10000人以上,北京-大钟寺,25-40k·15薪,3-5年,本科,,8月4日更新,招1人,,标题领域词=内容安全; 标题岗位词=运营; 公司标签=互联网,https://www.liepin.com/zpneironganquan/,https://www.liepin.com/zpneironganquan/,https://www.liepin.com/job/1984641965.shtml,2026-08-12T11:29:52+08:00,2026-08-17T10:34:33+08:00,"职位描述: 
团队介绍：剪映CapCut团队成立七年，先后孵化了剪映、CapCut、醒图、Hypic、即梦、Dreamina、Pippit等产品，覆盖视频、图片、Al生成、视频营销等多领域，打造与AI结合的全球化产品矩阵。
我们的愿景是：激发想象力，成为全球领先的互动内容平台，创造独特的体验和价值。
我们期待你的加入，一同极致打磨用户体验,构建创意生态和商业化能力，定义AI与创作结合的无限可能，让内容互动更简单、更精彩!

1、独立负责国内内容安全策略的制定与优化，结合业务场景、合规要求、用户反馈，持续提升策略精准度和覆盖度；关注国内外合规政策动态和行业最佳实践，确保策略合规性和前瞻性；
2、主导内容安全日常运营体系建设，包括违规案例分析、策略效果监控，建立风险预警机制，及时发现并响应；
3、通过数据分析挖掘策略漏洞和业务痛点，输出专项分析报告，驱动策略、产品能力优化升级，对策略效果负责；
4、跟进AIGC、多模态等新技术带来的内容安全新挑战，探索AI时代内容安全策略的创新解法，沉淀方法论；
5、协同算法、审核、法务等跨职能团队，推动内容安全项目落地，保障产品内容生态健康发展。

职位要求: 
1、本科及以上学历，有3年以上互联网内容安全/策略运营/社区治理相关工作经验；
2、逻辑思维清晰，善于从复杂问题中提炼规律，有复杂策略体系搭建经验优先；对AIGC、多模态等AI技术有基本认知，熟悉剪映/即梦/小云雀等创作工具者优先；
3、数据驱动能力强，具备优秀的数据分析能力，熟练使用Excel/SQL/Python等工具优先；
4、内容敏感度强，熟悉国内互联网内容生态和合规政策，对内容安全行业有深入理解和独立判断；
5、责任心强，细致耐心，能够沉下心做精细化的策略运营工作，有较强的风险意识；
6、优秀的沟通协作能力，善于跨团队推动问题解决，能独立牵头项目落地。","字节跳动成立于2012年3月，公司使命为“Inspire Creativity, Enrich Life（激发创造，丰富生活）”。公司业务覆盖150个国家和地区，拥有15万名员工。
字节跳动在全球推出了多款有影响力的产品，包括今日头条、抖音、西瓜视频、飞书、Lark、PICO、剪映、TikTok等。截至2021年6月，字节跳动旗下产品全球月活跃用户数超过19亿。"
unknown:1984670679,1984670679,unknown,内容风控策略运营-商业信任与安全（杭州/北京）,字节跳动,互联网,融资未公开,10000人以上,余杭区,20-40k·15薪,3-5年,本科,,8月5日更新,招1人,,标题领域词=风控; 标题岗位词=运营; 公司标签=互联网,https://www.liepin.com/zpneironganquan/ | https://www.liepin.com/zpfengkongyunying/,https://www.liepin.com/zpneironganquan/pn4/ | https://www.liepin.com/zpfengkongyunying/pn2/,https://www.liepin.com/job/1984670679.shtml,2026-08-12T11:29:52+08:00,2026-08-17T10:34:33+08:00,"职位描述
1. 基于历史数据与专家经验，结合平台舆情、法律法规及行业动向，设计并落地针对广告场景中短视频/直播/图文等内容安全策略；
2. 平衡商业收益与风险控制，对业务中的关键风险指标进行持续监控、归因分析与趋势研判，针对突发风险及潜在挑战快速建立完整的安全解决方案，保障业务健康发展；
3. 与产品、算法、技术团队深度合作，沉淀风险识别与对抗的核心能力，推动智能化审核链路、风险感知与自动处置等治理产品和机制的设计与迭代。
职位要求
1. 数学、统计、计算机、管理科学等相关专业本科及以上学历；
2. 有3年以上互联网或相关行业的风控策略/内容安全相关工作经验，熟悉电商广告业务场景者优先；
3. 具有较强的数据分析和逻辑判断能力，有良好的统计/机器学习理论基础和实际工作经验优先；
4. 优秀的跨团队沟通协调与项目管理能力，能够高效推动多方协作项目落地；具备良好的抗压能力与风险敏感度，能在快速变化的环境中持续交付结果。","字节跳动成立于2012年3月，公司使命为“Inspire Creativity, Enrich Life（激发创造，丰富生活）”。公司业务覆盖150个国家和地区，拥有15万名员工。
字节跳动在全球推出了多款有影响力的产品，包括今日头条、抖音、西瓜视频、飞书、Lark、PICO、剪映、TikTok等。截至2021年6月，字节跳动旗下产品全球月活跃用户数超过19亿。"
unknown:1982637373,1982637373,unknown,商家风控运营专家-抖音生活服务,字节跳动,互联网,融资未公开,10000人以上,朝阳区,35-55k·15薪,3-5年,本科,,7月13日更新,招1人,,标题领域词=风控; 标题岗位词=运营; 公司标签=互联网,https://www.liepin.com/zpfengkongyunying/,https://www.liepin.com/zpfengkongyunying/,https://www.liepin.com/job/1982637373.shtml,2026-05-23T12:52:11+08:00,2026-08-17T10:34:33+08:00,"职位描述: 
1、负责生活服务的风控运营工作，完成相关风险场景的定义、识别策略部署、处置动作的落地等；
2、有效协同横向团队，整合产品、研发、算法资源达成业务结果；
3、通过数据分析、运营手段管控治理商家、平台经营过程中遇到的资产损失、被恶意攻击等问题；通过产品、技术能力迭代提升攻防效率；
4、通过深入调查黑灰产市场，建立有效监控渠道和手段，持续进行风险类情报的监控采集，为业务提供情报服务；
5、通过指标监控和数据分析，及时掌握风险及业务的变化，根据实际情况持续优化调整政策、规则或模型。

职位要求: 
1、本科及以上学历，3年及以上互联网产品运营经验，具备风控、法律、规则等相关工作背景者优先；
2、具备优秀的结构化思维能力，能洞察用户痛点并把握问题本质，设计可切实落地的方案，有业务和数据分析的经验和知识，善于应用数据分析发现和挖掘问题；
3、善于交流，有良好的资源协调和沟通能力，有跨部门多方密切配合的经验和意识，需要有效协调多方资源，推落地，拿结果的实战经验；
4、具备较强的适应能力，能够自我驱动不断提升。","字节跳动成立于2012年3月，公司使命为“Inspire Creativity, Enrich Life（激发创造，丰富生活）”。公司业务覆盖150个国家和地区，拥有15万名员工。
字节跳动在全球推出了多款有影响力的产品，包括今日头条、抖音、西瓜视频、飞书、Lark、PICO、剪映、TikTok等。截至2021年6月，字节跳动旗下产品全球月活跃用户数超过19亿。"
unknown:1982730463,1982730463,unknown,国际化广告风控治理运营（亚太市场）-Global Business Solutions,字节跳动,互联网,融资未公开,10000人以上,上海-漕河泾,20-35k·15薪,3-5年,本科,,8月5日更新,招1人,,标题领域词=风控; 标题岗位词=运营; 公司标签=互联网,https://www.liepin.com/zpfengkongyunying/,https://www.liepin.com/zpfengkongyunying/pn2/,https://www.liepin.com/job/1982730463.shtml,2026-05-23T12:52:11+08:00,2026-08-17T10:34:33+08:00,"职位描述: 
1、负责国际化广告业务的质检合规核查工作，基于标准通过日常抽检及专项治理等形式，识别来自“客户入驻、广告投放、履约结算、人员执行、流程规则、产品能力”等各环节问题，并推动改善和解决，支持业务和团队健康发展；
2、确保合规标准执行的一致性以及治理结果的准确性，为后期治理数据分析提供数据支持，并通过数据分析支持持续的风险监控实施；
3、与本地业务团队利益相关者及关键跨职能团队合作伙伴深入协作，提供专业的流程改进建议和合规方案支持，共同推动治理目标的完成；配合和响应公司层面的调查治理需求，以持续提升业务团队的风险合规意识；
4、跟踪行业动态与新兴风险模式，对监控中发现的异常和潜在风险及时反馈，并提出可落地的合理优化建议。

职位要求: 
1、本科及以上学历，具备1年以上广告行业经验，具备广告风控、合规、商业化治理、审核策略相关经验者优先；
2、熟悉广告行业，具备跨国或跨区域项目协作经验者优先，对国际化广告业务的运作模式与流程有基本认知；
3、具备较好的沟通表达和协作能力，能够与各地各团队伙伴进行灵活沟通；
4、具备一定的数据挖掘、分析和提炼总结能力，能够独立撰写分析报告及治理方案；
5、因工作沟通需要，具备良好的英文&中文口头与书面表达能力。","字节跳动成立于2012年3月，公司使命为“Inspire Creativity, Enrich Life（激发创造，丰富生活）”。公司业务覆盖150个国家和地区，拥有15万名员工。
字节跳动在全球推出了多款有影响力的产品，包括今日头条、抖音、西瓜视频、飞书、Lark、PICO、剪映、TikTok等。截至2021年6月，字节跳动旗下产品全球月活跃用户数超过19亿。"
unknown:1983361355,1983361355,unknown,大模型运营（电商内容安全产品方向）,字节跳动,互联网,融资未公开,10000人以上,西安-民乐园,18-35k·15薪,3年以上,本科,,6月11日更新,招1人,,标题领域词=内容安全; 标题岗位词=运营; 公司标签=互联网,https://www.liepin.com/zpneironganquan/,https://www.liepin.com/zpneironganquan/pn1/,https://www.liepin.com/job/1983361355.shtml,2026-06-11T14:05:52+08:00,2026-08-17T10:34:33+08:00,"该岗位可Base西安/郑州/成都
职位描述
1、负责产品运营工作，理解产品和业务场景，面向电商内容安全业务提供相关产品能力支持，助力业务目标达成与发展；
2、与内部各业务建立良好的协作关系，及时跟进和收集相关业务需求，搭建相关需求运营机制；
3、基于数据驱动制定产品运营指标，结合AI及行业前沿推动产品改进及运营策略优化，提升运营效率和平台产品的使用体验；
4、负责跟进不同业务的产品需求，搭建一站式解决方案，打造标杆案例及产品推广和培训体系。
职位要求
1、本科及以上学历，产品运营经验或相关解决方案运营经验优先，AI产品运营经验优先；
2、有良好的组织沟通和推进能力，能够在复杂环境下沟通协作；
3、工作态度严谨，逻辑思维清晰，有追求细节的意识；
4、较强的逻辑分析能力和项目管理能力。","字节跳动成立于2012年3月，公司使命为“Inspire Creativity, Enrich Life（激发创造，丰富生活）”。公司业务覆盖150个国家和地区，拥有15万名员工。
字节跳动在全球推出了多款有影响力的产品，包括今日头条、抖音、西瓜视频、飞书、Lark、PICO、剪映、TikTok等。截至2021年6月，字节跳动旗下产品全球月活跃用户数超过19亿。"
unknown:1983361353,1983361353,unknown,大模型运营（电商内容安全产品方向）,字节跳动,互联网,融资未公开,10000人以上,郑州-陇海西路,18-35k·15薪,3年以上,本科,,6月11日更新,招1人,,标题领域词=内容安全; 标题岗位词=运营; 公司标签=互联网,https://www.liepin.com/zpneironganquan/,https://www.liepin.com/zpneironganquan/pn1/,https://www.liepin.com/job/1983361353.shtml,2026-06-11T14:05:52+08:00,2026-08-17T10:34:33+08:00,"该岗位可Base西安/郑州/成都
职位描述
1、负责产品运营工作，理解产品和业务场景，面向电商内容安全业务提供相关产品能力支持，助力业务目标达成与发展；
2、与内部各业务建立良好的协作关系，及时跟进和收集相关业务需求，搭建相关需求运营机制；
3、基于数据驱动制定产品运营指标，结合AI及行业前沿推动产品改进及运营策略优化，提升运营效率和平台产品的使用体验；
4、负责跟进不同业务的产品需求，搭建一站式解决方案，打造标杆案例及产品推广和培训体系。
职位要求
1、本科及以上学历，产品运营经验或相关解决方案运营经验优先，AI产品运营经验优先；
2、有良好的组织沟通和推进能力，能够在复杂环境下沟通协作；
3、工作态度严谨，逻辑思维清晰，有追求细节的意识；
4、较强的逻辑分析能力和项目管理能力。","字节跳动成立于2012年3月，公司使命为“Inspire Creativity, Enrich Life（激发创造，丰富生活）”。公司业务覆盖150个国家和地区，拥有15万名员工。
字节跳动在全球推出了多款有影响力的产品，包括今日头条、抖音、西瓜视频、飞书、Lark、PICO、剪映、TikTok等。截至2021年6月，字节跳动旗下产品全球月活跃用户数超过19亿。"
unknown:1983129855,1983129855,unknown,大模型运营（电商内容安全产品方向）,字节跳动,互联网,融资未公开,10000人以上,高新区,18-35k·15薪,3年以上,本科,,6月4日更新,招1人,,标题领域词=内容安全; 标题岗位词=运营; 公司标签=互联网,https://www.liepin.com/zpneironganquan/,https://www.liepin.com/zpneironganquan/pn1/,https://www.liepin.com/job/1983129855.shtml,2026-06-11T14:05:52+08:00,2026-08-17T10:34:33+08:00,"该岗位可Base西安/郑州/成都
职位描述
1、负责产品运营工作，理解产品和业务场景，面向电商内容安全业务提供相关产品能力支持，助力业务目标达成与发展；
2、与内部各业务建立良好的协作关系，及时跟进和收集相关业务需求，搭建相关需求运营机制；
3、基于数据驱动制定产品运营指标，结合AI及行业前沿推动产品改进及运营策略优化，提升运营效率和平台产品的使用体验；
4、负责跟进不同业务的产品需求，搭建一站式解决方案，打造标杆案例及产品推广和培训体系。
职位要求
1、本科及以上学历，产品运营经验或相关解决方案运营经验优先，AI产品运营经验优先；
2、有良好的组织沟通和推进能力，能够在复杂环境下沟通协作；
3、工作态度严谨，逻辑思维清晰，有追求细节的意识；
4、较强的逻辑分析能力和项目管理能力。","字节跳动成立于2012年3月，公司使命为“Inspire Creativity, Enrich Life（激发创造，丰富生活）”。公司业务覆盖150个国家和地区，拥有15万名员工。
字节跳动在全球推出了多款有影响力的产品，包括今日头条、抖音、西瓜视频、飞书、Lark、PICO、剪映、TikTok等。截至2021年6月，字节跳动旗下产品全球月活跃用户数超过19亿。"
unknown:1984368073,1984368073,unknown,大模型风险治理运营-大模型安全群组,字节跳动,互联网,融资未公开,10000人以上,海淀区,15-30k·15薪,1-3年,本科,,,,,标题领域词=风险; 标题岗位词=运营; 公司标签=互联网,https://www.liepin.com/zpfengxianyunying/,https://www.liepin.com/zpfengxianyunying/pn2/,https://www.liepin.com/job/1984368073.shtml,2026-08-13T11:33:02+08:00,2026-08-17T10:34:33+08:00,,
unknown:1980698595,1980698595,unknown,安全风险运营（舆情方向）-CQC,字节跳动,互联网,融资未公开,10000人以上,北京-慈云寺,21-40k·15薪,经验不限,本科,,7月14日更新,招1人,,标题领域词=风险; 标题岗位词=运营; 公司标签=互联网,https://www.liepin.com/zpfengxianyunying/,https://www.liepin.com/zpfengxianyunying/pn1/,https://www.liepin.com/job/1980698595.shtml,2026-04-14T14:01:30+08:00,2026-08-17T10:34:33+08:00,"职位描述
1、负责跨端风险线索的运营分析，根据舆情、巡检等多渠道上报的风险信息，完成相关风险研判；
2、对舆情及跨渠道风险进行深度分析，能够作出影响力的判断和总结，并提出合理有效的分析报告和趋势预测；
3、统筹专项风险运营，与相关团队建立协作机制，共同推进处置策略落地。
职位要求
1、本科及以上学历，3年以上互联网内容质量把控或舆情监测分析或相关工作经验；
2、对内容治理、风险控制、应急响应等领域有相关经验，有舆情、热点、时政等风险内容分析经验者优先；
3、具备出色的跨团队沟通、协调和项目推进能力，能够高效协同多个团队，确保业务目标的达成；
4、有利用AI能力解决实际业务问题的成功经验者优先，沟通能力强，目标导向，积极主动，责任心强。","字节跳动成立于2012年3月，公司使命为“Inspire Creativity, Enrich Life（激发创造，丰富生活）”。公司业务覆盖150个国家和地区，拥有15万名员工。
字节跳动在全球推出了多款有影响力的产品，包括今日头条、抖音、西瓜视频、飞书、Lark、PICO、剪映、TikTok等。截至2021年6月，字节跳动旗下产品全球月活跃用户数超过19亿。"
unknown:1945249599,1945249599,unknown,智能内容安全平台产品运营 - Data,字节跳动,互联网,融资未公开,10000人以上,北京-双榆树,13-18k·14薪,1-3年,本科,六险一金 | 免费三餐 | 租房补贴 | 健身瑜伽,90天前更新,招1人,六险一金 | 免费三餐 | 租房补贴 | 健身瑜伽 | 大牛带队 | 晋升空间大 | 团队氛围好,标题领域词=内容安全; 标题岗位词=运营; 公司标签=互联网,https://www.liepin.com/zpneironganquan/,https://www.liepin.com/zpneironganquan/pn4/,https://www.liepin.com/job/1945249599.shtml,2026-04-14T14:01:30+08:00,2026-08-17T10:34:33+08:00,"职责描述：
1、负责平台系统功能搭建，根据业务需要设计平台功能，以优化平台使用效率；
2、监控业务数据，通过数据发现业务存在的问题，并与平台用户密切合作，理解用户痛点与需求，建立良好的需求调研、反馈机制，持续推动业务及平台优化和迭代；
3、对团队内部需求负责，同时对接产研团队，实现各平台的高效运转和数据的有机流通，保障需求实现的周期与质量；
4、负责项目管理，协调资源推动产品功能落地，跟进项目的进度，与内外部团队有效沟通，提高项目整体质量。


任职要求：
1、本科及以上学历，英语可作为工作语言（必须）；
2、沟通能力、表达能力好，能够适应不同类型的沟通对象；
3、逻辑清晰、归纳总结能力强，能够多元兼容各类差异化诉求；
4、有良好的责任心和较强的学习意识，具备较强的团队协作能力和业务学习能力；
5、主动性强，重视创新意识与自驱力，对平台、业务保持积极探索精神。","字节跳动成立于2012年3月，公司使命为“Inspire Creativity, Enrich Life（激发创造，丰富生活）”。公司业务覆盖150个国家和地区，拥有15万名员工。
字节跳动在全球推出了多款有影响力的产品，包括今日头条、抖音、西瓜视频、飞书、Lark、PICO、剪映、TikTok等。截至2021年6月，字节跳动旗下产品全球月活跃用户数超过19亿。"
unknown:1981490933,1981490933,unknown,电商风险运营（行业治理方向）-商业生态与安全,字节跳动,互联网,融资未公开,10000人以上,武侯区,18-30k·15薪,3-5年,本科,,,,,标题领域词=风险; 标题岗位词=运营; 公司标签=互联网,https://www.liepin.com/zpfengxianyunying/,https://www.liepin.com/zpfengxianyunying/pn1/,https://www.liepin.com/job/1981490933.shtml,2026-04-14T14:01:30+08:00,2026-08-17T10:34:33+08:00,,
unknown:1981490905,1981490905,unknown,电商风险运营（行业治理方向）-商业生态与安全,字节跳动,互联网,融资未公开,10000人以上,中原区,18-30k·15薪,3-5年,本科,,,,,标题领域词=风险; 标题岗位词=运营; 公司标签=互联网,https://www.liepin.com/zpfengxianyunying/,https://www.liepin.com/zpfengxianyunying/pn1/,https://www.liepin.com/job/1981490905.shtml,2026-04-14T14:01:30+08:00,2026-08-17T10:34:33+08:00,,
unknown:1981489391,1981489391,unknown,电商风险运营（行业治理方向）-商业生态与安全,字节跳动,互联网,融资未公开,10000人以上,新城区,18-30k·15薪,3-5年,本科,,,,,标题领域词=风险; 标题岗位词=运营; 公司标签=互联网,https://www.liepin.com/zpfengxianyunying/,https://www.liepin.com/zpfengxianyunying/pn1/,https://www.liepin.com/job/1981489391.shtml,2026-04-14T14:01:30+08:00,2026-08-17T10:34:33+08:00,,
unknown:1946300645,1946300645,unknown,直播安全策略运营-内容安全方向,字节跳动,互联网,融资未公开,10000人以上,北京-五道口,20-40k,5-10年,本科,团队氛围好 | 晋升空间大 | 带薪休假 | 扁平管理,90天前更新,招1人,团队氛围好 | 晋升空间大 | 带薪休假 | 扁平管理 | 用户过亿 | 大牛带队 | 免费三餐 | 弹性工作 | 租房补贴,标题领域词=内容安全; 标题岗位词=运营; 公司标签=互联网,https://www.liepin.com/zpneironganquan/,https://www.liepin.com/zpneironganquan/pn4/,https://www.liepin.com/job/1946300645.shtml,2026-04-14T14:01:30+08:00,2026-08-17T10:34:33+08:00,"工作职责：
1、基于公司直播业务海量的社区交互数据（弹幕、评论、头像、标题、昵称、动态、短视频、直播流、语音），针对分级主播、分级用户，建立内容安全防控策略体系；
2、对内容安全风险（涉政、涉黄、涉恐、涉赌等）有较好的防控治理经验，能把解决方案快速转化为线上实时的防控策略，在某几个风险域具备行业内专业级的防控和对抗理解；
3、通过用户反馈、主动分析、情报分析等方法优化现有策略，能够推动基础策略的迭代升级与智能化落地；
4、熟练掌握各类通用风控引擎（策略平台、指标中心、处置中心）的使用，具备策略包、策略树、策略分层等抽象能力搭建立体化的策略体系，同时具备产品sense，能够反补风控产品团队的功能迭代；
5、联合安全算法团队，共同为文本、图片、语音、流等风险识别模型的准召率负责。
任职要求：
1、 本科及以上学历，3年及以上工作经验，内容安全、反欺诈、反作弊等安全风控相关领域工作经验优先；
2、有人工智能相关领域（图像识别、人脸识别、语音识别、自然语言识别）从业经验者优先；
3、数据导向，能够从数据中找到产品问题与解决思路，能够从数据中发现客户问题与需求；
4、富有创业精神和团队精神，能够自我驱动，充满激情，并从工作中获得成就感。","字节跳动成立于2012年3月，公司使命为“Inspire Creativity, Enrich Life（激发创造，丰富生活）”。公司业务覆盖150个国家和地区，拥有15万名员工。
字节跳动在全球推出了多款有影响力的产品，包括今日头条、抖音、西瓜视频、飞书、Lark、PICO、剪映、TikTok等。截至2021年6月，字节跳动旗下产品全球月活跃用户数超过19亿。"
unknown:1984555559,1984555559,unknown,直播风险运营（应急处置）-CQC,字节跳动,互联网,融资未公开,10000人以上,北京-慈云寺,15-25k·15薪,3年以上,本科,,7月31日更新,招1人,,标题领域词=风险; 标题岗位词=运营; 公司标签=互联网,https://www.liepin.com/zpfengxianyunying/,https://www.liepin.com/zpfengxianyunying/,https://www.liepin.com/job/1984555559.shtml,2026-08-03T12:49:08+08:00,2026-08-17T10:34:33+08:00,"职位描述
1、治理需求承接：承接直播治理中台、治理BP的治理需求，前置对齐双方协作目标、结果评价指标；过程中，协调内外部资源完成风险解析、特征挖掘、 链路摸排、治理跟进等闭环动作；
2、风险主动发现：对负责风险域的内外部生态和具体风险形式有深刻的理解，利用渠道内索材优势，主动挖掘、预警视野外风险、未知风险，并做好后续的治理跟进闭环；
3、内容治理交付支持：发挥专业力和治理资源调动能力，服务审核交付团队，对疑难场景做好特征挖掘探寮推进策路治理，降低人审难度、助力指标向好。
职位要求
1、3年以上风控、安保相关工作经验，熟悉标准和策略，业务功底扎实；
2、既往主要工作内容为风险研判、分析、治理相关；
3、有管理经验或长期项目运维经验，逻租性强，语言及文字表达力强，对输出能力有较高的要求。","字节跳动成立于2012年3月，公司使命为“Inspire Creativity, Enrich Life（激发创造，丰富生活）”。公司业务覆盖150个国家和地区，拥有15万名员工。
字节跳动在全球推出了多款有影响力的产品，包括今日头条、抖音、西瓜视频、飞书、Lark、PICO、剪映、TikTok等。截至2021年6月，字节跳动旗下产品全球月活跃用户数超过19亿。"
unknown:1977420429,1977420429,unknown,金融风控运营-国际支付,字节跳动,互联网,融资未公开,10000人以上,朝阳区,30-50k·15薪,3-5年,本科,,90天前更新,招1人,,标题领域词=风控; 标题岗位词=运营; 公司标签=互联网,https://www.liepin.com/zpfengkongyunying/,https://www.liepin.com/zpfengkongyunying/pn1/,https://www.liepin.com/job/1977420429.shtml,2026-04-14T14:01:30+08:00,2026-08-17T10:34:33+08:00,"职位描述: 
1、风险监测与处理：开展日常风险监测工作，针对各类风险点，如客户交易以识别欺诈活动，例如账户接管、欺诈和相关风险等进行分析与妥善处理，并生成可疑活动报告和风险管理报告；
2、协同策略优化：与策略团队紧密协同，参与风险指标建设，对于发现的漏放场景以及新型案件，及时反馈给策略团队，以实现风险兜底，有效缓释业务风险；
3、产品风控提升：协同产品团队，从产品功能层面出发，不断完善产品设计，提升产品的风险控制能力，提升系统产品能力，优化产品能力，协助提升人效；
4、流程优化与合规配合：协助完成团队内部其他与风险控制和运营管理相关的工作，根据业务发展需求，持续优化风控运营流程，管理BPO团队保质提效。

职位要求: 
1、本科及以上学历，英语可以作为工作语言；
2、3年以上传统金融，互联网金融行业风险控制的经验优先；
3、有跨部门协调沟通的能力，能和团队成员，管理层传达有效见解和建议；
4、以结果为导向，能适应在快节奏的环境中工作，要求有主动性和自驱力；
5、有好奇心，具备识别风险管理新方法的能力，并能创造性地思考问题；
6、有一定数据能力，逻辑能力强，有案件分析和策略经验优先。","字节跳动成立于2012年3月，公司使命为“Inspire Creativity, Enrich Life（激发创造，丰富生活）”。公司业务覆盖150个国家和地区，拥有15万名员工。
字节跳动在全球推出了多款有影响力的产品，包括今日头条、抖音、西瓜视频、飞书、Lark、PICO、剪映、TikTok等。截至2021年6月，字节跳动旗下产品全球月活跃用户数超过19亿。"
unknown:1984309931,1984309931,unknown,风控情报运营专家-TikTok Shop,字节跳动,互联网,融资未公开,10000人以上,杨浦区,20-40k·15薪,3-5年,本科,,8月4日更新,招1人,,标题领域词=风控; 标题岗位词=运营; 公司标签=互联网,https://www.liepin.com/zpfengkongyunying/,https://www.liepin.com/zpfengkongyunying/pn2/,https://www.liepin.com/job/1984309931.shtml,2026-08-03T12:49:08+08:00,2026-08-17T10:34:33+08:00,"职位描述: 
1、深入调查与研究电商相关黑灰产市场，持续追踪其运作模式与演变趋势；开展作弊手法的情报收集与分析工作，建立黑产画像，支撑风控策略设计；
2、结合业务场景识别潜在风险点，挖掘新型作弊路径与特征；协同产品、产品研发、技术团队推动防控策略、风控规则和工具机制的持续优化；
3、构建系统性风险感知框架，形成主动监测与预警能力；定期输出黑产趋势分析报告，支持业务和策略方向调整。

职位要求: 
1、本科及以上学历；
2、对业务风险与数据高度敏感，能独立分析问题并总结异常行为特征；
3、对网络安全有一定了解，掌握基础的开源情报收集方法；
4、有较强的好奇心、自我驱动力和团队协作意识，乐于接受挑战并持续学习；
5、有反欺诈、反作弊、安全风控或网络安全等相关经验；
6、英语可以作为工作语言。","字节跳动成立于2012年3月，公司使命为“Inspire Creativity, Enrich Life（激发创造，丰富生活）”。公司业务覆盖150个国家和地区，拥有15万名员工。
字节跳动在全球推出了多款有影响力的产品，包括今日头条、抖音、西瓜视频、飞书、Lark、PICO、剪映、TikTok等。截至2021年6月，字节跳动旗下产品全球月活跃用户数超过19亿。"
unknown:1983261195,1983261195,unknown,风险商家达人治理策略运营专家-抖音电商,字节跳动,互联网,融资未公开,10000人以上,杨浦区,20-40k·15薪,5-10年,本科,,8月3日更新,招1人,,标题领域词=风险; 标题岗位词=运营; 公司标签=互联网,https://www.liepin.com/zpfengxianyunying/,https://www.liepin.com/zpfengxianyunying/pn2/,https://www.liepin.com/job/1983261195.shtml,2026-06-13T13:46:17+08:00,2026-08-17T10:34:33+08:00,"职位描述: 
1、基于用户体验升级与公司战略方向，负责大服饰赛道风险防控全流程体系建设，确保风险及时感知、阻断、高效攻防；为用户消费体验提供综合解决方案；
2、围绕治理目标，建立良好的沟通协同机制，联动产品、算法、售后等协同团队，主导治理策略落地与过程管理，及时识别风险主动干预，保障策略高效落地；
3、能够敏锐的发现业务问题与潜在机会点，并进行体系化梳理，以产品化智能化的方式推进落地，为业务提效；
4、常态化监控策略效果，反哺策略优化；基于风险动态变化，快速落地专项治理与应急处置，沉淀方法论，推进风险治理长效化、精细化运营。

职位要求: 
1、本科及以上学历，电商平台内容安全、治理策略、风控策略运营经验者优先；
2、逻辑清晰，善于梳理复杂问题并快速拆解，具备智能化驱动业务提效意识；
3、具备良好的项目管理能力，沟通协同能力强，目标感及自驱能力突出，能0-1推进项目落地，对结果负责。","字节跳动成立于2012年3月，公司使命为“Inspire Creativity, Enrich Life（激发创造，丰富生活）”。公司业务覆盖150个国家和地区，拥有15万名员工。
字节跳动在全球推出了多款有影响力的产品，包括今日头条、抖音、西瓜视频、飞书、Lark、PICO、剪映、TikTok等。截至2021年6月，字节跳动旗下产品全球月活跃用户数超过19亿。"
unknown:1982830411,1982830411,unknown,风险商家达人治理策略运营专家-抖音电商,字节跳动,互联网,融资未公开,10000人以上,海淀区,25-60k·15薪,3-5年,本科,,8月3日更新,招1人,,标题领域词=风险; 标题岗位词=运营; 公司标签=互联网,https://www.liepin.com/zpfengxianyunying/,https://www.liepin.com/zpfengxianyunying/pn2/,https://www.liepin.com/job/1982830411.shtml,2026-06-03T14:16:53+08:00,2026-08-17T10:34:33+08:00,"职位描述: 
1、基于用户体验升级与公司战略方向，负责大服饰赛道风险防控全流程体系建设，确保风险及时感知、阻断、高效攻防；为用户消费体验提供综合解决方案；
2、围绕治理目标，建立良好的沟通协同机制，联动产品、算法、售后等协同团队，主导治理策略落地与过程管理，及时识别风险主动干预，保障策略高效落地；
3、能够敏锐地发现业务问题与潜在机会点，并进行体系化梳理，以产品化、智能化的方式推进落地，为业务提效；
4、常态化监控策略效果，反哺策略优化；基于风险动态变化，快速落地专项治理与应急处置，沉淀方法论，推进风险治理长效化、精细化运营。

职位要求: 
1、本科及以上学历，内容安全、治理策略、风控策略运营经验者优先；
2、逻辑清晰，善于梳理复杂问题并快速拆解，具备智能化驱动业务提效意识；
3、具备良好的项目管理能力，沟通协同能力强，目标感突出，能0-1推进项目落地，对结果负责。","字节跳动成立于2012年3月，公司使命为“Inspire Creativity, Enrich Life（激发创造，丰富生活）”。公司业务覆盖150个国家和地区，拥有15万名员工。
字节跳动在全球推出了多款有影响力的产品，包括今日头条、抖音、西瓜视频、飞书、Lark、PICO、剪映、TikTok等。截至2021年6月，字节跳动旗下产品全球月活跃用户数超过19亿。"
unknown:1975056245,1975056245,unknown,风险感知策略运营专家-抖音电商,字节跳动,互联网,融资未公开,10000人以上,杨浦区,30-50k·15薪,5-10年,本科,,8月3日更新,招1人,,标题领域词=风险; 标题岗位词=运营; 公司标签=互联网,https://www.liepin.com/zpfengxianyunying/,https://www.liepin.com/zpfengxianyunying/pn2/,https://www.liepin.com/job/1975056245.shtml,2026-04-14T14:01:30+08:00,2026-08-17T10:34:33+08:00,"职位描述: 
1、深入理解电商业务风险，负责风险发现及标准制定；
2、建立风险发现机制，通过定性、定量等方法对电商风险进行研判，制定和维护各类风险标准；
3、对接行业、治理、体验等部门，建立风险处置机制与信任关系，持续解决风险问题并迭代效果。

职位要求: 
1、具备敏锐的逻辑推断和分析能力；
2、熟悉电商风险管控规则，具有内容治理、行业治理经验优先；
3、具有良好的逻辑性、沟通表达能力，责任心强，主动自驱，能够快速接受信息并主动探索和解决问题。","字节跳动成立于2012年3月，公司使命为“Inspire Creativity, Enrich Life（激发创造，丰富生活）”。公司业务覆盖150个国家和地区，拥有15万名员工。
字节跳动在全球推出了多款有影响力的产品，包括今日头条、抖音、西瓜视频、飞书、Lark、PICO、剪映、TikTok等。截至2021年6月，字节跳动旗下产品全球月活跃用户数超过19亿。"
unknown:1976120531,1976120531,unknown,风险运营,字节跳动,互联网,融资未公开,10000人以上,北京-慈云寺,20-40k·15薪,3-5年,本科,五险一金 | 年终奖金 | 绩效奖金 | 带薪年假,8月13日更新,招1人,五险一金 | 年终奖金 | 绩效奖金 | 带薪年假 | 节日礼物 | 餐费补贴 | 住房补贴 | 交通补助 | 发展空间大 | 公司规模大,标题领域词=风险; 标题岗位词=运营; 公司标签=互联网,https://www.liepin.com/zpfengxianyunying/,https://www.liepin.com/zpfengxianyunying/,https://www.liepin.com/job/1976120531.shtml,2026-04-14T14:01:30+08:00,2026-08-17T10:34:33+08:00,"职位描述
1、协同进行风险指标建设，持续监测风险水位的同时对于规则变化，针对漏放场景进行风险兜底和反哺，促进风险指标持续降低；
2、运用各种机器&算法策略，搭建巡检能力为存量风险的识别能力负责，平衡召回目标和审核ROI不断提升召回能力，对大盘风险水位下降和机审覆盖率的提升负责；
3、通过产品运营职能建设内容风控相关产品工具，提升效率，降低成本；
4、负责基地对接、细则下沉协作、工具共建、队列建设等工作，保证协作效率和交付质量。
职位要求
1、本科及以上学历；
2、具备内容治理相关策略、规则、产品、交付管理相关经验优先；
3、具备良好的沟通表达能力，对于陌生领域有快速的学习能力；
4、有韧性，能对短期波动保持耐心。","字节跳动成立于2012年3月，公司使命为“Inspire Creativity, Enrich Life（激发创造，丰富生活）”。公司业务覆盖150个国家和地区，拥有15万名员工。
字节跳动在全球推出了多款有影响力的产品，包括今日头条、抖音、西瓜视频、飞书、Lark、PICO、剪映、TikTok等。截至2021年6月，字节跳动旗下产品全球月活跃用户数超过19亿。"
unknown:1971396303,1971396303,unknown,风险运营,字节跳动,互联网,融资未公开,10000人以上,碑林区,15-30k·15薪,经验不限,本科,,90天前更新,招1人,,标题领域词=风险; 标题岗位词=运营; 公司标签=互联网,https://www.liepin.com/zpfengxianyunying/,https://www.liepin.com/zpfengxianyunying/pn1/,https://www.liepin.com/job/1971396303.shtml,2026-04-14T14:01:30+08:00,2026-08-17T10:34:33+08:00,"职位描述: 
1、风险定位：通过抽样数据复盘及各内外部反馈及信息，对广告风险进行探查并聚类链路归因定位；
2、风险挖掘治理运营：对广告各类的风险特征进行控掘分析，与风控联动开展风险专项治理控制广告投放风险；
3、风险专项运营优化：对现有风控策略与结果，进行摸底、分析、优化、验证等全链路优化运营，确保风险可控性；
4、投放生态治理运营：通过对广告主恶意行为进行分析与处罚，为客户投放收生态提供保障。

职位要求: 
1、本科及以上学历，有项目管理经验，能独立总结输出项目分析评估与建立解决方案者优先；
2、了解风险链路逻辑，具备良好的风险与问题自主挖掘意识，能及时响应应急风险；
3、有一定的数据敏感性，具备较强的数据分析和复盘总结能力，善于系统性解决问题；
4、具备优秀的沟通协调能力，能够高效地沟通推进项目落地；
5、较强的自主学习能力与强自驱力，有同理心、责任感和团队合作精神。","字节跳动成立于2012年3月，公司使命为“Inspire Creativity, Enrich Life（激发创造，丰富生活）”。公司业务覆盖150个国家和地区，拥有15万名员工。
字节跳动在全球推出了多款有影响力的产品，包括今日头条、抖音、西瓜视频、飞书、Lark、PICO、剪映、TikTok等。截至2021年6月，字节跳动旗下产品全球月活跃用户数超过19亿。"
unknown:1971396283,1971396283,unknown,风险运营,字节跳动,互联网,融资未公开,10000人以上,庐阳区,15-30k·15薪,经验不限,本科,,90天前更新,招1人,,标题领域词=风险; 标题岗位词=运营; 公司标签=互联网,https://www.liepin.com/zpfengxianyunying/,https://www.liepin.com/zpfengxianyunying/pn1/,https://www.liepin.com/job/1971396283.shtml,2026-04-14T14:01:30+08:00,2026-08-17T10:34:33+08:00,"职位描述: 
1、风险定位：通过抽样数据复盘及各内外部反馈及信息，对广告风险进行探查并聚类链路归因定位；
2、风险挖掘治理运营：对广告各类的风险特征进行控掘分析，与风控联动开展风险专项治理控制广告投放风险；
3、风险专项运营优化：对现有风控策略与结果，进行摸底、分析、优化、验证等全链路优化运营，确保风险可控性；
4、投放生态治理运营：通过对广告主恶意行为进行分析与处罚，为客户投放收生态提供保障。

职位要求: 
1、本科及以上学历，有项目管理经验，能独立总结输出项目分析评估与建立解决方案者优先；
2、了解风险链路逻辑，具备良好的风险与问题自主挖掘意识，能及时响应应急风险；
3、有一定的数据敏感性，具备较强的数据分析和复盘总结能力，善于系统性解决问题；
4、具备优秀的沟通协调能力，能够高效地沟通推进项目落地；
5、较强的自主学习能力与强自驱力，有同理心、责任感和团队合作精神。","字节跳动成立于2012年3月，公司使命为“Inspire Creativity, Enrich Life（激发创造，丰富生活）”。公司业务覆盖150个国家和地区，拥有15万名员工。
字节跳动在全球推出了多款有影响力的产品，包括今日头条、抖音、西瓜视频、飞书、Lark、PICO、剪映、TikTok等。截至2021年6月，字节跳动旗下产品全球月活跃用户数超过19亿。"
unknown:1971355773,1971355773,unknown,风险运营,字节跳动,互联网,融资未公开,10000人以上,锦江区,15-30k·15薪,经验不限,本科,,90天前更新,招1人,,标题领域词=风险; 标题岗位词=运营; 公司标签=互联网,https://www.liepin.com/zpfengxianyunying/,https://www.liepin.com/zpfengxianyunying/pn1/,https://www.liepin.com/job/1971355773.shtml,2026-04-14T14:01:30+08:00,2026-08-17T10:34:33+08:00,"职位描述: 
1、风险定位：通过抽样数据复盘及各内外部反馈及信息，对广告风险进行探查并聚类链路归因定位；
2、风险挖掘治理运营：对广告各类的风险特征进行控掘分析，与风控联动开展风险专项治理控制广告投放风险；
3、风险专项运营优化：对现有风控策略与结果，进行摸底、分析、优化、验证等全链路优化运营，确保风险可控性；
4、投放生态治理运营：通过对广告主恶意行为进行分析与处罚，为客户投放收生态提供保障。

职位要求: 
1、本科及以上学历，有项目管理经验，能独立总结输出项目分析评估与建立解决方案者优先；
2、了解风险链路逻辑，具备良好的风险与问题自主挖掘意识，能及时响应应急风险；
3、有一定的数据敏感性，具备较强的数据分析和复盘总结能力，善于系统性解决问题；
4、具备优秀的沟通协调能力，能够高效地沟通推进项目落地；
5、较强的自主学习能力与强自驱力，有同理心、责任感和团队合作精神。","字节跳动成立于2012年3月，公司使命为“Inspire Creativity, Enrich Life（激发创造，丰富生活）”。公司业务覆盖150个国家和地区，拥有15万名员工。
字节跳动在全球推出了多款有影响力的产品，包括今日头条、抖音、西瓜视频、飞书、Lark、PICO、剪映、TikTok等。截至2021年6月，字节跳动旗下产品全球月活跃用户数超过19亿。"
unknown:1983644041,1983644041,unknown,风险运营-商业生态与安全,字节跳动,互联网,融资未公开,10000人以上,北京-慈云寺,20-30k,3-5年,本科,,8月8日更新,招5人,,标题领域词=风险; 标题岗位词=运营; 公司标签=互联网,https://www.liepin.com/zpfengxianyunying/,https://www.liepin.com/zpfengxianyunying/,https://www.liepin.com/job/1983644041.shtml,2026-08-03T12:49:08+08:00,2026-08-17T10:34:33+08:00,"职位描述
1、协同进行风险指标建设、持续监测风险水位的同时对于规则变化、漏放场景进行风险兜底和反哺，全年风险指标持续降低；
2、内容治理策略：运用各种机器&算法策略，搭建巡检能力为存量风险的识别能力负责，平衡召回目标，对大盘风险水位下降和机审覆盖率的提升负责；
3、人员提效：通过产品运营职能建设内容风控相关产品工具，提升效率，降低成本；
4、交付协作：负责基地对接、细则下沉协作、工具共建、队列建设，保证协作效率和交付质量。
职位要求
1、本科及以上学历；
2、具备内容治理相关策略、规则、产品、交付管理相关经验优先；
3、具备良好的沟通表达能力，对于陌生领域有快速的学习能力；
4、有韧性，能对短期波动保持耐心。","字节跳动成立于2012年3月，公司使命为“Inspire Creativity, Enrich Life（激发创造，丰富生活）”。公司业务覆盖150个国家和地区，拥有15万名员工。
字节跳动在全球推出了多款有影响力的产品，包括今日头条、抖音、西瓜视频、飞书、Lark、PICO、剪映、TikTok等。截至2021年6月，字节跳动旗下产品全球月活跃用户数超过19亿。"
unknown:1984040829,1984040829,unknown,风险运营-商业生态与安全,字节跳动,互联网,融资未公开,10000人以上,中原区,13-25k·15薪,3-5年,本科,,,,,标题领域词=风险; 标题岗位词=运营; 公司标签=互联网,https://www.liepin.com/zpfengxianyunying/,https://www.liepin.com/zpfengxianyunying/,https://www.liepin.com/job/1984040829.shtml,2026-07-13T12:49:04+08:00,2026-08-17T10:34:33+08:00,,
unknown:1976065441,1976065441,unknown,风险运营-商业生态与安全,字节跳动,互联网,融资未公开,10000人以上,朝阳区,20-40k·15薪,5-10年,本科,,,,,标题领域词=风险; 标题岗位词=运营; 公司标签=互联网,https://www.liepin.com/zpfengxianyunying/,https://www.liepin.com/zpfengxianyunying/,https://www.liepin.com/job/1976065441.shtml,2026-04-14T14:01:30+08:00,2026-08-17T10:34:33+08:00,,
unknown:1974676095,1974676095,unknown,风险运营-商业生态与安全,字节跳动,互联网,融资未公开,10000人以上,新城区,13-25k·15薪,5-10年,本科,,,,,标题领域词=风险; 标题岗位词=运营; 公司标签=互联网,https://www.liepin.com/zpfengxianyunying/,https://www.liepin.com/zpfengxianyunying/,https://www.liepin.com/job/1974676095.shtml,2026-04-14T14:01:30+08:00,2026-08-17T10:34:33+08:00,,
unknown:1982147703,1982147703,unknown,风险运营-商业生态与安全,字节跳动,互联网,融资未公开,10000人以上,北京-大钟寺,20-30k·15薪,3-5年,本科,五险一金 | 股票期权 | 年终奖金 | 住房补贴,6月22日更新,招3人,五险一金 | 股票期权 | 年终奖金 | 住房补贴 | 带薪年假,标题领域词=风险; 标题岗位词=运营; 公司标签=互联网,https://www.liepin.com/zpfengxianyunying/,https://www.liepin.com/zpfengxianyunying/pn1/,https://www.liepin.com/job/1982147703.shtml,2026-05-03T12:50:12+08:00,2026-08-17T10:34:33+08:00,"职位描述
1、协同进行风险指标建设、持续监测风险水位的同时对于规则变化、漏放场景进行风险兜底和反哺，全年风险指标持续降低；
2、内容治理策略：运用各种机器&算法策略，搭建巡检能力为存量风险的识别能力负责，平衡召回目标，对大盘风险水位下降和机审覆盖率的提升负责；
3、人员提效：通过产品运营职能建设内容风控相关产品工具，提升效率，降低成本；
4、交付协作：负责基地对接、细则下沉协作、工具共建、队列建设，保证协作效率和交付质量。
职位要求
1、本科及以上学历；
2、具备内容治理相关策略、规则、产品、交付管理相关经验优先；
3、具备良好的沟通表达能力，对于陌生领域有快速的学习能力；
4、有韧性，能对短期波动保持耐心。","字节跳动成立于2012年3月，公司使命为“Inspire Creativity, Enrich Life（激发创造，丰富生活）”。公司业务覆盖150个国家和地区，拥有15万名员工。
字节跳动在全球推出了多款有影响力的产品，包括今日头条、抖音、西瓜视频、飞书、Lark、PICO、剪映、TikTok等。截至2021年6月，字节跳动旗下产品全球月活跃用户数超过19亿。"
unknown:1979533285,1979533285,unknown,风险运营专家,字节跳动,互联网,融资未公开,10000人以上,高新区,12-35k·15薪,3-7年,本科,五险一金 | 带薪年假 | 定期体检 | 住房补贴,90天前更新,招1人,五险一金 | 带薪年假 | 定期体检 | 住房补贴 | 扁平管理 | 免费三餐,标题领域词=风险; 标题岗位词=运营; 公司标签=互联网,https://www.liepin.com/zpfengxianyunying/,https://www.liepin.com/zpfengxianyunying/pn1/,https://www.liepin.com/job/1979533285.shtml,2026-04-14T14:01:30+08:00,2026-08-17T10:34:33+08:00,"职位描述
1、风险定位：通过抽样数据复盘及各内外部反馈及信息，对广告风险进行探查并聚类链路归因定位；
2、风险挖掘治理运营：对广告各类的风险特征进行挖掘分析，与风控联动开展风险专项治理控制广告投放风险；
3、风险专项运营优化：对现有风控策略与结果，进行摸底、分析、优化、验证等全链路优化运营，确保风险可控性；
4、投放生态治理运营：通过对广告主恶意行为进行分析与处罚，为客户投放生态提供保障。
职位要求
1、本科及以上学历，有项目管理经验，能独立总结输出项目分析评估与建立解决方案者优先；
2、了解内容治理链路逻辑，具备良好的风险与问题自主挖掘意识，能及时响应应急风险；
3、有一定的数据敏感性，具备较强的数据分析和复盘总结能力，善于系统性解决问题；
4、具备优秀的沟通协调能力，能够高效地沟通推进项目落地；
5、较强的自主学习能力与强自驱力，有同理心、责任感和团队合作精神。","字节跳动成立于2012年3月，公司使命为“Inspire Creativity, Enrich Life（激发创造，丰富生活）”。公司业务覆盖150个国家和地区，拥有15万名员工。
字节跳动在全球推出了多款有影响力的产品，包括今日头条、抖音、西瓜视频、飞书、Lark、PICO、剪映、TikTok等。截至2021年6月，字节跳动旗下产品全球月活跃用户数超过19亿。"
unknown:1983818087,1983818087,unknown,风险运营专家-抖音生活服务,字节跳动,互联网,融资未公开,10000人以上,上海-漕河泾,35-65k·15薪,3-5年,本科,,7月1日更新,招1人,,标题领域词=风险; 标题岗位词=运营; 公司标签=互联网,https://www.liepin.com/zpfengxianyunying/,https://www.liepin.com/zpfengxianyunying/pn1/,https://www.liepin.com/job/1983818087.shtml,2026-07-03T12:59:01+08:00,2026-08-17T10:34:33+08:00,"职位描述
1、风险节点统筹：负责重大节点（315、春节/国庆、大促营销等时间点）的风险筹备与应对，横向调度服务、治理、应急、交付与产品等多方资源，确保重大节点及突发高危事件应对有序；
2、机制诊断：作为团队横向运营枢纽，主导外溢风险业务的策略运营（如定级体系完善、全链路流程诊断与优化），敏锐识别团队内各域卡点，推动业务流程的标准化、线上化及产品化改造；
3、复盘与体系沉淀：定期复盘高频及重大风险事件，深度挖掘问题根因，沉淀体系化的防范机制、应急SOP与处置基线，持续推动风险防控能力迭代。
职位要求
1、本科及以上学历，3年以上互联网策略运营、风险运营或跨部分项目统筹相关经验，有大型节点/活动风险主导实战经验，或具备重大危机处理经验者优先；
2、具备较强的业务诊断与横向破局能力，能在不确定性中迅速梳理脉络，沟通风格果敢、工作高效，能够在多方协同和复杂局面中有效协调、推动共识与决策落地；
3、具备优秀的产品与体系化思维，能主动将业务痛点转化为系统化的产品/机制建设需求。","字节跳动成立于2012年3月，公司使命为“Inspire Creativity, Enrich Life（激发创造，丰富生活）”。公司业务覆盖150个国家和地区，拥有15万名员工。
字节跳动在全球推出了多款有影响力的产品，包括今日头条、抖音、西瓜视频、飞书、Lark、PICO、剪映、TikTok等。截至2021年6月，字节跳动旗下产品全球月活跃用户数超过19亿。"
unknown:1977841889,1977841889,unknown,风险运营专家（策略运营方向）,字节跳动,互联网,融资未公开,10000人以上,高新区,12-20k·15薪,3-5年,本科,,90天前更新,招1人,,标题领域词=风险; 标题岗位词=运营; 公司标签=互联网,https://www.liepin.com/zpfengxianyunying/,https://www.liepin.com/zpfengxianyunying/pn1/,https://www.liepin.com/job/1977841889.shtml,2026-04-14T14:01:30+08:00,2026-08-17T10:34:33+08:00,"职位描述
1、风险定位：通过抽样数据复盘及各内外部反馈及信息，对广告风险进行探查并聚类链路归因定位；
2、风险挖掘治理运营：对广告各类的风险特征进行挖掘分析，与风控联动开展风险专项治理控制广告投放风险；
3、风险专项运营优化：对现有风控策略与结果，进行摸底、分析、优化、验证等全链路优化运营，确保风险可控性；
4、投放生态治理运营：通过对广告主恶意行为进行分析与处罚，为客户投放生态提供保障。
职位要求
1、本科及以上学历，有项目管理经验，能独立总结输出项目分析评估与建立解决方案者优先；
2、了解内容治理链路逻辑，具备良好的风险与问题自主挖掘意识，能及时响应应急风险；
3、有一定的数据敏感性，具备较强的数据分析和复盘总结能力，善于系统性解决问题；
4、具备优秀的沟通协调能力，能够高效地沟通推进项目落地；
5、较强的自主学习能力与强自驱力，有同理心、责任感和团队合作精神。","字节跳动成立于2012年3月，公司使命为“Inspire Creativity, Enrich Life（激发创造，丰富生活）”。公司业务覆盖150个国家和地区，拥有15万名员工。
字节跳动在全球推出了多款有影响力的产品，包括今日头条、抖音、西瓜视频、飞书、Lark、PICO、剪映、TikTok等。截至2021年6月，字节跳动旗下产品全球月活跃用户数超过19亿。"
unknown:1980674399,1980674399,unknown,风险运营专家（策略运营方向）-商业生态与安全,字节跳动,互联网,融资未公开,10000人以上,高新区,12-20k·15薪,5-10年,本科,六险一金 | 团队氛围好 | 扁平管理 | 用户过亿,90天前更新,招1人,六险一金 | 团队氛围好 | 扁平管理 | 用户过亿 | 大牛带队,标题领域词=风险; 标题岗位词=运营; 公司标签=互联网,https://www.liepin.com/zpfengxianyunying/,https://www.liepin.com/zpfengxianyunying/pn1/,https://www.liepin.com/job/1980674399.shtml,2026-04-14T14:01:30+08:00,2026-08-17T10:34:33+08:00,"岗位职责：
1、风险定位：通过抽样数据复盘及各内外部反馈及信息，对广告风险进行探查并聚类链路归因定位；
2、风险挖掘治理运营：对广告各类的风险特征进行挖掘分析，与风控联动开展风险专项治理控制广告投放风险；
3、风险专项运营优化：对现有风控策略与结果，进行摸底、分析、优化、验证等全链路优化运营，确保风险可控性；
4、投放生态治理运营：通过对广告主恶意行为进行分析与处罚，为客户投放生态提供保障。

任职要求：
1、本科及以上学历，有项目管理经验，能独立总结输出项目分析评估与建立解决方案者优先；
2、了解内容治理链路逻辑，具备良好的风险与问题自主挖掘意识，能及时响应应急风险；
3、有一定的数据敏感性，具备较强的数据分析和复盘总结能力，善于系统性解决问题；
4、具备优秀的沟通协调能力，能够高效地沟通推进项目落地；
5、较强的自主学习能力与强自驱力，有同理心、责任感和团队合作精神。","字节跳动成立于2012年3月，公司使命为“Inspire Creativity, Enrich Life（激发创造，丰富生活）”。公司业务覆盖150个国家和地区，拥有15万名员工。
字节跳动在全球推出了多款有影响力的产品，包括今日头条、抖音、西瓜视频、飞书、Lark、PICO、剪映、TikTok等。截至2021年6月，字节跳动旗下产品全球月活跃用户数超过19亿。"
unknown:1982861879,1982861879,unknown,风险运营（事故方向）-商业生态与安全,字节跳动,互联网,融资未公开,10000人以上,朝阳区,20-35k·15薪,3-5年,本科,,,,,标题领域词=风险; 标题岗位词=运营; 公司标签=互联网,https://www.liepin.com/zpfengxianyunying/,https://www.liepin.com/zpfengxianyunying/pn1/,https://www.liepin.com/job/1982861879.shtml,2026-06-03T14:16:53+08:00,2026-08-17T10:34:33+08:00,,
unknown:1977742221,1977742221,unknown,风险运营（内容安全方向）-商业生态与安全,字节跳动,互联网,融资未公开,10000人以上,朝阳区,20-30k·15薪,3-5年,本科,,,,,"标题领域词=内容安全,风险; 标题岗位词=运营; 公司标签=互联网",https://www.liepin.com/zpneironganquan/ | https://www.liepin.com/zpfengxianyunying/,https://www.liepin.com/zpneironganquan/pn3/ | https://www.liepin.com/zpfengxianyunying/pn1/,https://www.liepin.com/job/1977742221.shtml,2026-04-14T14:01:30+08:00,2026-08-17T10:34:33+08:00,,
unknown:1982870931,1982870931,unknown,风险运营（机审策略方向）-商业生态与安全,字节跳动,互联网,融资未公开,10000人以上,朝阳区,20-35k·15薪,3-5年,本科,,,,,标题领域词=风险; 标题岗位词=运营; 公司标签=互联网,https://www.liepin.com/zpfengxianyunying/,https://www.liepin.com/zpfengxianyunying/pn1/,https://www.liepin.com/job/1982870931.shtml,2026-06-03T14:16:53+08:00,2026-08-17T10:34:33+08:00,,
unknown:1982869117,1982869117,unknown,风险运营（蓝军、事故方向）,字节跳动,互联网,融资未公开,10000人以上,北京-慈云寺,20-35k·15薪,3-5年,本科,五险一金 | 年终奖金 | 绩效奖金 | 带薪年假,8月13日更新,招1人,五险一金 | 年终奖金 | 绩效奖金 | 带薪年假 | 节日礼物 | 餐费补贴 | 住房补贴 | 交通补助 | 发展空间大 | 公司规模大,标题领域词=风险; 标题岗位词=运营; 公司标签=互联网,https://www.liepin.com/zpfengxianyunying/,https://www.liepin.com/zpfengxianyunying/,https://www.liepin.com/job/1982869117.shtml,2026-06-03T14:16:53+08:00,2026-08-17T10:34:33+08:00,"职位描述
1、洞察生服内容安全风险趋势，产出高价值风险情报与预警，为平台前置治理提供关键决策输入；
2、主导蓝军对抗演练与模拟投放，多维度验证防线有效性，反哺机审策略与模型迭代优化；
3、牵头建立风险图谱与攻防案例库，沉淀体系化风控运营方法论，提升团队风险预判与处置效能；
4、协同产研及业务方推动风险点位闭环，通过复盘机制补齐治理短板，持续压降内容合规风险；
5、驱动风险发现能力的自动化升级，建立从巡检到策略落地的 PDCA 闭环，确保安全健康度持续向好。
职位要求
1、精通内容安全运营，具备敏锐的风险趋势洞察与深度分析能力；
2、具备深厚的对抗思维，有主导蓝军演练或策略闭环经验者优先；
3、擅长风险建模与体系化机制建设，能独立产出具备行业深度的运营方法论；
4、极强的跨团队协同与影响力，能驱动产研及业务方共同解决复杂风险问题。","字节跳动成立于2012年3月，公司使命为“Inspire Creativity, Enrich Life（激发创造，丰富生活）”。公司业务覆盖150个国家和地区，拥有15万名员工。
字节跳动在全球推出了多款有影响力的产品，包括今日头条、抖音、西瓜视频、飞书、Lark、PICO、剪映、TikTok等。截至2021年6月，字节跳动旗下产品全球月活跃用户数超过19亿。"
unknown:1978868391,1978868391,unknown,社区安全-内容安全运营,小红书,互联网,D轮及以上融资,1000-2000人,黄浦区,25-50k·16薪,5-10年,本科,五险一金 | 年终奖金 | 带薪年假 | 节日礼物,90天前更新,招1人,五险一金 | 年终奖金 | 带薪年假 | 节日礼物 | 住房补贴 | 餐费补贴 | 公司规模大 | 扁平管理,标题领域词=内容安全; 标题岗位词=运营; 公司标签=互联网,https://www.liepin.com/zpneironganquan/ | https://www.liepin.com/zpneironganquanyunying/,https://www.liepin.com/zpneironganquan/pn2/ | https://www.liepin.com/zpneironganquanyunying/pn3/,https://www.liepin.com/job/1978868391.shtml,2026-04-14T14:01:30+08:00,2026-08-17T10:34:33+08:00,"工作职责：
1、负责监管工作要求、外部风险舆情等的分析研判，细化工作要求并做好分发和跟进，完成处置情况、趋势分析等报告，为内外部沟通提供支持；
2、负责基于监管工作要求、外部风险舆情等开展巡查，输出工作建议并做好监管工作要求的落地结果验收；
3、负责重大敏感内容风险的常态化管理，建立工作机制，完成工作报告；
4、协同支持团队，借助数据化、产品化、智能化等手段持续提升全链路效率和执行水平。

任职资格：
1、本科及以上学历，3年以上互联网内容安全领域经验；
2、内容风险敏感性强，熟悉互联网政策法规和网络传播规律；
3、AI应用能力、逻辑思维、总结归纳能力强，信息获取、文字表达能力好，具备公文写作、数据分析、AI应用能力优先；
4、学习力、自驱力、抗压能力和连续作战能力强，具备良好团队合作精神和沟通协调能力，适应互联网行业及应急工作节奏。","小红书由毛文超和瞿芳于2013年在上海创立。小红书以“Inspire Lives分享和发现世界的精彩”为使命，用户可以通过短视频、图文等形式记录生活点滴，分享生活方式，并基于兴趣形成互动。

 2018年6月1日，小红书完成了超过3亿美元的新一轮融资，由阿里巴巴领投，金沙江创投、腾讯投资、纪源资本、元生资本、天图投资、真格基金、K11郑志刚先生等机构公司及个人跟投，估值超过30亿美元。截至到2019年10月，小红书月活跃用户数已经过亿，其中70%用户是90后，并持续快速增长。
凭借真实、向上、多元的社区氛围，小红书已成为年轻人不可替代的生活方式平台和消费决策入口，具有制造流行和热点的能力。

 小红书社区目前内容覆盖时尚、美妆、个护、美食、旅行、娱乐、读书、健身、母婴等各个生活方式领域，每天产生超过80亿次的笔记曝光。过去一年中，小红书用户分享的内容呈几何级数增长，截止到2019年12月，用户分享笔记量增长4.4倍，其中教育学习类笔记发布量上涨6.4倍，体育赛事类上涨8.4倍，摄影类上涨6.2倍。

 作为生活方式社区，小红书因“种草经济”闻名，独特性就在于，大部分互联网社区更多是依靠线上的虚拟身份，而小红书用户发布的内容都来自于真实生活。对用户而言，小红书并不能像其他虚拟社区一样，提供线上内容消费的即时满足感。用户在小红书不论是发现了一支适合自己的口红，还是发现了一个想去的景点或餐厅，想要获得消费的满足感，必须在现实生活中才能完成。

 在小红书，一个用户通过“线上分享”消费体验，引发“社区互动”，能够推动其他用户去到“线下消费”，这些用户反过来又会进行更多的“线上分享”，最终形成一个正循环。
 基于“种草”的特性，小红书也成为了爆款和品牌的孵化器。迄今为止，小红书汇聚了全球190多个国家和地区，超过4万个品牌。依靠用户生产的海量真实笔记，小红书已经成长为全球最真实的消费口碑库，更成为新品牌尤其是新国货品牌，取得用户信任的关键一步。
 截止到2019年10月，过去一年，小红书用户在平台发布了超过180万篇国货相关的笔记，同比增长110%，累计获得来自超过4200万人的3亿次分享和讨论，包括美妆护肤品牌自然之名、谷雨、花西子等，服饰鞋靴品牌致知、Maia Active、Ubras、Orange desire等，以及食品品牌小仙炖、钟薛高等越来越多新国货品牌“走红”于小红书。

 小红书秉持有向上、走进用户、开放心态、务实、担当的企业文化，致力于成为最受用户信任的互联网公司。2015年9月，国务院总理李克强来到小红书视察时寄语，“今天的成绩，三分靠创新，七分靠打拼“。2020年3月，中央政治局委员、上海市委书记李强走访小红书时寄语，要充分看到新经济、新消费等发展机遇，充分依托上海的市场优势、场景优势、资源优势，找准各类消费群体的兴奋点、关注点、聚焦点，时不我待，深入谋划，创新方式，进一步精准有效搭建消费平台、释放消费潜力、做强消费品牌。
2017年12月24日，小红书和华为等优秀公司一起，被《人民日报》评为代表中国消费科技产业的“中国品牌奖”。
 小红书总部位于上海新天地，在北京设有分公司，武汉设有研发中心和用户服务中心，目前员工总计超过2000人。

 小红书社区用户分享的真实笔记正在影响着一代人的消费决策，也因此吸引了全球优质品牌的入驻。小红书商城作为生活方式社区的重要板块，专注于服务消费升级大潮中的年轻时尚群体，网罗全球潮流好物。依托独有的社区口碑营销和品牌内容推广，帮助品牌更有效的与优质用户互动，获得快速可持续的增长。目前，各类品牌旗舰店、综合商店等第三方商户所销售的产品数量占商城总量的95%。

 小红书企业号部门围绕“企业号”这一核心产品，整合公司从社区营销一直到交易闭环的资源，更好地连接消费者和品牌，帮助品牌在小红书完成一站式闭环营销，提供全链条服务。迄今为止，已有包括时尚服饰、美妆个护、生活服务等在内的23个行业，近4万个企业开通了企业号。

 经过近7年的累积，小红书特有的真实、向上、多元的社区氛围，不断吸引着越来越多的伙伴，探索着美好生活的更多可能性。小红书独特的城市生态，正在吸引更多品牌和行业伙伴，共同探索未来的商业价值。"
unknown:1962416821,1962416821,unknown,风控运营专员,巨网科技,互联网,已上市,100-499人,杭州-浦沿,16-25k,1-3年,大专,五险一金 | 定期体检 | 团队聚餐 | 休闲餐点,90天前更新,招1人,五险一金 | 定期体检 | 团队聚餐 | 休闲餐点 | 节日礼物 | 加班补贴 | 餐费补贴 | 扁平管理 | 管理规范 | 公司规模大,标题领域词=风控; 标题岗位词=运营; 公司标签=互联网,https://www.liepin.com/zpfengkongyunying/,https://www.liepin.com/zpfengkongyunying/pn2/,https://www.liepin.com/job/1962416821.shtml,2026-04-14T14:01:30+08:00,2026-08-17T10:34:33+08:00,"岗位职责:
1、查看新开主体的各类资质（主要是行业资质和投放资质）是否存在过期及造假风险
2、做好每日投放账户素材巡查及复核工作
3、每周输出上周各行业top客户跑的产品、消耗、转化情况，对比大盘信息，分析差异原因并提出优化。
4、整理二代客户情况，关注授信情况与回款情况，不定时参与授信评估工作
5、关注每周被封停账户的原因，及时关注媒体封停倾向，对客户提出预警
6、双周询问代运营同学所遇到的集中性问题内部同步、分享，并针对性的给予客户建议。


任职要求:
1、大专及以上学历；
2、3年左右银行风控部门工作经验，或法务、运营、媒介等工作背景；
3、具备良好的风险防控意识，对搜索推广和信息流风险管理有一定认识；
4、跨团队沟通能力强，能够准确理解需求；
5、原则性强，具备较强的执行力与推动力及较好的团队合作能力；


标准工作时间：
8：30—12：00 13：00-17：30，双休，节假日正常放假
福利待遇：
五险一金、餐补、下午茶、三节福利、工龄工资、带薪休假、团建旅游、年度体检等","江西巨网科技有限公司（简称：巨网科技），注册成立于2010年，是一家立足于长尾流量整合，全面布局互联网广告营销生态企业。巨网科技（**************)总部设立在江西省上饶市数字经济服务园，并在上海漕河泾、北京海淀区设有分公司，在杭州江干区、上饶县设有全资子公司。
 2010年公司进入互联网广告分发行业，凭借自主研发的云控精准广告分发平台以及先发的行业优势，集聚了国内大量的二三线网站、wap站、APP应用等优质长尾流量，构建了强大的广告投放渠道，成为百度、360等知名互联网企业的核心流量供应商，并为腾讯、百度、淘宝、阿里巴巴、奇虎360、搜狐、赶集网、乐视体育等在内的多家电子商务、网络游戏、网络服务商、品牌客户提供精准广告投放服务。公司目前已拥有的媒体资源可以实现日覆盖2.5亿+移动互联网用户媒体资源、日展示5亿+广告资源，是中国优质的互联网广告投放服务提供商。
 
 江西巨网科技有限公司上海分公司-于2016年设立新媒体事业部。
至今部门规模扩大至60人左右，团队成员年轻活力有朝气(*^▽^*)基本都是90后的小哥哥与小姐姐。
自创立以来，已掌握累计粉丝近6000万、五百多个微信公众号，类别涵盖美妆、时尚、星座、穿搭、生活窍门、情感、美食、烘焙、手工、搞笑段子等多个领域，打造了多个广受粉丝追捧的公众号：
例如：＜CoCoFan可可范＞、＜种草囤货日记＞、＜MISS B有颜有料＞
在内容呈现方面不单单局限于图文，更在音频、视频、漫画方面发力，打造了多个广受粉丝追捧的公众号，如：＜深夜告白＞、＜喵小萌＞、＜莫问大叔＞、＜南川大叔＞等。
 同时还有在线知识付费课程“青柠微课堂”，深受女性的追捧和喜欢。

 一直以来，巨网科技秉承着“连接所有合作伙伴，创造价值”为使命，以“诚信、专注、共赢、创新”为价值观。未来公司不仅于线上发力，也将与线下全面结合，并借助资本市场的力量实现持续扩张，在专业化与多元化并行的同时，实现全新突破。"
unknown:1977519747,1977519747,unknown,风控运营专员1,巨网科技,互联网,已上市,100-499人,杭州-浦沿,16-25k,1-3年,大专,五险一金 | 定期体检 | 团队聚餐 | 休闲餐点,90天前更新,招1人,五险一金 | 定期体检 | 团队聚餐 | 休闲餐点 | 节日礼物 | 加班补贴 | 餐费补贴 | 扁平管理 | 管理规范 | 公司规模大,标题领域词=风控; 标题岗位词=运营; 公司标签=互联网,https://www.liepin.com/zpfengkongyunying/,https://www.liepin.com/zpfengkongyunying/pn1/,https://www.liepin.com/job/1977519747.shtml,2026-04-14T14:01:30+08:00,2026-08-17T10:34:33+08:00,"岗位职责:
1、查看新开主体的各类资质（主要是行业资质和投放资质）是否存在过期及造假风险
2、做好每日投放账户素材巡查及复核工作
3、每周输出上周各行业top客户跑的产品、消耗、转化情况，对比大盘信息，分析差异原因并提出优化。
4、整理二代客户情况，关注授信情况与回款情况，不定时参与授信评估工作
5、关注每周被封停账户的原因，及时关注媒体封停倾向，对客户提出预警
6、双周询问代运营同学所遇到的集中性问题内部同步、分享，并针对性的给予客户建议。


任职要求:
1、大专及以上学历；
2、3年左右银行风控部门工作经验，或法务、运营、媒介等工作背景；
3、具备良好的风险防控意识，对搜索推广和信息流风险管理有一定认识；
4、跨团队沟通能力强，能够准确理解需求；
5、原则性强，具备较强的执行力与推动力及较好的团队合作能力；


标准工作时间：
8：30—12：00 13：00-17：30，双休，节假日正常放假
福利待遇：
五险一金、餐补、下午茶、三节福利、工龄工资、带薪休假、团建旅游、年度体检等","江西巨网科技有限公司（简称：巨网科技），注册成立于2010年，是一家立足于长尾流量整合，全面布局互联网广告营销生态企业。巨网科技（**************)总部设立在江西省上饶市数字经济服务园，并在上海漕河泾、北京海淀区设有分公司，在杭州江干区、上饶县设有全资子公司。
 2010年公司进入互联网广告分发行业，凭借自主研发的云控精准广告分发平台以及先发的行业优势，集聚了国内大量的二三线网站、wap站、APP应用等优质长尾流量，构建了强大的广告投放渠道，成为百度、360等知名互联网企业的核心流量供应商，并为腾讯、百度、淘宝、阿里巴巴、奇虎360、搜狐、赶集网、乐视体育等在内的多家电子商务、网络游戏、网络服务商、品牌客户提供精准广告投放服务。公司目前已拥有的媒体资源可以实现日覆盖2.5亿+移动互联网用户媒体资源、日展示5亿+广告资源，是中国优质的互联网广告投放服务提供商。
 
 江西巨网科技有限公司上海分公司-于2016年设立新媒体事业部。
至今部门规模扩大至60人左右，团队成员年轻活力有朝气(*^▽^*)基本都是90后的小哥哥与小姐姐。
自创立以来，已掌握累计粉丝近6000万、五百多个微信公众号，类别涵盖美妆、时尚、星座、穿搭、生活窍门、情感、美食、烘焙、手工、搞笑段子等多个领域，打造了多个广受粉丝追捧的公众号：
例如：＜CoCoFan可可范＞、＜种草囤货日记＞、＜MISS B有颜有料＞
在内容呈现方面不单单局限于图文，更在音频、视频、漫画方面发力，打造了多个广受粉丝追捧的公众号，如：＜深夜告白＞、＜喵小萌＞、＜莫问大叔＞、＜南川大叔＞等。
 同时还有在线知识付费课程“青柠微课堂”，深受女性的追捧和喜欢。

 一直以来，巨网科技秉承着“连接所有合作伙伴，创造价值”为使命，以“诚信、专注、共赢、创新”为价值观。未来公司不仅于线上发力，也将与线下全面结合，并借助资本市场的力量实现持续扩张，在专业化与多元化并行的同时，实现全新突破。"
unknown:1983978843,1983978843,unknown,机构运营（风险代运营）,度小满,互联网,融资未公开,2000-5000人,北京-马连洼,15-30k·16薪,3-5年,本科,五险一金 | 住房补贴 | 餐费补贴 | 通讯津贴,7月29日更新,招1人,五险一金 | 住房补贴 | 餐费补贴 | 通讯津贴 | 免费班车 | 年终奖金 | 绩效奖金 | 带薪年假 | 定期体检 | 休闲餐点,标题领域词=风险; 标题岗位词=运营; 公司标签=互联网,https://www.liepin.com/zpfengxianyunying/,https://www.liepin.com/zpfengxianyunying/pn3/,https://www.liepin.com/job/1983978843.shtml,2026-07-13T12:49:04+08:00,2026-08-17T10:34:33+08:00,"岗位职责：
1.业务运营与流程优化：深度理解风险代运营业务模式（如担保固收、有限分润等），掌握市场主流玩法与机构合作关键点；从机构视角系统梳理并优化贷前、贷中、贷后全流程运营动线，提升业务处理效率与体验；主动监控业务健康度，及时发现并推动解决流程瓶颈与运营问题。
2. 机构合作与项目管理：作为机构对接核心接口，负责制定并落地联合运营方案，通过资源整合与策略协同提升转化效果与资产收益；具备端到端项目管理能力，协调内外部资源，推动运营流程标准化、策略模型迭代等关键项目落地。
3. 数据分析与策略驱动：负责日常数据监控与归因分析，定位数据波动根因，输出优化建议并推动业务链路持续迭代；定期产出机构侧运营报告，向合作方清晰呈现业务表现，并向内部风险、产品团队提供数据洞察与决策支持。
4. 运营保障与风险协同：统筹处理代运营业务中的客诉、催收协同及结算核对等运营保障工作，确保业务合规平稳运作；与风险团队紧密协作，基于运营数据反馈，参与策略调优与模型迭代的讨论，共同实现风险与收益目标。
任职要求
1.本科及以上学历，3-5年金融机构运营、互金平台运营或数据分析经验，熟悉信贷业务流程与关键指标；
2.具备优秀的跨部门沟通与项目管理能力，能高效协同内外部团队，推动复杂项目落地，结果导向清晰；
3.数据处理能力强，熟练使用Excel/SQL进行数据分析，能独立完成问题排查与报告撰写；
4.逻辑严谨，具备出色的多任务管理与抗压能力，能适应快节奏业务环境。","度小满金融业务孵化于2015年，2018年4月融资19亿美元，拆分独立运营。2018年5月21日，度小满公司正式宣布成立。

秉持“伙伴先赢，持续共赢”的理念，度小满持续打造开放、共赢的合作生态。通过人工智能的创新应用，助力金融机构防范风险、降本增效，相关金融科技产品已广泛应用于中国工商银行、中国农业银行及多家股份制银行。目前，度小满已与上百家银行和金融机构建立合作，优势互补，共同推动普惠金融的发展。

截至2025年初，度小满联合金融机构，累计服务数干万小微企业和个体工商户，其中7成是员工在5人以下的小店，超过50%分布在四线及以下城市。"
unknown:1978999607,1978999607,unknown,机构风险运营(A152642),度小满,互联网,融资未公开,2000-5000人,北京-马连洼,30-50k·16薪,5-10年,本科,五险一金 | 绩效奖金 | 带薪年假 | 优秀员工奖,90天前更新,招1人,五险一金 | 绩效奖金 | 带薪年假 | 优秀员工奖 | 餐费补贴 | 免费班车 | 节日礼物 | 子女福利 | 休闲餐点 | 定期体检,标题领域词=风险; 标题岗位词=运营; 公司标签=互联网,https://www.liepin.com/zpfengxianyunying/,https://www.liepin.com/zpfengxianyunying/pn1/,https://www.liepin.com/job/1978999607.shtml,2026-04-14T14:01:30+08:00,2026-08-17T10:34:33+08:00,"职位描述：
1、负责外部合作机构风险相关工作对接，解决日常机构风控相关业务诉求解答，协同优化风险管理策略，为业务运营提供可靠的风险决策支持；
2、负责合作机构资产核心承接指标及风险指标监控及预测，负责业务风险数据分析，深入挖掘数据，为风险管理提供数据支持和业务洞察，输出报告的自闭环;
3、支持团队数据分析，有效提升整体资产承接能力，发现业务问题，通过深入分析寻找改善机会，跟进重点项目专题挖掘，支持业务提效；
4、标准化风控产品建设，包括但不限于建模分析平台、风险指标、贷中预警文件等产品标准化、合规化设计与落地。
5、针对指定研究专题，整合数据资源，收集业务信息，完成实验设计、专题探查、分析和策略优化等；
6、参与风险管理模型分析，持续监测和评估风险状况，提出改进方案；

职位要求：
1、大学本科及以上学历，6年及以上互联网行业商业分析、数据分析工作经验;
2、优秀的数据分析能力及结构化思维，敏锐的数据洞察力；
3、具备良好的沟通协调能力，学习能力，成就驱动，具有团队合作精神，诚实正直；
4、熟练掌握SQL及常见数据分析工具，具备复杂数据提炼和呈现能力，掌握撰写数据分析报告技能；
5、良好的沟通能力、耐压力、说服力，和强大的推动力，有良好的展现汇报能力。","度小满金融业务孵化于2015年，2018年4月融资19亿美元，拆分独立运营。2018年5月21日，度小满公司正式宣布成立。

秉持“伙伴先赢，持续共赢”的理念，度小满持续打造开放、共赢的合作生态。通过人工智能的创新应用，助力金融机构防范风险、降本增效，相关金融科技产品已广泛应用于中国工商银行、中国农业银行及多家股份制银行。目前，度小满已与上百家银行和金融机构建立合作，优势互补，共同推动普惠金融的发展。

截至2025年初，度小满联合金融机构，累计服务数干万小微企业和个体工商户，其中7成是员工在5人以下的小店，超过50%分布在四线及以下城市。"
unknown:1982015325,1982015325,unknown,风控产品运营专家,德联易控,"互联网,保险",融资未公开,50-99人,北京-呼家楼,15-20k,3年以上,大专,五险一金 | 绩效奖金 | 全勤奖 | 餐费补贴,8月10日更新,招5人,五险一金 | 绩效奖金 | 全勤奖 | 餐费补贴 | 交通补助 | 发展空间大 | 岗位晋升 | 扁平管理 | 技能培训,标题领域词=风控; 标题岗位词=运营; 公司标签=互联网,https://www.liepin.com/zpfengkongyunying/,https://www.liepin.com/zpfengkongyunying/pn2/,https://www.liepin.com/job/1982015325.shtml,2026-05-03T12:50:12+08:00,2026-08-17T10:34:33+08:00,"岗位职责
1.负责制定客户的风控产品运营计划，减损目标达成计划，重点机构的提升计划。
2.跟踪项目对账周期，对账进度，对存在进度风险的项目，及时协调销售和上级，排除延期风险。
3.通过运营数据指标，诊断运营过程中的问题，推动问题解决。
4.月度季度的产品运营结果汇报，思路清晰，推动客户的运营配合事项达成。
5.客户的费用明细核对、需求管理、资源协调、跟踪督办等工作。
任职资格要求
1.专科及以上学历，车辆工程、汽车维修、保险等相关专业。
2.3年以上财险第三方服务公司（车险理赔风控、车险理赔系统服务商、车险理赔公估等）的客户运营工作经验优先考虑。
3.3年以上财产保险公司总部或分支机构车险理赔管理、车物室主任、大案定损、理赔运营的相关经验。
4.熟练掌握和运用保险理论，熟悉财产保险公司的车险运营流程和模式。
5.熟悉财产保险公司两核实务，熟练掌握汽车构造知识。
6.熟悉财险公司车险理赔流程，每个理赔节点的作用，理赔管理的核心内容和管理举措。","德联易控科技（北京）有限公司成立于2012年1月，母公司位于德国，业务覆盖全球4大洲17个国家和地区的130多个客户。
公司从咨询切入，以科技为手段，以服务促交融，基于“咨询+科技+服务”，作为保险公司的“方向盘、红绿灯、加油站”，千人千面地为合作伙伴提供快速、精准、智能车险理赔风控整体解决方案，成就合作伙伴的同时成就自己。"
unknown:1982835285,1982835285,unknown,大模型运营管理岗（内容安全/管理/多base）,快手,互联网,已上市,10000人以上,北京-西二旗,20-40k·16薪,3年以上,大专,五险一金 | 年终奖金 | 节日礼物 | 带薪年假,5月25日更新,招1人,五险一金 | 年终奖金 | 节日礼物 | 带薪年假 | 定期体检 | 公司规模大,标题领域词=内容安全; 标题岗位词=运营; 公司标签=互联网,https://www.liepin.com/zpneironganquan/,https://www.liepin.com/zpneironganquan/pn2/,https://www.liepin.com/job/1982835285.shtml,2026-06-01T14:19:06+08:00,2026-08-17T10:34:33+08:00,"【岗位职责】
1. 团队管理：负责大模型运营团队的目标拆解、任务分派、绩效评估与人才培养。
2. 人审链路优化：带领团队通过 Prompt 工程、模型微调/训练、RAG、Agent 等多种技术手段，持续提升人审链路的自动化过滤能力（如预审、打标、辅助判断），降低人工介入成本与漏误判率。
3. 策略与评测：拆解审核业务违规场景，制定模型策略与评估指标；设计并维护评测集，驱动样本回流与模型迭代。
4. 亲自执行：熟练使用 SQL、Python 完成数据处理与可视化；可独立编写可灰度的 Agent 原型或 PE 方案，作为团队技术兜底与示范。
5. 协同落地：联动审核、产品、算法团队，推动方案上线、灰度实验及线上效果跟踪，量化对“人审过滤率、人工耗时”等核心指标的改善。
【任职要求】
1. 3 年以上内容安全或审核策略经验，其中 1 年以上团队管理经验（直接带人）。
2. 熟练掌握 Prompt 工程（如 few-shot、CoT）、了解模型训练/微调基本流程；熟练使用 Python、SQL。
3. 至少主导过 1 个利用大模型/Agent 优化审核链路并量化收益的项目。
4. 逻辑清晰，跨部门推动力强，对数据敏感，能亲自下场解决复杂问题。
5. 本科及以上学历，计算机、人工智能、统计学等相关专业优先。",快手是内容社区和社交平台，是短视频行业开创者。快手致力于创造一个温暖和信任的社区，让更多普通人拥有表达和被看见的机会，并由此培育了繁荣与高互动的社区生态，每天有上千万优质内容上传。
unknown:1982835283,1982835283,unknown,大模型运营管理岗（内容安全/管理/多base）,快手,互联网,已上市,10000人以上,成都-中和,20-40k·16薪,3年以上,大专,五险一金 | 年终奖金 | 节日礼物 | 带薪年假,5月25日更新,招1人,五险一金 | 年终奖金 | 节日礼物 | 带薪年假 | 定期体检 | 公司规模大,标题领域词=内容安全; 标题岗位词=运营; 公司标签=互联网,https://www.liepin.com/zpneironganquan/,https://www.liepin.com/zpneironganquan/pn2/,https://www.liepin.com/job/1982835283.shtml,2026-06-01T14:19:06+08:00,2026-08-17T10:34:33+08:00,"【岗位职责】
1. 团队管理：负责大模型运营团队的目标拆解、任务分派、绩效评估与人才培养。
2. 人审链路优化：带领团队通过 Prompt 工程、模型微调/训练、RAG、Agent 等多种技术手段，持续提升人审链路的自动化过滤能力（如预审、打标、辅助判断），降低人工介入成本与漏误判率。
3. 策略与评测：拆解审核业务违规场景，制定模型策略与评估指标；设计并维护评测集，驱动样本回流与模型迭代。
4. 亲自执行：熟练使用 SQL、Python 完成数据处理与可视化；可独立编写可灰度的 Agent 原型或 PE 方案，作为团队技术兜底与示范。
5. 协同落地：联动审核、产品、算法团队，推动方案上线、灰度实验及线上效果跟踪，量化对“人审过滤率、人工耗时”等核心指标的改善。
【任职要求】
1. 3 年以上内容安全或审核策略经验，其中 1 年以上团队管理经验（直接带人）。
2. 熟练掌握 Prompt 工程（如 few-shot、CoT）、了解模型训练/微调基本流程；熟练使用 Python、SQL。
3. 至少主导过 1 个利用大模型/Agent 优化审核链路并量化收益的项目。
4. 逻辑清晰，跨部门推动力强，对数据敏感，能亲自下场解决复杂问题。
5. 本科及以上学历，计算机、人工智能、统计学等相关专业优先。",快手是内容社区和社交平台，是短视频行业开创者。快手致力于创造一个温暖和信任的社区，让更多普通人拥有表达和被看见的机会，并由此培育了繁荣与高互动的社区生态，每天有上千万优质内容上传。
unknown:1981690291,1981690291,unknown,内容安全运营,拼多多集团-PDD,"互联网,电子商务",10000人以上,,上海-古北,15-30k·16薪,3年以上,本科,五险一金 | 绩效奖金 | 扁平管理 | 餐费补贴,6月5日更新,招1人,五险一金 | 绩效奖金 | 扁平管理 | 餐费补贴 | 交通补助 | 发展空间大 | 管理规范 | 国际知名优势 | 岗位晋升 | 公司规模大,标题领域词=内容安全; 标题岗位词=运营; 公司标签=互联网,https://www.liepin.com/zpneironganquan/ | https://www.liepin.com/zpneironganquanyunying/,https://www.liepin.com/zpneironganquan/pn1/ | https://www.liepin.com/zpneironganquanyunying/pn3/,https://www.liepin.com/job/1981690291.shtml,2026-04-22T12:20:27+08:00,2026-08-17T10:34:33+08:00,"岗位职责：
1. 根据国家法律法规，制定文字、图像等内容安全相关的审核规则与制度；
2. 通过数据分析，找到风险的本质特征，通过产品化的方案，搭建内容安全体系；
3. 优化审核规则、审核策略，协调、管理外包团队，保障平台内容安全；
4. 深入理解互联网内容安全业务，聚焦用户体验，持续优化内部流程和风险模型。
任职要求：
1. 统招本科及以上学历，3年及以上内容安全运营经验，有互联网相关工作经验优先；
2. 逻辑清晰，有一定的数据分析和产品运营能力，较好的业务敏感度；
3. 熟悉内容安全相关法律法规，热衷于内容安全问题的研究。","创立于2015年4月，2018年7月在美国纳斯达克上市（NASDAQ：PDD）。作为新电商创新者，拼多多集团-PDD致力于以创新的消费者体验，融合“多实惠”和“多乐趣”，为广大用户创造持久的价值。
目前，拼多多集团-PDD在国内拥有年活跃买家9亿左右，活跃商家逾1400万，日均在途包裹数超过1亿件，旗下经营有中国大陆地区超大用户规模的电商平台和大型农副产品线上零售平台。
拼多多通过“线上下单+线下自提”的半预购模式，为广大消费者提供实惠、安心、便民的服务，目前已覆盖内地除西藏外的30个省级行政区，提货点开进了全国70%的行政村。
为助力中国制造出海，拼多多集团-PDD于2022年9月推出多多跨境，以新技术赋能出海业务，降低出海门槛，拓宽订单渠道，助力品牌培育，至今已深入中国百余个制造业产业带，推动上万家制造企业的优质产品进入北美、欧洲、亚洲等70多个国家和地区。"
unknown:1982552537,1982552537,unknown,内容安全运营,拼多多集团-PDD,"互联网,电子商务",10000人以上,,上海-古北,15-30k·16薪,经验不限,本科,年终奖金 | 五险一金 | 扁平管理,90天前更新,招10人,年终奖金 | 五险一金 | 扁平管理,标题领域词=内容安全; 标题岗位词=运营; 公司标签=互联网,https://www.liepin.com/zpneironganquan/ | https://www.liepin.com/zpneironganquanyunying/,https://www.liepin.com/zpneironganquan/pn2/ | https://www.liepin.com/zpneironganquanyunying/pn3/,https://www.liepin.com/job/1982552537.shtml,2026-05-21T13:36:40+08:00,2026-08-17T10:34:33+08:00,"岗位职责：
1. 根据国家法律法规，制定文字、图像等内容安全相关的审核规则与制度；
2. 通过数据分析，找到风险的本质特征，通过产品化的方案，搭建内容安全体系；
3. 优化审核规则、审核策略，协调、管理外包团队，保障平台内容安全；
4. 深入理解互联网内容安全业务，聚焦用户体验，持续优化内部流程和风险模型。
任职要求：
1. 统招本科及以上学历，1年及以上内容安全运营经验，有互联网相关工作经验优先；
2. 逻辑清晰，有一定的数据分析和产品运营能力，较好的业务敏感度；
3. 熟悉内容安全相关法律法规，热衷于内容安全问题的研究。","创立于2015年4月，2018年7月在美国纳斯达克上市（NASDAQ：PDD）。作为新电商创新者，拼多多集团-PDD致力于以创新的消费者体验，融合“多实惠”和“多乐趣”，为广大用户创造持久的价值。
目前，拼多多集团-PDD在国内拥有年活跃买家9亿左右，活跃商家逾1400万，日均在途包裹数超过1亿件，旗下经营有中国大陆地区超大用户规模的电商平台和大型农副产品线上零售平台。
拼多多通过“线上下单+线下自提”的半预购模式，为广大消费者提供实惠、安心、便民的服务，目前已覆盖内地除西藏外的30个省级行政区，提货点开进了全国70%的行政村。
为助力中国制造出海，拼多多集团-PDD于2022年9月推出多多跨境，以新技术赋能出海业务，降低出海门槛，拓宽订单渠道，助力品牌培育，至今已深入中国百余个制造业产业带，推动上万家制造企业的优质产品进入北美、欧洲、亚洲等70多个国家和地区。"
unknown:1968313313,1968313313,unknown,内容安全运营,拼多多集团-PDD,"互联网,电子商务",已上市,10000人以上,上海-虹桥,13-25k·16薪,2-5年,本科,,90天前更新,招1人,,标题领域词=内容安全; 标题岗位词=运营; 公司标签=互联网,https://www.liepin.com/zpneironganquan/ | https://www.liepin.com/zpneironganquanyunying/,https://www.liepin.com/zpneironganquan/pn3/ | https://www.liepin.com/zpneironganquanyunying/pn3/,https://www.liepin.com/job/1968313313.shtml,2026-04-14T14:01:30+08:00,2026-08-17T10:34:33+08:00,"岗位职责:
1.根据国家法律法规，制定文字、视频、广告等内容安全相关的审核规则与制度;
2.通过数据分析，行业调研，时政热点，找到风险的本质特征，通过策略或产品化工具搭建治理和风控防控体系;
3.及时根据调研结果或监管需求，调整审核规则、审核策略，协调、管理外包团队，保障平台内容安全;
4.深入理解互联网内容安全业务，聚焦用户体验，持续优化内部流程和风险模型。

任职要求:
1.统招本科及以上学历，2年及以上内容安全运营经验，有主流网站平台相关经验优先;
2.有较强的数据分析和产品运营能力，逻辑清晰条理性强，较好的业务敏感度;
3.富有责任心、热衷于内容安全问题的研究;
4.良好的沟通能力，有多业务方沟通/协调/推动业务落地的经验。","拼多多集团-PDD 公司简介
创立于2015年4月，2018年7月在美国纳斯达克上市（NASDAQ：PDD）。作为新电商创新者，拼多多集团-PDD致力于以创新的消费者体验，融合“多实惠”和“多乐趣”，为广大用户创造持久的价值。 

目前，拼多多集团-PDD在国内拥有年活跃买家9亿左右，活跃商家逾1400万，日均在途包裹数超过1亿件，旗下经营有中国大陆地区超大用户规模的电商平台和大型农副产品线上零售平台。

其中，多多买菜自2020年8月启动以来，通过“线上下单+线下自提”的半预购模式，为广大消费者提供实惠、安心、便民的社区团购服务，目前已覆盖内地除西藏外的30个省级行政区，提货点开进了全国70%的行政村。 

为助力中国制造出海，拼多多集团-PDD于2022年9月推出多多跨境，以新技术赋能出海业务，降低出海门槛，拓宽订单渠道，助力品牌培育，至今已深入中国百余个制造业产业带，推动上万家制造企业的优质产品进入北美、欧洲、亚洲等70多个国家和地区。"
unknown:1960197691,1960197691,unknown,内容安全运营,拼多多集团-PDD,"互联网,电子商务",已上市,10000人以上,上海-仙霞,18-25k·16薪,3年以上,本科,,90天前更新,招1人,,标题领域词=内容安全; 标题岗位词=运营; 公司标签=互联网,https://www.liepin.com/zpneironganquan/ | https://www.liepin.com/zpneironganquanyunying/,https://www.liepin.com/zpneironganquan/pn3/ | https://www.liepin.com/zpneironganquanyunying/pn3/,https://www.liepin.com/job/1960197691.shtml,2026-04-14T14:01:30+08:00,2026-08-17T10:34:33+08:00,"岗位职责
1. 根据国家法律法规，制定文字、图像等内容安全相关的审核规则与制度；
2. 通过数据分析，找到风险的本质特征，通过产品化的方案，搭建内容安全治理体系；
3. 优化审核规则、审核策略，协调、管理外包团队，保障平台内容安全；
4. 深入理解互联网内容安全业务，聚焦用户体验，持续优化内部流程和风险模型。
任职要求
1. 统招本科及以上学历，3年及以上内容安全运营经验，有互联网治理相关工作经验优先；
2. 逻辑清晰，有一定的数据分析和产品运营能力，较好的业务敏感度；
3. 熟悉内容安全相关法律法规，热衷于内容安全问题的研究。","拼多多集团-PDD 公司简介
创立于2015年4月，2018年7月在美国纳斯达克上市（NASDAQ：PDD）。作为新电商创新者，拼多多集团-PDD致力于以创新的消费者体验，融合“多实惠”和“多乐趣”，为广大用户创造持久的价值。 

目前，拼多多集团-PDD在国内拥有年活跃买家9亿左右，活跃商家逾1400万，日均在途包裹数超过1亿件，旗下经营有中国大陆地区超大用户规模的电商平台和大型农副产品线上零售平台。

其中，多多买菜自2020年8月启动以来，通过“线上下单+线下自提”的半预购模式，为广大消费者提供实惠、安心、便民的社区团购服务，目前已覆盖内地除西藏外的30个省级行政区，提货点开进了全国70%的行政村。 

为助力中国制造出海，拼多多集团-PDD于2022年9月推出多多跨境，以新技术赋能出海业务，降低出海门槛，拓宽订单渠道，助力品牌培育，至今已深入中国百余个制造业产业带，推动上万家制造企业的优质产品进入北美、欧洲、亚洲等70多个国家和地区。"
unknown:1979117667,1979117667,unknown,内容安全运营专员,拼多多集团-PDD,"互联网,电子商务",已上市,10000人以上,长宁区,15-20k·16薪,1-3年,本科,,90天前更新,招1人,,标题领域词=内容安全; 标题岗位词=运营; 公司标签=互联网,https://www.liepin.com/zpneironganquan/ | https://www.liepin.com/zpneironganquanyunying/,https://www.liepin.com/zpneironganquan/pn3/ | https://www.liepin.com/zpneironganquanyunying/pn3/,https://www.liepin.com/job/1979117667.shtml,2026-04-14T14:01:30+08:00,2026-08-17T10:34:33+08:00,"岗位职责：
1. 根据国家法律法规，制定文字、图像等内容安全相关的审核规则与制度；
2. 通过数据分析，找到风险的本质特征，通过产品化的方案，搭建内容安全治理体系；
3. 优化审核规则、审核策略，协调、管理外包团队，保障平台内容安全；
4. 深入理解互联网内容安全业务，聚焦用户体验，持续优化内部流程和风险模型。

任职要求：
1. 统招本科及以上学历，1年及以上内容安全运营经验，有互联网治理相关工作经验优先；
2. 逻辑清晰，有一定的数据分析和产品运营能力，较好的业务敏感度；
3. 熟悉内容安全相关法律法规，热衷于内容安全问题的研究。","拼多多集团-PDD 公司简介
创立于2015年4月，2018年7月在美国纳斯达克上市（NASDAQ：PDD）。作为新电商创新者，拼多多集团-PDD致力于以创新的消费者体验，融合“多实惠”和“多乐趣”，为广大用户创造持久的价值。 

目前，拼多多集团-PDD在国内拥有年活跃买家9亿左右，活跃商家逾1400万，日均在途包裹数超过1亿件，旗下经营有中国大陆地区超大用户规模的电商平台和大型农副产品线上零售平台。

其中，多多买菜自2020年8月启动以来，通过“线上下单+线下自提”的半预购模式，为广大消费者提供实惠、安心、便民的社区团购服务，目前已覆盖内地除西藏外的30个省级行政区，提货点开进了全国70%的行政村。 

为助力中国制造出海，拼多多集团-PDD于2022年9月推出多多跨境，以新技术赋能出海业务，降低出海门槛，拓宽订单渠道，助力品牌培育，至今已深入中国百余个制造业产业带，推动上万家制造企业的优质产品进入北美、欧洲、亚洲等70多个国家和地区。"
unknown:1959886579,1959886579,unknown,内容安全运营专员,拼多多集团-PDD,"互联网,电子商务",已上市,10000人以上,上海-仙霞,15-20k·16薪,1-3年,本科,五险一金,90天前更新,招1人,五险一金,标题领域词=内容安全; 标题岗位词=运营; 公司标签=互联网,https://www.liepin.com/zpneironganquan/ | https://www.liepin.com/zpneironganquanyunying/,https://www.liepin.com/zpneironganquan/pn3/ | https://www.liepin.com/zpneironganquanyunying/pn3/,https://www.liepin.com/job/1959886579.shtml,2026-04-14T14:01:30+08:00,2026-08-17T10:34:33+08:00,"岗位职责：
1. 根据国家法律法规，制定文字、图像等内容安全相关的审核规则与制度；
2. 通过数据分析，找到风险的本质特征，通过产品化的方案，搭建内容安全治理体系；
3. 优化审核规则、审核策略，协调、管理外包团队，保障平台内容安全；
4. 深入理解互联网内容安全业务，聚焦用户体验，持续优化内部流程和风险模型。

任职要求：
1. 统招本科及以上学历，1年及以上内容安全运营经验，有互联网治理相关工作经验优先；
2. 逻辑清晰，有一定的数据分析和产品运营能力，较好的业务敏感度；
3. 熟悉内容安全相关法律法规，热衷于内容安全问题的研究。","拼多多集团-PDD 公司简介
创立于2015年4月，2018年7月在美国纳斯达克上市（NASDAQ：PDD）。作为新电商创新者，拼多多集团-PDD致力于以创新的消费者体验，融合“多实惠”和“多乐趣”，为广大用户创造持久的价值。 

目前，拼多多集团-PDD在国内拥有年活跃买家9亿左右，活跃商家逾1400万，日均在途包裹数超过1亿件，旗下经营有中国大陆地区超大用户规模的电商平台和大型农副产品线上零售平台。

其中，多多买菜自2020年8月启动以来，通过“线上下单+线下自提”的半预购模式，为广大消费者提供实惠、安心、便民的社区团购服务，目前已覆盖内地除西藏外的30个省级行政区，提货点开进了全国70%的行政村。 

为助力中国制造出海，拼多多集团-PDD于2022年9月推出多多跨境，以新技术赋能出海业务，降低出海门槛，拓宽订单渠道，助力品牌培育，至今已深入中国百余个制造业产业带，推动上万家制造企业的优质产品进入北美、欧洲、亚洲等70多个国家和地区。"
unknown:1959886379,1959886379,unknown,内容安全运营专家,拼多多集团-PDD,"互联网,电子商务",已上市,10000人以上,上海-仙霞,15-25k·16薪,3-5年,本科,五险一金,90天前更新,招1人,五险一金,标题领域词=内容安全; 标题岗位词=运营; 公司标签=互联网,https://www.liepin.com/zpneironganquan/ | https://www.liepin.com/zpneironganquanyunying/,https://www.liepin.com/zpneironganquan/pn3/ | https://www.liepin.com/zpneironganquanyunying/pn3/,https://www.liepin.com/job/1959886379.shtml,2026-04-14T14:01:30+08:00,2026-08-17T10:34:33+08:00,"岗位职责：
1. 根据国家法律法规，制定文字、图像等内容安全相关的审核规则与制度；
2. 通过数据分析，找到风险的本质特征，通过产品化的方案，搭建内容安全治理体系；
3. 优化审核规则、审核策略，协调、管理外包团队，保障平台内容安全；
4. 深入理解互联网内容安全业务，聚焦用户体验，持续优化内部流程和风险模型。

任职要求：
1. 统招本科及以上学历，3年及以上内容安全运营经验，有互联网治理相关工作经验优先；
2. 逻辑清晰，有一定的数据分析和产品运营能力，较好的业务敏感度；
3. 熟悉内容安全相关法律法规，热衷于内容安全问题的研究。","拼多多集团-PDD 公司简介
创立于2015年4月，2018年7月在美国纳斯达克上市（NASDAQ：PDD）。作为新电商创新者，拼多多集团-PDD致力于以创新的消费者体验，融合“多实惠”和“多乐趣”，为广大用户创造持久的价值。 

目前，拼多多集团-PDD在国内拥有年活跃买家9亿左右，活跃商家逾1400万，日均在途包裹数超过1亿件，旗下经营有中国大陆地区超大用户规模的电商平台和大型农副产品线上零售平台。

其中，多多买菜自2020年8月启动以来，通过“线上下单+线下自提”的半预购模式，为广大消费者提供实惠、安心、便民的社区团购服务，目前已覆盖内地除西藏外的30个省级行政区，提货点开进了全国70%的行政村。 

为助力中国制造出海，拼多多集团-PDD于2022年9月推出多多跨境，以新技术赋能出海业务，降低出海门槛，拓宽订单渠道，助力品牌培育，至今已深入中国百余个制造业产业带，推动上万家制造企业的优质产品进入北美、欧洲、亚洲等70多个国家和地区。"
unknown:1978114283,1978114283,unknown,风控运营-供应链管理,拼多多集团-PDD,"互联网,电子商务",10000人以上,,上海-古北,30-60k·16薪,2年以上,本科,,,,,标题领域词=风控; 标题岗位词=运营; 公司标签=互联网,https://www.liepin.com/zpfengkongyunying/,https://www.liepin.com/zpfengkongyunying/pn1/,https://www.liepin.com/job/1978114283.shtml,2026-04-14T14:01:30+08:00,2026-08-17T10:34:33+08:00,,
unknown:1970540799,1970540799,unknown,支付风控运营专员,携程集团,"互联网,旅游",已上市,10000人以上,上海-北新泾,15-22k·16薪,3-5年,本科,五险一金 | 年终奖金 | 绩效奖金,90天前更新,招1人,五险一金 | 年终奖金 | 绩效奖金,标题领域词=风控; 标题岗位词=运营; 公司标签=互联网,https://www.liepin.com/zpfengkongyunying/,https://www.liepin.com/zpfengkongyunying/pn2/,https://www.liepin.com/job/1970540799.shtml,2026-04-14T14:01:30+08:00,2026-08-17T10:34:33+08:00,"岗位职责：
1、负责跟踪客商户全生命周期的风险防控工作，包括KYC识别、风险监测、巡检、持续尽职调查、风险处置等事宜。
2、负责总结风险趋势，给出风险建议并调整商户的准入政策与流程；帮助策略团队同步优化风险管理策略的落地并监督分析执行效果。
3、负责对业务部门进行有效、合理的定期培训工作。
4、负责提出与跟进落地商户风险管理系统需求及验收工作。
5、完成部门内部分配的其他工作。

岗位要求：
1、 本科以上学历，法律、金融等相关专业优先
2、 三年以上支付行业经验，有商户管理、风控经验者优先
3、具备一定的英文基础，通过CET-6级优先
4、思维严谨、逻辑性强、适应学习能力强
5、具备良好的跨部门沟通、协调能力","携程集团是全球知名的一站式旅游服务供货商，旗下品牌包括*********、携程、Skyscanner及去哪儿网。携程集团于1999年创立，2003年在纳斯达克上市（NASDAQ: TCOM），2021年在香港交易所正式挂牌（HKEX: 09961）。携程集团为世界各地旅客全方位搜罗及整合旅游信息，让用户可以轻松预订旅游产品及服务，做出最精明的选择。集团品牌已构建先进成熟的交易平台，包括移动客户端、网页，以及24小时全球客户服务支持。通过携程集团丰富的产品及创新的营销策略，合作伙伴及供货商得以接触快速增长的全球用户。携程集团一直毋忘初衷，秉承「追求完美旅程，共建美好世界」的宗旨，致力为所有用户打造完美的旅行体验。
*********Group is a global travel service provider comprising of ********, Ctrip, Skyscanner, and Qunar. Across its platforms, ******** Group helps travellers around the world make informed and cost-effective bookings for travel products and services, and enables partners to connect their offerings with users through the aggregation of comprehensive travel-related content and resources, and an advanced transaction platform consisting of apps, websites and 24/7 customer service centers. Founded in 1999 and listed on NASDAQ in 2003 and HKEX in 2021, ******** Group has become one of the best-known travel groups in the world, with the mission ""to pursue the perfect trip for a better world""."
unknown:1969865737,1969865737,unknown,海外支付风险运营主管,携程集团,"互联网,旅游",已上市,10000人以上,上海-北新泾,12-22k·16薪,1-3年,本科,五险一金 | 年终奖金 | 绩效奖金,90天前更新,招1人,五险一金 | 年终奖金 | 绩效奖金,标题领域词=风险; 标题岗位词=运营; 公司标签=互联网,https://www.liepin.com/zpfengxianyunying/,https://www.liepin.com/zpfengxianyunying/pn1/,https://www.liepin.com/job/1969865737.shtml,2026-04-14T14:01:30+08:00,2026-08-17T10:34:33+08:00,"侦测海外交易欺诈风险/拒付争议处理 
 金融、经济、商务英语类等相关专业本科及以上学历 
1、负责海外风险交易实时侦测、监控，保持风险控制团队在业内的优势地位； 
2、负责欺诈案件调查、分析，熟悉了解欺诈手法、模式； 
3、负责海外收单与卡组或商户之间拒付争议处理； 
4、配合银行、发卡机构、第三方支付公司等外部组织进行欺诈案件协查，定期交流； 
1、英语类专业毕业优先，英文可作为工作语言 
2、有1-2年运营经验，具有良好的沟通、协调能力，良好的团队合作精神； 
3、品行端正，诚实守信，廉洁自律，遵纪守法； 
4、能承受工作压力，接受新事物，乐于面对挑战，学习能力强；","携程集团是全球知名的一站式旅游服务供货商，旗下品牌包括*********、携程、Skyscanner及去哪儿网。携程集团于1999年创立，2003年在纳斯达克上市（NASDAQ: TCOM），2021年在香港交易所正式挂牌（HKEX: 09961）。携程集团为世界各地旅客全方位搜罗及整合旅游信息，让用户可以轻松预订旅游产品及服务，做出最精明的选择。集团品牌已构建先进成熟的交易平台，包括移动客户端、网页，以及24小时全球客户服务支持。通过携程集团丰富的产品及创新的营销策略，合作伙伴及供货商得以接触快速增长的全球用户。携程集团一直毋忘初衷，秉承「追求完美旅程，共建美好世界」的宗旨，致力为所有用户打造完美的旅行体验。
*********Group is a global travel service provider comprising of ********, Ctrip, Skyscanner, and Qunar. Across its platforms, ******** Group helps travellers around the world make informed and cost-effective bookings for travel products and services, and enables partners to connect their offerings with users through the aggregation of comprehensive travel-related content and resources, and an advanced transaction platform consisting of apps, websites and 24/7 customer service centers. Founded in 1999 and listed on NASDAQ in 2003 and HKEX in 2021, ******** Group has become one of the best-known travel groups in the world, with the mission ""to pursue the perfect trip for a better world""."
unknown:1983590901,1983590901,unknown,支付风控运营经理,易宝支付,互联网,C轮融资,1000-2000人,上海-陆家嘴,12-24k·14薪,经验不限,本科,,6月22日更新,招3人,,标题领域词=风控; 标题岗位词=运营; 公司标签=互联网,https://www.liepin.com/zpfengkongyunying/,https://www.liepin.com/zpfengkongyunying/pn1/,https://www.liepin.com/job/1983590901.shtml,2026-06-23T10:02:48+08:00,2026-08-17T10:34:33+08:00,"一、岗位职责

承接跨境贸易事后风险工单，响应监控异动发现，对资金、物流等信息作有效筛查和归类。

开展商户巡检、取证核实、风险定性等工作，分析欺诈/反洗钱风险特征，反馈风险策略和政策。

制定核查SOP，优化规则，结合经验输出风险分析，提升团队对场景风险的理解和对变化趋势的把握。

二、任职要求

本科及以上，1-3 年支付机构风控 / 合规反洗钱 / 事中事后核查经验，底线风险意识佳。
2. 对数据敏感、工作细致严谨，逻辑分析和沟通能力强，对跨境外贸有了解。有数据分析能力和经验者优先。","易宝支付有限公司是国内**的独立第三方支付公司，于2011年5月26日获得央行发放的首批第三方支付业务许可证。

公司自2003年8月成立以来一直致力于为广大商家和消费者提供“安全、简单、快乐”的专业电子支付解决方案和服务。并以随需应变，量身定制为原则，陆续推出了航旅，游戏、网上购物、教育考试等行业的专用支付解决方案。
易宝支付在电子支付领域创新而务实的风格、**的技术和负责任的爱心企业公民形象，深得银行等合作伙伴认同。易宝支付的卓越服务得到了业界的广泛认可。

公益事业：
2008年5月12日，易宝支付联合北京市红十字会为汶川地震开通网上捐款平台，半月内募款逾1800万元，与阿里巴巴、腾讯一起成为国内三大捐款平台。

所获荣誉： 1、“**支付平台” ；2、“中国互联网100强/创新500强”；3、“最可信赖电子支付品牌”； 4、“电子支付创新奖”等奖项；5、 2007年10月，易宝支付 和 携程、海尔电子商务、中国人保等一起成为中国电子商协会首批**信用等级“AAA 级信用企业”。
 
目前签约的中大型商家包括：百度、搜狐、易趣、当当、慧聪、九城、盛大、完美世界，海南航空、深圳航空、四川航空、南航电子商务公司等。
战略合作伙伴：目前已与中国联通、IBM、上海电信， VISA国际信用卡组织、中国工商银行等30余家建立了战略合作。

我们将提供各项具有竞争力的员工福利：包括补充商业医疗保险、带薪病假、员工生日假、生日会、各种文体活动等。
公司总部位于北京，在上海、广州、成都、深圳均设有分支机构。
欲了解更多信息，敬请访问：**************"
unknown:1982134157,1982134157,unknown,风控运营专家（跨境支付方向）,易宝支付,互联网,C轮融资,1000-2000人,上海-陆家嘴,30-50k·15薪,5年以上,本科,,90天前更新,招1人,,标题领域词=风控; 标题岗位词=运营; 公司标签=互联网,https://www.liepin.com/zpfengkongyunying/,https://www.liepin.com/zpfengkongyunying/pn1/,https://www.liepin.com/job/1982134157.shtml,2026-05-03T12:50:12+08:00,2026-08-17T10:34:33+08:00,"海外、跨境业务风险运营管理经验。对标跨境出海业务公司的一线风控及合规管理岗位。
1、深耕高风险商户尽调与洗钱评级，精准识别交易欺诈、制裁风险，主导事前事中事后审核与回溯监控。
2、基于商户需求提供定制化风控服务，适配跨境支付监管要求，推动风险处置闭环。
3、5年+跨境支付/电商经验，熟悉贸易链路风险点，英语沟通助力多国合规协作。
4、强执行力+跨部门协调力，支撑团队高效运转，灵活应对突发风控需求。

职位描述：
1. 管理风险运营调查小组，及时完成各类已分配的风险运营任务及可交付成果，且对体验及底线指标负责。
2. 负责制定和管理风险审核的SOP，帮助审核人员有效分析案情、定性并处置风险。
3. 持续监控案例并输出案件分析报告，助力风控团队深入了解风险区域、作案手法，输出切实可行的策略建议，以协助改进流程、调整政策。
4. 与风控技术和产品团队协作，主导并推动风险案件管理系统的优化，确保产品功能和性能能够充分满足风险管理的日常审核运营需求。
5. 组织团队进行贸易形态积累、风险特征挖掘、客户体验痛点分析，对业务形成知识反馈，形成良性循环。

职位要求：
1. 拥有5年及以上银行、跨境支付风控领域相关岗位一线工作及团队管理经验，具备专业能力及敏锐的风险洞察力。
2. 较强的体系化思维和结构化表达能力，能够从日常工作中总结提炼方法，构建整体性运营体系和实施路径。
3. 较强的ownerhip，好奇心与主动性，在复杂环境和高并发情形下具备较强的抗压能力和问题解决能力。","易宝支付有限公司是国内**的独立第三方支付公司，于2011年5月26日获得央行发放的首批第三方支付业务许可证。

公司自2003年8月成立以来一直致力于为广大商家和消费者提供“安全、简单、快乐”的专业电子支付解决方案和服务。并以随需应变，量身定制为原则，陆续推出了航旅，游戏、网上购物、教育考试等行业的专用支付解决方案。
易宝支付在电子支付领域创新而务实的风格、**的技术和负责任的爱心企业公民形象，深得银行等合作伙伴认同。易宝支付的卓越服务得到了业界的广泛认可。

公益事业：
2008年5月12日，易宝支付联合北京市红十字会为汶川地震开通网上捐款平台，半月内募款逾1800万元，与阿里巴巴、腾讯一起成为国内三大捐款平台。

所获荣誉： 1、“**支付平台” ；2、“中国互联网100强/创新500强”；3、“最可信赖电子支付品牌”； 4、“电子支付创新奖”等奖项；5、 2007年10月，易宝支付 和 携程、海尔电子商务、中国人保等一起成为中国电子商协会首批**信用等级“AAA 级信用企业”。
 
目前签约的中大型商家包括：百度、搜狐、易趣、当当、慧聪、九城、盛大、完美世界，海南航空、深圳航空、四川航空、南航电子商务公司等。
战略合作伙伴：目前已与中国联通、IBM、上海电信， VISA国际信用卡组织、中国工商银行等30余家建立了战略合作。

我们将提供各项具有竞争力的员工福利：包括补充商业医疗保险、带薪病假、员工生日假、生日会、各种文体活动等。
公司总部位于北京，在上海、广州、成都、深圳均设有分支机构。
欲了解更多信息，敬请访问：**************"
unknown:75963319,75963319,unknown,风控策略运营专家,某互联网公司,互联网/电商,融资未公开,10000人以上,杭州,35-50k·16薪,5-10年,本科,,7月29日更新,招1人,,标题领域词=风控; 标题岗位词=运营; 公司标签=互联网,https://www.liepin.com/zpfengkongyunying/,https://www.liepin.com/zpfengkongyunying/pn4/,https://www.liepin.com/a/75963319.shtml,2026-05-23T12:52:11+08:00,2026-08-17T10:34:33+08:00,"岗位描述
负责平台商家合规经营、履约能力提升的建设与优化;
2、从业务、支付、价格等角度挖掘风险特征，设计并实施风险解决方案;
3、深入分析平台风险数据，通过大数据能力挖掘平台风险，提前感知并预警风险;监控风险指标，识别异常并制定干预措施，确保业务风险可控，推动风险管理流程持续优化。
岗位要求
1、数学、统计、安全、风险管理相关专业，大学本科学历以上:
有5年以上安全相关的工作经验，有电商风控、金融风控，风险分析、数据化运营经验者优先;良好的沟通能力，较强的逻辑思维能力和跨部门协同能力，能够独立开展项目;熟练掌握SOL/python/R等分析语言及工具，熟练掌握风险分析技巧;具有敏锐的风,险意识和风险判断力，对风险控制有深刻理解，思维敏捷，学习能力强",
unknown:78403173,78403173,unknown,AI付安全风险运营专家,某北京大型互联网公司,互联网,战略融资,5000-10000人,长沙,6-9k,经验不限,本科,,8月13日更新,招1人,,标题领域词=风险; 标题岗位词=运营; 公司标签=互联网,https://www.liepin.com/zpfengxianyunying/,https://www.liepin.com/zpfengxianyunying/,https://www.liepin.com/a/78403173.shtml,2026-08-03T12:49:08+08:00,2026-08-17T10:34:33+08:00,"岗位职责

1、负责AI付场景下盗用、赌博、欺诈、洗钱等资金底线风险的研判与排查，基于交易异常行为、流量上下文、黑灰产攻击特征等进行深度流量分析、风险定性及处置运营；

2、负责新AI产品上线前的资金底线风险评估验证，识别新型支付模式与AI交互场景下的潜在风险敞口，联动业务方制定风险缓释方案，控制增量风险；

3、负责AI付资金底线风险域攻防效果的日常监控运营，追踪风险水位变化，联动业务方及上下游对问题与薄弱环节推动修复闭环；

4、负责黑产信息调研与采集，追踪黑灰产攻击手法演变，挖掘AI付场景下的新型攻击模式与安全防护缺失，制定检测规则与策略，补齐响应及检测能力。

岗位要求

1、本科及以上学历，计算机、信息安全、数学等相关专业毕业，有1年以上安全运营或风险分析经验；

2、熟悉HTTP协议，具备流量日志分析与风险溯源能力，能从海量数据中提炼攻击特征和风险模式；

3、了解盗用、赌博、欺诈、洗钱等常见资金风险形态，有相关风险研判或案件排查经验者优先；

4、至少掌握Java/Python/Go/Node等一门开发语言，熟练掌握SQL，具备数据分析和自动化运营能力；

5、有黑产情报调研、攻防对抗或渗透测试经验者优先；

6、有owner意识和担当，执行力强，具备良好的风险敏感度、沟通协作及跨团队推动能力。",
unknown:78551685,78551685,unknown,商户准入风险值班运营,某北京大型互联网公司,互联网,战略融资,5000-10000人,杭州,9-14k,经验不限,本科,,8月13日更新,招1人,,标题领域词=风险; 标题岗位词=运营; 公司标签=互联网,https://www.liepin.com/zpfengxianyunying/,https://www.liepin.com/zpfengxianyunying/,https://www.liepin.com/a/78551685.shtml,2026-08-13T11:33:02+08:00,2026-08-17T10:34:33+08:00,"岗位职责

1. 准入风险值班日常对接

● 负责准入风险值班的日常工单处理与对接

● 保障任务的处理时效和解决率

● 对值班中发现的问题进行归因分析，提出策略优化建议

2. 重点客户与特殊场景保障

● KA 商家工单及时响应与处理

● 重保期间（大促、重大活动）的专项保障

● BD 渠道相关问题的快速响应

● 特殊问题处理（包括提额申请等）

3. 负面舆情与极端客诉处理

● 负责签约准入相关的负面舆情监测与处理

● 极端客诉案例（涉及跳楼等高风险）的应急响应

● 确保季度内无极端客诉舆情导致的向上投诉

● 建立舆情预警与升级机制

4. 数据分析与优化

● 整理值班期间的典型 Case，输出分析报告

● 识别流程堵点与体验问题，推动产品/规则优化

● 沉淀常见问题 FAQ 与处理 SOP

任职要求

基本条件

● 本科及以上学历，1 年以上商户风控、合规审核、客服运营或相关经验

● 熟悉商户准入、签约流程及相关风险点

专业能力

● 具备风险敏感度，能快速识别高风险案例

● 有工单处理或客服运营经验，熟悉 SLA 管理

● 具备危机处理能力，能冷静应对极端客诉场景

● 有数据整理与问题归纳能力，Excel/SQL等工具，能独立完成风险数据的提取、分析与可视化

软性素质

● 细致认真、耐心负责，具备优秀的沟通能力与服务意识

● 抗压能力强，能适应值班工作节奏

● 情绪稳定，能妥善处理高风险客诉场景

加分项

● 有商户准入、KYC 相关项目经验

● 有舆情处理或危机公关经验

● 熟悉支付宝/网商商户准入规则

● 有 KA 商家服务或重保经验",
unknown:78634741,78634741,unknown,商户风险联防运营,某北京大型互联网公司,互联网,战略融资,5000-10000人,杭州,8-13k,经验不限,本科,,8月13日更新,招1人,,标题领域词=风险; 标题岗位词=运营; 公司标签=互联网,https://www.liepin.com/zpfengxianyunying/,https://www.liepin.com/zpfengxianyunying/,https://www.liepin.com/a/78634741.shtml,2026-08-13T11:33:02+08:00,2026-08-17T10:34:33+08:00,"岗位职责：
负责商户对外风险联防运营，为商户提供风险交易异常拦截&风险交易排查咨询、消费者投诉咨询及处置、安全产品推荐及安全产品接入技术保障等基础联防服务。
1、咨询解答：对于商户咨询解答引导，并主动梳理沉淀标准化对客文档，持续为商户输出标准、优质、稳定的服务；
2、分析总结：对风险案件进行审理、分析、总结，为内部提供综合决策支持，对异常问题进行搜集、整理、汇总，推动产品/规则/流程优化；
3、智能化建设：针对联防基础能力建设并持有优化自动化运营流程和部署，持续提升联防运营效率及标准化建设。
岗位要求：
1、本科学历，2年以上风险运营相关工作经验，金融、统计、信息安全、风险管理等相关专业优先；
2、具有极佳的内外沟通及协调能力，自驱性及抗压能力强，有责任感和团队精神适应对外服务需求响应及承接；",
unknown:76366087,76366087,unknown,美股风控运营（远程办公）,某北京大型互联网公司,互联网,融资未公开,5000-10000人,北京,30-50k,3-5年,本科,,6月22日更新,招1人,,标题领域词=风控; 标题岗位词=运营; 公司标签=互联网,https://www.liepin.com/zpfengkongyunying/,https://www.liepin.com/zpfengkongyunying/pn1/,https://www.liepin.com/a/76366087.shtml,2026-06-13T13:46:17+08:00,2026-08-17T10:34:33+08:00,"岗位职责：



负责公司自营 Omnibus 美股业务Margin 保证金交易、融券做空、美股期权的日常风控运营，把控盘中、盘后持仓风险。
负责保证金杠杆管控、维持保证金监控、追保与强平流程执行，防范杠杆透支风险。
负责融券业务风控：券源额度管理、做空头寸监控、做空风险预警、异常头寸处置。
核心重点：独立负责美股期权交易风险管理，包含期权持仓敞口、保证金校验、到期行权风险、异常期权交易监控与处置。
对接上游托管券商，核对风控头寸、处理风险差异，跟进各类交易异常、交割风险闭环。
日常风控指标监控、风险台账记录、周报日报输出，配合合规、清结算、交易团队完成风险核查。


任职要求：



本科及以上学历，3年以上美股券商 / 自营机构风控运营经验。
硬性必备：同时具备美股 Margin、融券做空、美股期权风控运营实操经验，熟悉美股全品类交易风控逻辑。
熟悉美股交易规则、保证金制度、期权风险机制，懂持仓敞口、风险系数、强平逻辑。
英文可读写，能看懂海外券商风控报表与系统；熟练 Excel，数据敏感、严谨细心、抗压性强。
加分项

有头部券商、美股自营机构风控经验；熟悉期权组合策略风控；有风控流程优化、系统对接经验，
持有FRM/FCA证书者优先",
unknown:78599283,78599283,unknown,IDC风险运营专家-杭州/上海/深圳,某大型电商企业,互联网/电商,融资未公开,10000人以上,深圳,35-65k·18薪,经验不限,本科,,8月4日更新,招1人,,标题领域词=风险; 标题岗位词=运营; 公司标签=互联网,https://www.liepin.com/zpfengxianyunying/,https://www.liepin.com/zpfengxianyunying/,https://www.liepin.com/a/78599283.shtml,2026-08-13T11:33:02+08:00,2026-08-17T10:34:33+08:00,"岗位描述
1、IDC海外及智算项目全周期风险管理
? 负责海外及智算项目 在选址-建设-测试接维-运维 全生命周期的风险飞检，制定飞检标准并按照标准严格执行；【飞检执行】
? 通过线上飞检与实地飞检相结合的方式，识别项目任意切片的核心风险，通过风险检查机制的设立确保主要风险能够被识别；【风险识别能力】
? 负责推动责任团队做风险治理并跟踪至风险关闭，避免稳定性风险或资损合规累风险扩大；【风险治理】
2、IDC海外及智算项目风险归因
? 基于飞检识别的核心风险按期进行归因分析，识别风险背后存在的机制问题、执行问题，并出具风险识别和归因分析报告；【归因分析】
? 对于海外及智算机房，定制归因分析模型并不断优化，提升风险归因的准确率和效率，实现AI自动归因、流程自动化【归因工具】
3、IDC海外及智算机房 KCP管控体系建设
? 持续总结项目风险运营经验，优化海外及智算项目KCP管理体系，通过持续运营提升项目管理质量与合规性。【体系建设和迭代】
岗位要求
? 5年以上数据中心的管理经验，主导过海外大型数据中心项目选址/设计/交付/接维/运维工作，精通数据中心架构配置与技术标准，电气/暖通/自控专业背景；
? 英文可作为工作语言，保障海外工作高效开展，接受全球高频出差；
? 能够通过数据中心技术标准、管理行为、项目过程资料等各类数据识别核心风险，具备搭建IDC全生命周期风险管控工作、平台的能力，并逐步实现数据线上化、AI化；
? 深刻理解数据中心业务的全链路业务逻辑，保持行业风险的敏感性，向内优化风控管理方式，能够将单点风险复制到数据中心全生命周期；
? 能够推动完成已识别风险的归因分析和跟踪治理，判断风险是否具有普遍性，将表征风险和潜在风险 复制到数据中心全生命周期进行全量治理；
? 持续了解并学习行业内的新技术、新理论、新方法，并能适时应用到风险识别和管控工作中，保持行业最新动态的敏感性；
? 精通项目管理的目标规划、优先级定义及资源分配、全过程执行与管理、计划偏差控制、横向资源拉通和协调等；
? 定期review项目，必要时做项目的优先级变更及资源平衡等工作，确保组织战略意图、战略方向以及战略进展的一致性；
? 擅长项目组合的整体交付，完成组织既定目标，实现战略达成。",
unknown:78113195,78113195,unknown,IDC风险运营专家,某大型知名互联网公司,"互联网,云计算/大数据",已上市,10000人以上,深圳,30-60k·16薪,3年以上,本科,,7月21日更新,招1人,,标题领域词=风险; 标题岗位词=运营; 公司标签=互联网,https://www.liepin.com/zpfengxianyunying/,https://www.liepin.com/zpfengxianyunying/,https://www.liepin.com/a/78113195.shtml,2026-08-03T12:49:08+08:00,2026-08-17T10:34:33+08:00,"岗位描述
1、IDC海外及智算项目全周期风险管理
• 负责海外及智算项目 在选址-建设-测试接维-运维 全生命周期的风险飞检，制定飞检标准并按照标准严格执行；【飞检执行】
• 通过线上飞检与实地飞检相结合的方式，识别项目任意切片的核心风险，通过风险检查机制的设立确保主要风险能够被识别；【风险识别能力】
• 负责推动责任团队做风险治理并跟踪至风险关闭，避免稳定性风险或资损合规累风险扩大；【风险治理】
2、IDC海外及智算项目风险归因
• 基于飞检识别的核心风险按期进行归因分析，识别风险背后存在的机制问题、执行问题，并出具风险识别和归因分析报告；【归因分析】
• 对于海外及智算机房，定制归因分析模型并不断优化，提升风险归因的准确率和效率，实现AI自动归因、流程自动化【归因工具】
3、IDC海外及智算机房 KCP管控体系建设
• 持续总结项目风险运营经验，优化海外及智算项目KCP管理体系，通过持续运营提升项目管理质量与合规性。【体系建设和迭代】
岗位要求
• 5年以上数据中心的管理经验，主导过海外大型数据中心项目选址/设计/交付/接维/运维工作，精通数据中心架构配置与技术标准，电气/暖通/自控专业背景；
• 英文可作为工作语言，保障海外工作高效开展，接受全球高频出差；
• 能够通过数据中心技术标准、管理行为、项目过程资料等各类数据识别核心风险，具备搭建IDC全生命周期风险管控工作、平台的能力，并逐步实现数据线上化、AI化；
• 深刻理解数据中心业务的全链路业务逻辑，保持行业风险的敏感性，向内优化风控管理方式，能够将单点风险复制到数据中心全生命周期；
• 能够推动完成已识别风险的归因分析和跟踪治理，判断风险是否具有普遍性，将表征风险和潜在风险 复制到数据中心全生命周期进行全量治理；
• 持续了解并学习行业内的新技术、新理论、新方法，并能适时应用到风险识别和管控工作中，保持行业最新动态的敏感性；
• 精通项目管理的目标规划、优先级定义及资源分配、全过程执行与管理、计划偏差控制、横向资源拉通和协调等；
• 定期review项目，必要时做项目的优先级变更及资源平衡等工作，确保组织战略意图、战略方向以及战略进展的一致性；
• 擅长项目组合的整体交付，完成组织既定目标，实现战略达成。",
unknown:78113097,78113097,unknown,IDC风险运营专家,某大型知名互联网公司,"互联网,云计算/大数据",已上市,10000人以上,上海,30-60k·16薪,3年以上,本科,,7月21日更新,招1人,,标题领域词=风险; 标题岗位词=运营; 公司标签=互联网,https://www.liepin.com/zpfengxianyunying/,https://www.liepin.com/zpfengxianyunying/,https://www.liepin.com/a/78113097.shtml,2026-08-03T12:49:08+08:00,2026-08-17T10:34:33+08:00,"岗位描述
1、IDC海外及智算项目全周期风险管理
• 负责海外及智算项目 在选址-建设-测试接维-运维 全生命周期的风险飞检，制定飞检标准并按照标准严格执行；【飞检执行】
• 通过线上飞检与实地飞检相结合的方式，识别项目任意切片的核心风险，通过风险检查机制的设立确保主要风险能够被识别；【风险识别能力】
• 负责推动责任团队做风险治理并跟踪至风险关闭，避免稳定性风险或资损合规累风险扩大；【风险治理】
2、IDC海外及智算项目风险归因
• 基于飞检识别的核心风险按期进行归因分析，识别风险背后存在的机制问题、执行问题，并出具风险识别和归因分析报告；【归因分析】
• 对于海外及智算机房，定制归因分析模型并不断优化，提升风险归因的准确率和效率，实现AI自动归因、流程自动化【归因工具】
3、IDC海外及智算机房 KCP管控体系建设
• 持续总结项目风险运营经验，优化海外及智算项目KCP管理体系，通过持续运营提升项目管理质量与合规性。【体系建设和迭代】
岗位要求
• 5年以上数据中心的管理经验，主导过海外大型数据中心项目选址/设计/交付/接维/运维工作，精通数据中心架构配置与技术标准，电气/暖通/自控专业背景；
• 英文可作为工作语言，保障海外工作高效开展，接受全球高频出差；
• 能够通过数据中心技术标准、管理行为、项目过程资料等各类数据识别核心风险，具备搭建IDC全生命周期风险管控工作、平台的能力，并逐步实现数据线上化、AI化；
• 深刻理解数据中心业务的全链路业务逻辑，保持行业风险的敏感性，向内优化风控管理方式，能够将单点风险复制到数据中心全生命周期；
• 能够推动完成已识别风险的归因分析和跟踪治理，判断风险是否具有普遍性，将表征风险和潜在风险 复制到数据中心全生命周期进行全量治理；
• 持续了解并学习行业内的新技术、新理论、新方法，并能适时应用到风险识别和管控工作中，保持行业最新动态的敏感性；
• 精通项目管理的目标规划、优先级定义及资源分配、全过程执行与管理、计划偏差控制、横向资源拉通和协调等；
• 定期review项目，必要时做项目的优先级变更及资源平衡等工作，确保组织战略意图、战略方向以及战略进展的一致性；
• 擅长项目组合的整体交付，完成组织既定目标，实现战略达成。",
unknown:78113035,78113035,unknown,IDC风险运营专家,某大型知名互联网公司,"互联网,云计算/大数据",已上市,10000人以上,杭州,30-60k·16薪,3年以上,本科,,7月21日更新,招1人,,标题领域词=风险; 标题岗位词=运营; 公司标签=互联网,https://www.liepin.com/zpfengxianyunying/,https://www.liepin.com/zpfengxianyunying/pn1/,https://www.liepin.com/a/78113035.shtml,2026-08-03T12:49:08+08:00,2026-08-17T10:34:33+08:00,"岗位描述
1、IDC海外及智算项目全周期风险管理
• 负责海外及智算项目 在选址-建设-测试接维-运维 全生命周期的风险飞检，制定飞检标准并按照标准严格执行；【飞检执行】
• 通过线上飞检与实地飞检相结合的方式，识别项目任意切片的核心风险，通过风险检查机制的设立确保主要风险能够被识别；【风险识别能力】
• 负责推动责任团队做风险治理并跟踪至风险关闭，避免稳定性风险或资损合规累风险扩大；【风险治理】
2、IDC海外及智算项目风险归因
• 基于飞检识别的核心风险按期进行归因分析，识别风险背后存在的机制问题、执行问题，并出具风险识别和归因分析报告；【归因分析】
• 对于海外及智算机房，定制归因分析模型并不断优化，提升风险归因的准确率和效率，实现AI自动归因、流程自动化【归因工具】
3、IDC海外及智算机房 KCP管控体系建设
• 持续总结项目风险运营经验，优化海外及智算项目KCP管理体系，通过持续运营提升项目管理质量与合规性。【体系建设和迭代】
岗位要求
• 5年以上数据中心的管理经验，主导过海外大型数据中心项目选址/设计/交付/接维/运维工作，精通数据中心架构配置与技术标准，电气/暖通/自控专业背景；
• 英文可作为工作语言，保障海外工作高效开展，接受全球高频出差；
• 能够通过数据中心技术标准、管理行为、项目过程资料等各类数据识别核心风险，具备搭建IDC全生命周期风险管控工作、平台的能力，并逐步实现数据线上化、AI化；
• 深刻理解数据中心业务的全链路业务逻辑，保持行业风险的敏感性，向内优化风控管理方式，能够将单点风险复制到数据中心全生命周期；
• 能够推动完成已识别风险的归因分析和跟踪治理，判断风险是否具有普遍性，将表征风险和潜在风险 复制到数据中心全生命周期进行全量治理；
• 持续了解并学习行业内的新技术、新理论、新方法，并能适时应用到风险识别和管控工作中，保持行业最新动态的敏感性；
• 精通项目管理的目标规划、优先级定义及资源分配、全过程执行与管理、计划偏差控制、横向资源拉通和协调等；
• 定期review项目，必要时做项目的优先级变更及资源平衡等工作，确保组织战略意图、战略方向以及战略进展的一致性；
• 擅长项目组合的整体交付，完成组织既定目标，实现战略达成。",
unknown:78477791,78477791,unknown,风控运营总监,某成都互联网公司,"互联网,网络/信息安全,云计算/大数据",融资未公开,100-499人,成都,40-60k·15薪,10年以上,本科,,8月14日更新,招1人,,标题领域词=风控; 标题岗位词=运营; 公司标签=互联网,https://www.liepin.com/zpfengkongyunying/,https://www.liepin.com/zpfengkongyunying/,https://www.liepin.com/a/78477791.shtml,2026-08-03T12:49:08+08:00,2026-08-17T10:34:33+08:00,"数据链风控（核心）
●建立企业端→政府端数据全链路风控机制，确保数据采集、传输、存储、展示全节点可审计、防篡改；
●制定数据质量 SLA 标准，监控企业端数据上报的完整性、及时性、真实性，识别数据断流、数据造假、延迟超标等异常；
●牵头搭建数据异常预警体系：传感器离线、关键指标突变、数据趋势异常等场景的自动化告警与处置；
●协同技术团队推进区块链存证、数字签名等数据可信技术在产品中的落地。
政企合规管理
●跟踪住建领域法规政策（安全生产法、建筑法、数据安全法、个人信息保护法），输出政策解读与合规应对方案；
●主导政府监管平台合规审查：确保平台通过住建部门验收标准，满足政务信息系统建设管理要求；
●跟进信创适配要求，确保产品在国产化环境中合规运行。
业务连续性风控
●定期组织双端联动应急演练，验收恢复时间目标（RTO）和恢复点目标（RPO）。
项目交付风险管控
●建立政企项目招投标合规审查流程：投标承诺能兑现、合同条款不踩红线、交付标准可量化；
●监控在施项目的交付进度、数据接入质量、验收风险，前置预警延期或验收不通过的风险。
数据主权与隐私保护。
团队建设
●从 0 到 1 搭建风控运营团队（策略、数据合规、业务连续性、审计方向）；

任职要求
●8 年以上风控/合规/信息安全相关经验，其中 3 年以上团队管理经验
●有产业互联网、物联网（IoT）、政企 SaaS 或 B2G 行业背景
●有等保 2.0、密评实战经验，有信创合规经验者加分
●有对接住建、应急管理、交通等部门项目经验者优先
●理解 IoT + SaaS 双端联动的技术架构，能把技术风险翻译成业务语言
●熟悉政企项目招采流程（政府采购法、招标投标法），能识别合同条款中的隐性风险
●跨部门推动力强，能在政府客户、产研团队、交付团队三方之间建立风控共识
特质
●冷静果断，在应急事件中能快速定方案",
unknown:78795545,78795545,unknown,风控运营总监,某成都互联网公司,"互联网,网络/信息安全,云计算/大数据",融资未公开,100-499人,高新区,40-60k·13薪,8年以上,本科,,8月11日更新,招1人,,标题领域词=风控; 标题岗位词=运营; 公司标签=互联网,https://www.liepin.com/zpfengkongyunying/,https://www.liepin.com/zpfengkongyunying/,https://www.liepin.com/a/78795545.shtml,2026-08-13T11:33:02+08:00,2026-08-17T10:34:33+08:00,"岗位职责：
1.组织实施、配合开展公司风险管理相关工作，包括但不限于专题风险管理项目、日常重要业务风险监控、编制年度风险管理报告、组织编写《风险管理手册》、按上级单位要求开展的相应工作等；
2.组织实施、配合开展公司内控评价相关工作，包括但不限定期修订《内控矩阵》，组织开展内控自评及复评，组织开展年度和专题内控检查，编制内控建设评价报告，按上级单位要求开展的相应工作等；
3.根据需要参与部门的审计项目；
4.完成部门安排的其他工作。
职位要求：
1.全日制本科及以上学历；
2.8 年以上风控/合规/信息安全经验，产业互联网/政企 SaaS 背景；",
unknown:78795361,78795361,unknown,风控运营总监,某成都互联网公司,"互联网,网络/信息安全,云计算/大数据",融资未公开,100-499人,高新区,40-60k·13薪,8年以上,本科,,8月11日更新,招1人,,标题领域词=风控; 标题岗位词=运营; 公司标签=互联网,https://www.liepin.com/zpfengkongyunying/,https://www.liepin.com/zpfengkongyunying/,https://www.liepin.com/a/78795361.shtml,2026-08-13T11:33:02+08:00,2026-08-17T10:34:33+08:00,"岗位职责：
1.组织实施、配合开展公司风险管理相关工作，包括但不限于专题风险管理项目、日常重要业务风险监控、编制年度风险管理报告、组织编写《风险管理手册》、按上级单位要求开展的相应工作等；
2.组织实施、配合开展公司内控评价相关工作，包括但不限定期修订《内控矩阵》，组织开展内控自评及复评，组织开展年度和专题内控检查，编制内控建设评价报告，按上级单位要求开展的相应工作等；
3.根据需要参与部门的审计项目；
4.完成部门安排的其他工作。
职位要求：
1.全日制本科及以上学历；
2.8 年以上风控/合规/信息安全经验，产业互联网/政企 SaaS 背景；",
unknown:78122701,78122701,unknown,风控运营总监,某成都互联网公司,"互联网,网络/信息安全,云计算/大数据",融资未公开,100-499人,成都,40-70k,5-10年,学历不限,,7月21日更新,招1人,,标题领域词=风控; 标题岗位词=运营; 公司标签=互联网,https://www.liepin.com/zpfengkongyunying/,https://www.liepin.com/zpfengkongyunying/,https://www.liepin.com/a/78122701.shtml,2026-08-03T12:49:08+08:00,2026-08-17T10:34:33+08:00,"风控运营总监
汇报对象： COO/CEO 
工作地点： 成都 
薪资范围： 面议（期权+薪酬）

岗位职责
数据链风控（核心）
● 建立企业端→政府端数据全链路风控机制，确保数据采集、传输、存储、展示全节点可审计、防篡改；
● 制定数据质量 SLA 标准，监控企业端数据上报的完整性、及时性、真实性，识别数据断流、数据造假、延迟超标等异常；
● 牵头搭建数据异常预警体系：传感器离线、关键指标突变、数据趋势异常等场景的自动化告警与处置；
● 协同技术团队推进区块链存证、数字签名等数据可信技术在产品中的落地。
政企合规管理
● 跟踪住建领域法规政策（安全生产法、建筑法、数据安全法、个人信息保护法），输出政策解读与合规应对方案；
● 主导政府监管平台合规审查：确保平台通过住建部门验收标准，满足政务信息系统建设管理要求；
● 跟进信创适配要求，确保产品在国产化环境中合规运行。
业务连续性风控
● 建立双端 SLA 监控体系：企业端故障直接影响政府监管能力，确保核心数据链路高可用；
● 制定极端场景应急预案：大面积传感器离线、网络攻击、数据中台故障等场景的应急响应流程；
● 定期组织双端联动应急演练，验收恢复时间目标（RTO）和恢复点目标（RPO）。
项目交付风险管控
● 建立政企项目招投标合规审查流程：投标承诺能兑现、合同条款不踩红线、交付标准可量化；
● 监控在施项目的交付进度、数据接入质量、验收风险，前置预警延期或验收不通过的风险；
● 协同售前团队把控售前承诺的可交付性，避免中标后做不了的系统性风险。
数据主权与隐私保护
● 建立政企数据分类分级体系，明确什么数据上政府端、什么数据留企业端、什么数据需双向同步；
● 确保数据采集边界清晰：施工现场实名制、人脸识别等涉及个人隐私的数据，采集与使用全程合规；
● 主导数据安全事件应急响应机制，定期开展渗透测试与安全审计。
团队建设
● 从 0 到 1 搭建风控运营团队（策略、数据合规、业务连续性、审计方向）；
● 推动全员风险意识培训，让销售、交付、产研都理解不是能不能做，而是做了会不会出事。

任职要求
经验
● 8 年以上风控/合规/信息安全相关经验，其中 3 年以上团队管理经验
● 有产业互联网、物联网（IoT）、政企 SaaS 或 B2G 行业背景
● 有等保 2.0、密评实战经验，有信创合规经验者加分
● 有对接住建、应急管理、交通等部门项目经验者优先
能力
● 理解 IoT + SaaS 双端联动的技术架构，能把技术风险翻译成业务语言
● 熟悉政企项目招采流程（政府采购法、招标投标法），能识别合同条款中的隐性风险
● 数据驱动：能搭建风险监控 Dashboard，用指标和趋势数据说话
● 跨部门推动力强，能在政府客户、产研团队、交付团队三方之间建立风控共识
特质
● 理解政企合作中的安全是及格线，不是加分项——红线意识必须刻在骨子里
● 能和住建部门领导、国央企甲方平等对话，既讲政策也讲技术
● 业务导向的风控思维：不是为了卡业务，而是为了让业务睡得着觉
● 冷静果断，在应急事件中能快速定级、定责、定方案",
unknown:76374757,76374757,unknown,风控运营总监,某成都知名公司,"互联网,网络/信息安全,云计算/大数据",融资未公开,100-499人,成都,35-50k,5-10年,本科,,8月13日更新,招1人,,标题领域词=风控; 标题岗位词=运营; 公司标签=互联网,https://www.liepin.com/zpfengkongyunying/,https://www.liepin.com/zpfengkongyunying/,https://www.liepin.com/a/76374757.shtml,2026-06-13T13:46:17+08:00,2026-08-17T10:34:33+08:00," 数据链风控（核心）
 建立企业端→政府端数据全链路风控机制，确保数据采集、传输、存储、展示全节点可审计、防篡改；
 制定数据质量 SLA 标准，监控企业端数据上报的完整性、及时性、真实性，识别数据断流、数据造假、延迟超标等异常；
 牵头搭建数据异常预警体系：传感器离线、关键指标突变、数据趋势异常等场景的自动化告警与处置；
 协同技术团队推进区块链存证、数字签名等数据可信技术在产品中的落地。
 政企合规管理
 跟踪住建领域法规政策（安全生产法、建筑法、数据安全法、个人信息保护法），输出政策解读与合规应对方案；
 主导政府监管平台合规审查：确保平台通过住建部门验收标准，满足政务信息系统建设管理要求；
 跟进信创适配要求，确保产品在国产化环境中合规运行。
 业务连续性风控
 建立双端 SLA 监控体系：企业端故障直接影响政府监管能力，确保核心数据链路高可用；
 制定极端场景应急预案：大面积传感器离线、网络攻击、数据中台故障等场景的应急响应流程；
 定期组织双端联动应急演练，验收恢复时间目标（RTO）和恢复点目标（RPO）。
 项目交付风险管控
 建立政企项目招投标合规审查流程：投标承诺能兑现、合同条款不踩红线、交付标准可量化；
 监控在施项目的交付进度、数据接入质量、验收风险，前置预警延期或验收不通过的风险；
 协同售前团队把控售前承诺的可交付性，避免中标后做不了的系统性风险。
 数据主权与隐私保护
 建立政企数据分类分级体系，明确什么数据上政府端、什么数据留企业端、什么数据需双向同步；
 确保数据采集边界清晰：施工现场实名制、人脸识别等涉及个人隐私的数据，采集与使用全程合规；
 主导数据安全事件应急响应机制，定期开展渗透测试与安全审计。
 团队建设
 从 0 到 1 搭建风控运营团队（策略、数据合规、业务连续性、审计方向）；
 推动全员风险意识培训，让销售、交付、产研都理解不是能不能做，而是做了会不会出事",
unknown:77143601,77143601,unknown,P7-IDC风险运营专家-杭州/上海/深圳,某杭州互联网上市公司,"互联网,云计算/大数据",已上市,10000人以上,杭州,30-60k·16薪,10年以上,本科,,7月17日更新,招1人,,标题领域词=风险; 标题岗位词=运营; 公司标签=互联网,https://www.liepin.com/zpfengxianyunying/,https://www.liepin.com/zpfengxianyunying/pn1/,https://www.liepin.com/a/77143601.shtml,2026-07-03T12:59:01+08:00,2026-08-17T10:34:33+08:00,"P7-IDC风险运营专家-杭州/上海/深圳

岗位描述
1、IDC海外及智算项目全周期风险管理
• 负责海外及智算项目 在选址-建设-测试接维-运维 全生命周期的风险飞检，制定飞检标准并按照标准严格执行；【飞检执行】
• 通过线上飞检与实地飞检相结合的方式，识别项目任意切片的核心风险，通过风险检查机制的设立确保主要风险能够被识别；【风险识别能力】
• 负责推动责任团队做风险治理并跟踪至风险关闭，避免稳定性风险或资损合规累风险扩大；【风险治理】
2、IDC海外及智算项目风险归因
• 基于飞检识别的核心风险按期进行归因分析，识别风险背后存在的机制问题、执行问题，并出具风险识别和归因分析报告；【归因分析】
• 对于海外及智算机房，定制归因分析模型并不断优化，提升风险归因的准确率和效率，实现AI自动归因、流程自动化【归因工具】
3、IDC海外及智算机房 KCP管控体系建设
• 持续总结项目风险运营经验，优化海外及智算项目KCP管理体系，通过持续运营提升项目管理质量与合规性。【体系建设和迭代】

岗位要求
• 5年以上数据中心的管理经验，主导过海外大型数据中心项目选址/设计/交付/接维/运维工作，精通数据中心架构配置与技术标准，电气/暖通/自控专业背景；
• 英文可作为工作语言，保障海外工作高效开展，接受全球高频出差；
• 能够通过数据中心技术标准、管理行为、项目过程资料等各类数据识别核心风险，具备搭建IDC全生命周期风险管控工作、平台的能力，并逐步实现数据线上化、AI化；
• 深刻理解数据中心业务的全链路业务逻辑，保持行业风险的敏感性，向内优化风控管理方式，能够将单点风险复制到数据中心全生命周期；
• 能够推动完成已识别风险的归因分析和跟踪治理，判断风险是否具有普遍性，将表征风险和潜在风险 复制到数据中心全生命周期进行全量治理；
• 持续了解并学习行业内的新技术、新理论、新方法，并能适时应用到风险识别和管控工作中，保持行业最新动态的敏感性；
• 精通项目管理的目标规划、优先级定义及资源分配、全过程执行与管理、计划偏差控制、横向资源拉通和协调等；
• 定期review项目，必要时做项目的优先级变更及资源平衡等工作，确保组织战略意图、战略方向以及战略进展的一致性；
• 擅长项目组合的整体交付，完成组织既定目标，实现战略达成。

人才画像是
1. 做过数据中心领域的风险运营和管理
2. 做专业领域工作转风险治理方向也可以
2.1 工程选址和工程管理方向（要求有海外项目经验）
2.2 IT运维方向
2.3 设施运维方向

3. 英语能力出色
4. 可以出差海外做飞检
5. base杭州，深圳，上海
6. HC：3",
unknown:77226549,77226549,unknown,阿里云智能-IDC风险运营专家,某杭州互联网上市公司,"互联网,云计算/大数据",已上市,10000人以上,杭州,45-75k·16薪,5-10年,本科,,6月29日更新,招1人,,标题领域词=风险; 标题岗位词=运营; 公司标签=互联网,https://www.liepin.com/zpfengxianyunying/,https://www.liepin.com/zpfengxianyunying/pn1/,https://www.liepin.com/a/77226549.shtml,2026-07-03T12:59:01+08:00,2026-08-17T10:34:33+08:00,"工作职责
1、IDC海外及智算项目全周期风险管理
·负责海外及智算项目 在选址-建设-测试接维-运维 全生命周期的风险飞检，制定飞检标准并按照标准严格执行;【飞检执行】
·通过线上飞检与实地飞检相结合的方式，识别项目任意切片的核心风险，通过风险检查机制的设立确保主要风险能够被识别;【风险识别能力】
负责推动责任团队做风险治理并跟踪至风险关闭，避免稳定性风险或资损合规累风险扩大:【风险治理】
2、IDC海外及智算项目风险归因
·基于飞检识别的核心风险按期进行归因分析，识别风险背后存在的机制问题、执行问题，并出具风险识别和归因分析报告;【归因分析】
·对于海外及智算机房，定制归因分析模型并不断优化，提升风险归因的准确率和效率，实现AI自动归因、流程自动化【归因工具)
3、IDC海外及智算机房 KCP管控体系建设
·持续总结项目风险运营经验，优化海外及智算项目KCP管理体系，通过持续运营提升项目管理质量与合规性。【体系建设和迭代】

任职要求
。5年以上数据中心的管理经验，主导过海外大型数据中心项目选址/设计/交付/接维/运维工作，精通数据中心架构配置与技术标准，电气/暖通/自控专业背景,
·英文可作为工作语言，保障海外工作高效开展，接受全球高频出差:
·能够通过数据中心技术标准、管理行为、项目过程资料等各类数据识别核心风险，具备搭建IDC全生命周期风险管控工作、平台的能力，并逐步实现数据线上化、AI化;
·深刻理解数据中心业务的全链路业务逻辑，保持行业风险的敏感性，向内优化风控管理方式，能够将单点风险复制到数据中心全生命周期;
，能够推动完成已识别风险的归因分析和跟踪治理，判断风险是否具有普遍性，将表征风险和潜在风险,复制到数据中心全生命周期进行全量治理:
·持续了解并学习行业内的新技术、新理论、新方法，并能适时应用到风险识别和管控工作中，保持行业最新动态的敏感性，
·精通项目管理的目标规划、优先级定义及资源分配、全过程执行与管理、计划偏差控制，横向资源拉通和协调等:
。定期review项目，必要时做项目的优先级变更及资源平衡等工作，确保组织战略意图、战略方向以及战略进展的一致性;
·擅长项目组合的整体交付，完成组织既定目标，实现战略达成。",
unknown:78863165,78863165,unknown,风控策略运营,某杭州大型计算机软件公司,"计算机软件,互联网",2000-5000人,,杭州,30-50k·16薪,5年以上,本科,,8月12日更新,招1人,,标题领域词=风控; 标题岗位词=运营; 公司标签=互联网,https://www.liepin.com/zpfengkong/ | https://www.liepin.com/zpfengkongyunying/,https://www.liepin.com/zpfengkong/pn4/ | https://www.liepin.com/zpfengkongyunying/,https://www.liepin.com/a/78863165.shtml,2026-08-13T11:33:02+08:00,2026-08-17T10:34:33+08:00,"### 岗位描述

1、负责平台商家合规经营、履约能力提升的建设与优化；
2、从业务、支付、价格等角度挖掘风险特征，基于算法构建高质量特征体系，构建并实施风险解决方案；
3、深入分析平台风险数据，通过大数据能力挖掘平台风险，提前感知并预警风险；
4、监控风险指标，识别异常并制定干预措施，确保业务风险可控，推动风险管理流程持续优化。

### 岗位要求

1、数学、统计、安全、风险管理相关专业，大学本科学历以上；
2、有 5 年以上安全相关的工作经验，有电商风控、金融风控，风险分析、数据化运营经验者优先，有实际落地的智能体 Agent 开发项目经验；
3、良好的沟通能力，较强的逻辑思维能力和跨部门协同能力，能够独立开展项目；
4、熟练掌握 SQL/python/R 等分析语言及工具，熟练掌握风险分析技巧，有好奇心，主动探索新技术在风控场景的应用，并具备产品思维，能够从用户和业务视角出发，设计可落地、可扩展的风控解决方案；
5、具有敏锐的风险意识和风险判断力，对风险控制有深刻理解，思维敏捷，学习能力强。",
unknown:78426375,78426375,unknown,平台结算运营｜资金风控 + 体系搭建,某深圳互联网医疗上市公司,"互联网医疗,IT服务",已上市,2000-5000人,深圳,15-25k·16薪,4-10年,本科,,7月30日更新,招1人,,标题领域词=风控; 标题岗位词=运营; 公司标签=互联网,https://www.liepin.com/zpfengkongyunying/,https://www.liepin.com/zpfengkongyunying/pn3/,https://www.liepin.com/a/78426375.shtml,2026-08-03T12:49:08+08:00,2026-08-17T10:34:33+08:00,"【岗位职责】
1、承接线上平台 + 线下业务结算新需求，对接第三方支付机构，梳理上下游付款、开票规则，输出系统需求文档；联动业务、产研、测试团队推进结算功能上线、持续迭代优化。
2、搭建并持续完善结算标准化操作文档，培训内部作业人员与合作商户；对接渠道、商户、支付公司完成应收应付核对、开票确认、结算执行，定位并闭环各类结算差异，保障平台、商户、渠道、银行账务数据一致。
3、制定商户、渠道资金收付计划，跟进渠道理赔垫款追偿，管控下游商户付款节奏，保障资金流转平稳。
4、全流程管理发票：追踪渠道发票回收，推动商户开票；处理加急开票、发票作废、红冲重开等各类税务票据需求。
5、依托银行监管账户体系搭建多主体结算规则，保障每日交易流水合规运行，全链路识别并防控资金风险。
6、应收风控与回款管理：搭建应收台账、账龄分析、分级催收体系，识别坏账风险；联动业务、法务落地欠款追缴工作。
7、统筹合同全生命周期管理，搭建合同预审、用印、归档、风险预警机制，规范合同流转流程。
8、对接财务、BI 团队，推动结算数据自动核算、自动化采集，持续提升结算数字化水平。

【任职要求】
1、本科及以上学历，5 年及以上平台结算相关工作经验；
2、拥有头部互联网平台结算实操经验，精通应收应付对账全流程，擅长通过数据分析定位结算漏洞，并推动问题闭环解决；
3、具备结算系统需求梳理、项目落地经验，拥有较强跨团队项目推动与多方沟通协调能力；
4、熟练使用 Office（Excel 高阶函数优先），能够理解基础数据逻辑；
5、工作沉稳细致、逻辑性强，具备极强资金风险意识，抗压能力良好；

优先考虑：互联网医疗、医药电商、健康服务平台结算经验；熟悉商保、第三方支付、资金监管体系者加分。",
unknown:76288031,76288031,unknown,风控运营,某深圳大型互联网公司,"互联网,计算机软件",融资未公开,500-999人,深圳,30-50k,3-5年,学历不限,,8月14日更新,招1人,,标题领域词=风控; 标题岗位词=运营; 公司标签=互联网,https://www.liepin.com/zpfengkongyunying/,https://www.liepin.com/zpfengkongyunying/,https://www.liepin.com/a/76288031.shtml,2026-06-03T14:16:53+08:00,2026-08-17T10:34:33+08:00,"负责公司自营 Omnibus 美股业务Margin 保证金交易、融券做空、美股期权的日常风控运营，把控盘中、盘后持仓风险。
负责保证金杠杆管控、维持保证金监控、追保与强平流程执行，防范杠杆透支风险。
负责融券业务风控：券源额度管理、做空头寸监控、做空风险预警、异常头寸处置。
核心重点：独立负责美股期权交易风险管理，包含期权持仓敞口、保证金校验、到期行权风险、异常期权交易监控与处置。
对接上游托管券商，核对风控头寸、处理风险差异，跟进各类交易异常、交割风险闭环。
日常风控指标监控、风险台账记录、周报日报输出，配合合规、清结算、交易团队完成风险核查。",
unknown:76280909,76280909,unknown,风控运营,某深圳大型互联网公司,"互联网,计算机软件",融资未公开,500-999人,上海,30-50k,5-10年,本科,,6月1日更新,招1人,,标题领域词=风控; 标题岗位词=运营; 公司标签=互联网,https://www.liepin.com/zpfengkongyunying/,https://www.liepin.com/zpfengkongyunying/pn1/,https://www.liepin.com/a/76280909.shtml,2026-06-03T14:16:53+08:00,2026-08-17T10:34:33+08:00,"岗位职责：
负责自营Omnibus美股业务二级清算、交割结算全流程运营，保障资金、证券交割准确安全。
每日对接上游托管券商，完成现金、证券头寸对账，独立排查、跟进、闭环处理对账差异（Break）。
监控每日结算状态，处理交割失败、待处理交易等结算异常，协调内外部资源降低交割风险。
负责股票各类公司行动（分红、拆股、合并等）及转仓清算的核对与落地，保障公司权益。
严格遵守股票结算规则及内部制度，做好结算风险监控、排查与上报。
熟练操作内部清结算系统，完成数据录入、结算指令下发、对账确认，参与系统自动化优化。
输出日/周/月结算报表、差异台账、风险数据，配合财务、合规完成审计核查。
联动交易、风控、技术、财务团队，优化结算流程，提升整体运营效率。",
unknown:76280899,76280899,unknown,风控运营,某深圳大型互联网公司,"互联网,计算机软件",融资未公开,500-999人,北京,30-50k,5-10年,本科,,6月1日更新,招1人,,标题领域词=风控; 标题岗位词=运营; 公司标签=互联网,https://www.liepin.com/zpfengkongyunying/,https://www.liepin.com/zpfengkongyunying/pn1/,https://www.liepin.com/a/76280899.shtml,2026-06-03T14:16:53+08:00,2026-08-17T10:34:33+08:00,"岗位职责：
负责自营Omnibus美股业务二级清算、交割结算全流程运营，保障资金、证券交割准确安全。
每日对接上游托管券商，完成现金、证券头寸对账，独立排查、跟进、闭环处理对账差异（Break）。
监控每日结算状态，处理交割失败、待处理交易等结算异常，协调内外部资源降低交割风险。
负责股票各类公司行动（分红、拆股、合并等）及转仓清算的核对与落地，保障公司权益。
严格遵守股票结算规则及内部制度，做好结算风险监控、排查与上报。
熟练操作内部清结算系统，完成数据录入、结算指令下发、对账确认，参与系统自动化优化。
输出日/周/月结算报表、差异台账、风险数据，配合财务、合规完成审计核查。
联动交易、风控、技术、财务团队，优化结算流程，提升整体运营效率。",
unknown:76280887,76280887,unknown,风控运营,某深圳大型互联网公司,"互联网,计算机软件",融资未公开,500-999人,深圳,30-50k,5-10年,本科,,6月1日更新,招1人,,标题领域词=风控; 标题岗位词=运营; 公司标签=互联网,https://www.liepin.com/zpfengkongyunying/,https://www.liepin.com/zpfengkongyunying/pn1/,https://www.liepin.com/a/76280887.shtml,2026-06-03T14:16:53+08:00,2026-08-17T10:34:33+08:00,"岗位职责：
负责自营Omnibus美股业务二级清算、交割结算全流程运营，保障资金、证券交割准确安全。
每日对接上游托管券商，完成现金、证券头寸对账，独立排查、跟进、闭环处理对账差异（Break）。
监控每日结算状态，处理交割失败、待处理交易等结算异常，协调内外部资源降低交割风险。
负责股票各类公司行动（分红、拆股、合并等）及转仓清算的核对与落地，保障公司权益。
严格遵守股票结算规则及内部制度，做好结算风险监控、排查与上报。
熟练操作内部清结算系统，完成数据录入、结算指令下发、对账确认，参与系统自动化优化。
输出日/周/月结算报表、差异台账、风险数据，配合财务、合规完成审计核查。
联动交易、风控、技术、财务团队，优化结算流程，提升整体运营效率。",
unknown:76267115,76267115,unknown,风控运营（美股）,某深圳大型互联网公司,"互联网,计算机软件",融资未公开,500-999人,深圳,30-60k,5-10年,本科,,今日更新,招1人,,标题领域词=风控; 标题岗位词=运营; 公司标签=互联网,https://www.liepin.com/zpfengkongyunying/,https://www.liepin.com/zpfengkongyunying/,https://www.liepin.com/a/76267115.shtml,2026-06-03T14:16:53+08:00,2026-08-17T10:34:33+08:00,"岗位职责：
1.负责公司自营 Omnibus 美股业务Margin 保证金、融券做空、美股期权的日常风控运营，把控盘中、盘后持仓风险。
2.负责保证金杠杆管控、维持保证金监控、追保与强平流程执行，防范杠杆透支风险。
3.负责融券业务风控：券源额度管理、做空头寸监控、做空风险预警、异常头寸处置。
4.核心重点：独立负责美股期权风险管理，包含期权持仓敞口、保证金校验、到期行权风险、异常期权监控与处置。
5.对接上游托管券商，核对风控头寸、处理风险差异，跟进各类异常、交割风险闭环。
6.日常风控指标监控、风险台账记录、周报日报输出，配合合规、清结算团队完成风险核查。

任职要求：
1.本科及以上学历，3年以上美股券商 / 自营机构风控运营经验。
2.硬性必备：同时具备美股 Margin、融券做空、美股期权风控运营实操经验，熟悉美股全品类交易风控逻辑。
3.熟悉美股规则、保证金制度、期权风险机制，懂持仓敞口、风险系数、强平逻辑。
4.英文可读写，能看懂海外券商风控报表与系统；熟练 Excel，数据敏感、严谨细心、抗压性强。
加分项
有头部券商、美股自营机构风控经验；熟悉期权组合策略风控；有风控流程优化、系统对接经验，
持有FRM/FCA证书者优先",
unknown:78137097,78137097,unknown,内容安全/风控运营专家,某知名互联网,互联网/电商,已上市,10000人以上,北京,40-65k·15薪,10年以上,本科,,7月22日更新,招1人,,"标题领域词=内容安全,风控; 标题岗位词=运营; 公司标签=互联网",https://www.liepin.com/zpneironganquan/ | https://www.liepin.com/zpfengkongyunying/,https://www.liepin.com/zpneironganquan/ | https://www.liepin.com/zpfengkongyunying/,https://www.liepin.com/a/78137097.shtml,2026-08-02T12:40:57+08:00,2026-08-17T10:34:33+08:00,"职位描述
1. 利用AGI新技术构建内容安全防控流程，基于大模型和新范式对现有的风险识别、情报舆情感知、监管指令等流程进行升级，联动算法、产技等团队建设内容安全域的新范式、新能力；风险域内容安全、商品禁限售优先
2. 风控识别能力建设及算法运营。基于监管趋势、外部舆情和其他要求提前储备建设内容安全识别能力，基于能力效果指标等SLA机制触发，做好能力效果监控和数据分析，包括漏防分析、准确率效果调优，常态化联动算法进行能力建设和升级；
3. 需求承接及解决方案输出。完善业务侧内容安全防控链路，及时承接日常业务诉求，给出基于现有风控产品能力的产品解决方案，并协调产品、技术实现需求；
4. 风险识别管控。掌握内容安全相关舆情或法律法规、政策动向，主动识别业务平台相关风险
职位要求
1、3年以上风控领域从业经验，如果有内容安全相关经验优先，有大模型相关新技术运营和应用背景优先
2、基础SQL获取数据能力和数据分析能力，有算法相关工作背景优先；学习能力强优先
3、有优秀的跨团队沟通能力，善于资源整合并能够快速落地
4、工作有激情，有创新精神，且善于深挖需求，分析需求，整合需求",
unknown:78137095,78137095,unknown,内容安全/风控运营专家,某知名互联网,互联网/电商,已上市,10000人以上,上海,40-60k·15薪,10年以上,本科,,7月22日更新,招1人,,"标题领域词=内容安全,风控; 标题岗位词=运营; 公司标签=互联网",https://www.liepin.com/zpneironganquan/ | https://www.liepin.com/zpfengkongyunying/,https://www.liepin.com/zpneironganquan/ | https://www.liepin.com/zpfengkongyunying/,https://www.liepin.com/a/78137095.shtml,2026-08-02T12:40:57+08:00,2026-08-17T10:34:33+08:00,"职位描述
1. 利用AGI新技术构建内容安全防控流程，基于大模型和新范式对现有的风险识别、情报舆情感知、监管指令等流程进行升级，联动算法、产技等团队建设内容安全域的新范式、新能力；风险域内容安全、商品禁限售优先
2. 风控识别能力建设及算法运营。基于监管趋势、外部舆情和其他要求提前储备建设内容安全识别能力，基于能力效果指标等SLA机制触发，做好能力效果监控和数据分析，包括漏防分析、准确率效果调优，常态化联动算法进行能力建设和升级；
3. 需求承接及解决方案输出。完善业务侧内容安全防控链路，及时承接日常业务诉求，给出基于现有风控产品能力的产品解决方案，并协调产品、技术实现需求；
4. 风险识别管控。掌握内容安全相关舆情或法律法规、政策动向，主动识别业务平台相关风险
职位要求
1、3年以上风控领域从业经验，如果有内容安全相关经验优先，有大模型相关新技术运营和应用背景优先
2、基础SQL获取数据能力和数据分析能力，有算法相关工作背景优先；学习能力强优先
3、有优秀的跨团队沟通能力，善于资源整合并能够快速落地
4、工作有激情，有创新精神，且善于深挖需求，分析需求，整合需求",
unknown:77152051,77152051,unknown,IDC风险运营专家,某知名互联网公司,"互联网,云计算/大数据",已上市,10000人以上,上海,40-70k·16薪,5-10年,本科,,6月25日更新,招1人,,标题领域词=风险; 标题岗位词=运营; 公司标签=互联网,https://www.liepin.com/zpfengxianyunying/,https://www.liepin.com/zpfengxianyunying/pn1/,https://www.liepin.com/a/77152051.shtml,2026-07-03T12:59:01+08:00,2026-08-17T10:34:33+08:00,"职位详情
岗位描述
1、IDC海外及智算项目全周期风险管理
? 负责海外及智算项目 在选址-建设-测试接维-运维 全生命周期的风险飞检，制定飞检标准并按照标准严格执行；【飞检执行】
? 通过线上飞检与实地飞检相结合的方式，识别项目任意切片的核心风险，通过风险检查机制的设立确保主要风险能够被识别；【风险识别能力】
? 负责推动责任团队做风险治理并跟踪至风险关闭，避免稳定性风险或资损合规累风险扩大；【风险治理】
2、IDC海外及智算项目风险归因
? 基于飞检识别的核心风险按期进行归因分析，识别风险背后存在的机制问题、执行问题，并出具风险识别和归因分析报告；【归因分析】
? 对于海外及智算机房，定制归因分析模型并不断优化，提升风险归因的准确率和效率，实现AI自动归因、流程自动化【归因工具】
3、IDC海外及智算机房 KCP管控体系建设
? 持续总结项目风险运营经验，优化海外及智算项目KCP管理体系，通过持续运营提升项目管理质量与合规性。【体系建设和迭代】
岗位要求
? 5年以上数据中心的管理经验，主导过海外大型数据中心项目选址/设计/交付/接维/运维工作，精通数据中心架构配置与技术标准，电气/暖通/自控专业背景；
? 英文可作为工作语言，保障海外工作高效开展，接受全球高频出差；
? 能够通过数据中心技术标准、管理行为、项目过程资料等各类数据识别核心风险，具备搭建IDC全生命周期风险管控工作、平台的能力，并逐步实现数据线上化、AI化；
? 深刻理解数据中心业务的全链路业务逻辑，保持行业风险的敏感性，向内优化风控管理方式，能够将单点风险复制到数据中心全生命周期；
? 能够推动完成已识别风险的归因分析和跟踪治理，判断风险是否具有普遍性，将表征风险和潜在风险 复制到数据中心全生命周期进行全量治理；
? 持续了解并学习行业内的新技术、新理论、新方法，并能适时应用到风险识别和管控工作中，保持行业最新动态的敏感性；
? 精通项目管理的目标规划、优先级定义及资源分配、全过程执行与管理、计划偏差控制、横向资源拉通和协调等；
? 定期review项目，必要时做项目的优先级变更及资源平衡等工作，确保组织战略意图、战略方向以及战略进展的一致性；
? 擅长项目组合的整体交付，完成组织既定目标，实现战略达成。",
unknown:77017469,77017469,unknown,用户运营专家（信贷分期）-风控策略方向,某知名互联网公司,互联网金融,B轮融资,5000-10000人,杭州,35-55k·16薪,5-10年,本科,,8月12日更新,招1人,,标题领域词=风控; 标题岗位词=运营; 公司标签=互联网,https://www.liepin.com/zpfengkongyunying/,https://www.liepin.com/zpfengkongyunying/,https://www.liepin.com/a/77017469.shtml,2026-07-03T12:59:01+08:00,2026-08-17T10:34:33+08:00,"岗位描述
1、为分期规模增长负责，全链路提升分期交易转化率；
2、基于数据分析、消费者洞察，差异化运营金融要素，提升授信效率，促进用户分期支用；
3、通过数据分析，商业逻辑推演找到经营问题，并提出解决方案；
4、孵化创新产品，通过运营策略、风险策略、产品规则等，跑通经营模式，兼顾业务健康度带动规模增长。
岗位要求
1、有银行或大型互联网平台消费金融运营经验优先；有贷前、贷中风控策略经验优先；5年以上工作经验；
2、逻辑清晰且有思辨能力，具有较好的框架及抽象的能力；数据分析能力强，可以通过数据驱动挖掘业务的增长点；
3、对于消费信贷、场景金融行业有一定的理解，对于行业发展规律有深刻认识；
4、用户感和商业感兼备，尤其对年轻人群的生活、消费有较多研究，创新思考力强；
5、项目管理经验，擅长项目统筹规划及落地，结果导向，间接影响力强，沟通表达能力强，具有结构化思维能力。",
unknown:78538799,78538799,unknown,商户准入风险值班运营,某知名公司,互联网,5000-10000人,,杭州,9-14k,1年以上,本科,,8月14日更新,招5人,,标题领域词=风险; 标题岗位词=运营; 公司标签=互联网,https://www.liepin.com/zpfengxianyunying/,https://www.liepin.com/zpfengxianyunying/,https://www.liepin.com/a/78538799.shtml,2026-08-13T11:33:02+08:00,2026-08-17T10:34:33+08:00,"岗位职责

1. 准入风险值班日常对接

● 负责准入风险值班的日常工单处理与对接

● 保障任务的处理时效和解决率

● 对值班中发现的问题进行归因分析，提出策略优化建议

2. 重点客户与特殊场景保障

● KA 商家工单及时响应与处理

● 重保期间（大促、重大活动）的专项保障

● BD 渠道相关问题的快速响应

● 特殊问题处理（包括提额申请等）

3. 负面舆情与极端客诉处理

● 负责签约准入相关的负面舆情监测与处理

● 极端客诉案例（涉及跳楼等高风险）的应急响应

● 确保季度内无极端客诉舆情导致的向上投诉

● 建立舆情预警与升级机制

4. 数据分析与优化

● 整理值班期间的典型 Case，输出分析报告

● 识别流程堵点与体验问题，推动产品/规则优化

● 沉淀常见问题 FAQ 与处理 SOP",
unknown:78698807,78698807,unknown,商户风险联防运营,某知名公司,互联网,5000-10000人,,杭州,8-13k,2年以上,本科,,8月14日更新,招5人,,标题领域词=风险; 标题岗位词=运营; 公司标签=互联网,https://www.liepin.com/zpfengxianyunying/,https://www.liepin.com/zpfengxianyunying/,https://www.liepin.com/a/78698807.shtml,2026-08-13T11:33:02+08:00,2026-08-17T10:34:33+08:00,"岗位职责：

负责支付宝商户对外风险联防运营，为商户提供风险交易异常拦截&风险交易排查咨询、消费者投诉咨询及处置、安全产品推荐及安全产品接入技术保障等基础联防服务。

1、咨询解答：对于商户咨询解答引导，并主动梳理沉淀标准化对客文档，持续为商户输出标准、优质、稳定的服务；

2、分析总结：对风险案件进行审理、分析、总结，为内部提供综合决策支持，对异常问题进行搜集、整理、汇总，推动产品/规则/流程优化；

3、智能化建设：针对联防基础能力建设并持有优化自动化运营流程和部署，持续提升联防运营效率及标准化建设。",
unknown:78870399,78870399,unknown,广告私域流量风险审核运营,某知名公司,互联网,5000-10000人,,杭州,9-13k,1年以上,本科,,8月14日更新,招1人,,标题领域词=风险; 标题岗位词=运营; 公司标签=互联网,https://www.liepin.com/zpfengxianyunying/,https://www.liepin.com/zpfengxianyunying/,https://www.liepin.com/a/78870399.shtml,2026-08-13T11:33:02+08:00,2026-08-17T10:34:33+08:00,"【岗位职责】

负责支付宝广告私域流量风险审核的日常运营及风险挖掘，保障广告生态中作弊、刷量、违规等风险行为的及时发现与处置。
负责小程序风险审核的日常运营，基于页面风险特征与数据指标进行T+1审核研判，及时识别众包刷量、插件违规、诱导点击、流量劫持等风险行为并完成定性处置。
风险反馈与应急运营，对当日发现的需处罚风险案例及时反馈至策略侧推进处置，按周输出审核周报，沉淀风险案例与数据。
风险挖掘与策略优化，从用户行为意图维度还原风险作案动机，沉淀风险手法特征，驱动审核标准与策略规则迭代。
审核标准与流程体系的持续优化，输出可落地的执行规范和培训文档，保障审核质量与效率持续提升。
【职位要求】

数学、统计、金融、经济、管理科学、计算机等相关专业的本科或以上学历；有互联网风控、广告反作弊、安全运营经验者优先。
具备扎实的数据分析能力，能进行数据筛选、指标分析与异常定位。
具备良好的风险意识与审核判断力，做事细致严谨，能在多维度信息交叉验证的基础上做出准确的风险定性判断。
自我驱动，能快速学习新业务领域的专业概念，勇于接受挑战、在压力下工作。
具备良好的沟通协作能力，能有效对接协同方推进风险处置闭环。",
unknown:78846625,78846625,unknown,风险分析运营专家,某知名公司,互联网,5000-10000人,,长沙,6-9k,1年以上,本科,,8月14日更新,招1人,,标题领域词=风险; 标题岗位词=运营; 公司标签=互联网,https://www.liepin.com/zpfengxianyunying/,https://www.liepin.com/zpfengxianyunying/,https://www.liepin.com/a/78846625.shtml,2026-08-13T11:33:02+08:00,2026-08-17T10:34:33+08:00,"岗位职责

1、负责AI付场景下盗用、赌博、欺诈、洗钱等资金底线风险的研判与排查，基于交易异常行为、流量上下文、黑灰产攻击特征等进行深度流量分析、风险定性及处置运营；

2、负责新AI产品上线前的资金底线风险评估验证，识别新型支付模式与AI交互场景下的潜在风险敞口，联动业务方制定风险缓释方案，控制增量风险；

3、负责AI付资金底线风险域攻防效果的日常监控运营，追踪风险水位变化，联动业务方及上下游对问题与薄弱环节推动修复闭环；

4、负责黑产信息调研与采集，追踪黑灰产攻击手法演变，挖掘AI付场景下的新型攻击模式与安全防护缺失，制定检测规则与策略，补齐响应及检测能力。",
unknown:78437575,78437575,unknown,风险运营分析师,某知名公司,互联网,,,杭州,8-13k,3-5年,本科,,7月30日更新,招3人,,标题领域词=风险; 标题岗位词=运营; 公司标签=互联网,https://www.liepin.com/zpfengxianyunying/,https://www.liepin.com/zpfengxianyunying/,https://www.liepin.com/a/78437575.shtml,2026-08-03T12:49:08+08:00,2026-08-17T10:34:33+08:00,"""职位描述】
负责风控事件异常预警的判断及运营，以及外部业务接入安全风险防控的数据管理，为业务提供高效、稳定、优质的风险防控事件数据。
1.利用专家经验、统计分析或机器学习等手段，分析及部署运营事件质量异常预警规则，及时快速发现异常问题。
2.事件异常应急机制运营，研判分析、快速响应、确定影响、制定方案，全链路统筹并推进优化，以保障安全风控策略稳定运行。
3.日常安全接入环节事件的咨询、答疑、发布等工作。

【职位要求】
1.数学、统计、金融、管理科学、计算机等相关专业的本科或以上学历；有业务风险防控经验者优先；
2.有一定的数据处理基础，具备扎实的数据分析能力；
3.良好的分析问题和解决问题能力，自我驱动，能快速学习及适应新业务，勇于接受挑战、在压力下工作；""",
unknown:78665137,78665137,unknown,商户准入风险值班运营,某重庆互联网公司,互联网,,,杭州,9-14k,1-3年,本科,,8月6日更新,招5人,五险一金 | 团队聚餐 | 节日礼物 | 优秀员工奖 | 定期体检,标题领域词=风险; 标题岗位词=运营; 公司标签=互联网,https://www.liepin.com/zpfengxianyunying/,https://www.liepin.com/zpfengxianyunying/pn2/,https://www.liepin.com/a/78665137.shtml,2026-08-13T11:33:02+08:00,2026-08-17T10:34:33+08:00,"岗位职责

1. 准入风险值班日常对接

● 负责准入风险值班的日常工单处理与对接

● 保障任务的处理时效和解决率

● 对值班中发现的问题进行归因分析，提出策略优化建议

2. 重点客户与特殊场景保障

● KA 商家工单及时响应与处理

● 重保期间（大促、重大活动）的专项保障

● BD 渠道相关问题的快速响应

● 特殊问题处理（包括提额申请等）

3. 负面舆情与极端客诉处理

● 负责签约准入相关的负面舆情监测与处理

● 极端客诉案例（涉及跳楼等高风险）的应急响应

● 确保季度内无极端客诉舆情导致的向上投诉

● 建立舆情预警与升级机制

4. 数据分析与优化

● 整理值班期间的典型 Case，输出分析报告

● 识别流程堵点与体验问题，推动产品/规则优化

● 沉淀常见问题 FAQ 与处理 SOP

任职要求

基本条件

● 本科及以上学历，1 年以上商户风控、合规审核、客服运营或相关经验

● 熟悉商户准入、签约流程及相关风险点

专业能力

● 具备风险敏感度，能快速识别高风险案例

● 有工单处理或客服运营经验，熟悉 SLA 管理

● 具备危机处理能力，能冷静应对极端客诉场景

● 有数据整理与问题归纳能力，Excel/SQL等工具，能独立完成风险数据的提取、分析与可视化

软性素质

● 细致认真、耐心负责，具备优秀的沟通能力与服务意识

● 抗压能力强，能适应值班工作节奏

● 情绪稳定，能妥善处理高风险客诉场景

加分项

● 有商户准入、KYC 相关项目经验

● 有舆情处理或危机公关经验

● 熟悉支付宝/网商商户准入规则

● 有 KA 商家服务或重保经验",
unknown:78663403,78663403,unknown,商户准入风险值班运营,某重庆互联网公司,互联网,,,杭州,9-14k,1-3年,本科,,8月6日更新,招1人,五险一金 | 团队聚餐 | 节日礼物 | 优秀员工奖 | 定期体检,标题领域词=风险; 标题岗位词=运营; 公司标签=互联网,https://www.liepin.com/zpfengxianyunying/,https://www.liepin.com/zpfengxianyunying/pn2/,https://www.liepin.com/a/78663403.shtml,2026-08-13T11:33:02+08:00,2026-08-17T10:34:33+08:00,"岗位职责

1. 准入风险值班日常对接

● 负责准入风险值班的日常工单处理与对接

● 保障任务的处理时效和解决率

● 对值班中发现的问题进行归因分析，提出策略优化建议

2. 重点客户与特殊场景保障

● KA 商家工单及时响应与处理

● 重保期间（大促、重大活动）的专项保障

● BD 渠道相关问题的快速响应

● 特殊问题处理（包括提额申请等）

3. 负面舆情与极端客诉处理

● 负责签约准入相关的负面舆情监测与处理

● 极端客诉案例（涉及跳楼等高风险）的应急响应

● 确保季度内无极端客诉舆情导致的向上投诉

● 建立舆情预警与升级机制

4. 数据分析与优化

● 整理值班期间的典型 Case，输出分析报告

● 识别流程堵点与体验问题，推动产品/规则优化

● 沉淀常见问题 FAQ 与处理 SOP

任职要求

基本条件

● 本科及以上学历，1 年以上商户风控、合规审核、客服运营或相关经验

● 熟悉商户准入、签约流程及相关风险点

专业能力

● 具备风险敏感度，能快速识别高风险案例

● 有工单处理或客服运营经验，熟悉 SLA 管理

● 具备危机处理能力，能冷静应对极端客诉场景

● 有数据整理与问题归纳能力，Excel/SQL等工具，能独立完成风险数据的提取、分析与可视化

软性素质

● 细致认真、耐心负责，具备优秀的沟通能力与服务意识

● 抗压能力强，能适应值班工作节奏

● 情绪稳定，能妥善处理高风险客诉场景

加分项

● 有商户准入、KYC 相关项目经验

● 有舆情处理或危机公关经验

● 熟悉支付宝/网商商户准入规则

● 有 KA 商家服务或重保经验",
unknown:78604381,78604381,unknown,商户准入风险值班运营,某重庆互联网公司,互联网,,,杭州,9-14k,1-3年,本科,,8月4日更新,招1人,发展空间大 | 公司规模大 | 正编岗位 | 蚂蚁A空间 | 五险一金需值班,标题领域词=风险; 标题岗位词=运营; 公司标签=互联网,https://www.liepin.com/zpfengxianyunying/,https://www.liepin.com/zpfengxianyunying/pn2/,https://www.liepin.com/a/78604381.shtml,2026-08-13T11:33:02+08:00,2026-08-17T10:34:33+08:00,"基本条件
● 本科及以上学历，1 年以上商户风控、合规审核、客服运营或相关经验
● 熟悉商户准入、签约流程及相关风险点
专业能力
● 具备风险敏感度，能快速识别高风险案例
● 有工单处理或客服运营经验，熟悉 SLA 管理
● 具备危机处理能力，能冷静应对极端客诉场景
● 有数据整理与问题归纳能力，Excel/SQL等工具，能独立完成风险数据的提取、分析与可视化
软性素质
● 细致认真、耐心负责，具备优秀的沟通能力与服务意识
● 抗压能力强，能适应值班工作节奏
● 情绪稳定，能妥善处理高风险客诉场景
加分项
● 有商户准入、KYC 相关项目经验
● 有舆情处理或危机公关经验
● 熟悉支付宝/网商商户准入规则
● 有 KA 商家服务或重保经验

【工作地点】杭州市西湖区蚂蚁A空间",
unknown:78866205,78866205,unknown,双休【风险运营分析师、风控合规】蚂蚁全资，有餐补,某长沙大型互联网公司,互联网,5000-10000人,,杭州,9-14k·14薪,1-3年,本科,,今日更新,招3人,,"标题领域词=风控,风险; 标题岗位词=运营; 公司标签=互联网",https://www.liepin.com/zpfengkong/ | https://www.liepin.com/zpfengkongyunying/ | https://www.liepin.com/zpfengxianyunying/,https://www.liepin.com/zpfengkong/pn4/ | https://www.liepin.com/zpfengkongyunying/ | https://www.liepin.com/zpfengxianyunying/,https://www.liepin.com/a/78866205.shtml,2026-08-13T11:33:02+08:00,2026-08-17T10:34:33+08:00,"岗位情况：
- 蚂蚁集团核心风控/合规业务，深度参与支付安全与AI付风险防控
- 数据驱动+业务实战，SQL/Python能力快速成长
- 双休行政班
- 办公场地好，有餐补，年终奖

职位描述
【风险运营方向】
1. 负责风控事件异常预警的研判与运营，部署及优化预警规则；
2. 事件异常应急机制运营，全链路推进风险响应与闭环修复；
3. 黑灰产信息调研与攻击手法追踪，挖掘新型攻击模式，制定检测策略；
4. 负责AI付场景下盗用、赌博、欺诈、洗钱等资金底线风险的研判与处置。

【合规服务方向】
1. 协助合规及消保部门处理查询需求，整理商户入网材料与交易信息；
2. 负责风险商户的申诉及后续处理，补充证据链，推动二次申诉；
3. 协助处理用户投诉，采集订单数据，撰写差异说明与核查报告；
4. 沉淀FAQ与处理SOP，推动流程优化。

任职要求
1. 本科及以上，数学/统计/金融/法律/CS/信息安全等相关专业优先；
2. 1-3年互联网风控/支付清算/金融合规/审核背景经验；
3. **熟练使用SQL**，能独立完成数据提取与分析；
4. 逻辑清晰，文字表达能力强，能撰写高质量的分析报告；
5. 有黑灰产对抗/渗透测试/安全运营经验者优先（风险运营方向）。


餐补20元/天，入职五险一金

工作地址
杭州市西湖区蚂蚁集团A空间


。",
unknown:1984539003,1984539003,unknown,风控策略运营专家,水滴公司,互联网,已上市,5000-10000人,北京-望京,20-40k·16薪,3年以上,本科,,8月4日更新,招1人,,标题领域词=风控; 标题岗位词=运营; 公司标签=互联网,https://www.liepin.com/zpfengkongyunying/,https://www.liepin.com/zpfengkongyunying/pn2/,https://www.liepin.com/job/1984539003.shtml,2026-08-03T12:49:08+08:00,2026-08-17T10:34:33+08:00,"岗位职责：
1、业务风险管控体系建设，深入理解大病筹款业务场景，识别并评估欺诈、骗捐、黑灰产介入、款项挪用、行为违规等核心风险；
2、从业务实质出发，建立并持续迭代平台风险治理规则体系，对风控结果负责与审核、产研、算法团队紧密协同，推动方案有效落地。
3、口碑建设与生态治理从用户视角和业务本质出发，主动发现影响平台口碑的结构性问题，提出系统性治理方案；
4、推进服务体验优化策略，构建良性筹款生态，降低舆论风险暴露面，以治理结果反哺业务，使口碑建设和风险处置形成正向循环；
5、AI 风控体系构建与落地，主导推进AI能力在风险识别、内容审查、用户行为预判等环节的应用落地，基于大模型、机器学习等能力，构建智能风险识别机制，提升前置识别覆盖率和精准度，参与定义 AI 风控产品形态，推动风控职能从""规则驱动""向""模型+规则融合""升级
6、 监管与平台规则洞察及应用，持续跟踪慈善法、民政部监管政策动向，将合规要求转化为内部管控机制，深度洞察微信、抖音、快手、小红书、微博等平台的内容审核规则与政策变化，将平台规则洞察反哺业务侧，帮助筹款内容在各渠道合规顺畅传播，护航业务增长。
任职要求：
1、本科及以上学历，3年以上平台治理、内容安全、风控策略或相关方向经验；
2、具备独立的业务诊断能力，能从第一性原理出发拆解复杂风险场景，给出清晰的策略方案，熟练使用 SQL、Python（pandas/numpy/sklearn）进行数据分析，具备独立建模能力；
3、有 AI / 大模型在内容安全、风控领域的实际应用经验，逻辑清晰，有强烈的主人翁意识，习惯自驱，能在模糊环境中找到方向。","水滴公司是中国保险和健康服务科技平台，创建于2016年4月，以“用互联网科技助推广大人民群众有保可医，保障亿万家庭”为使命，我们通过医疗筹款、保险平台以及健康服务平台构建了一个庞大的保险保障和健康服务网络，为用户提供健康保障解决方案。2021年5月，水滴公司登陆美国纽约证券交易所成功上市，股票代码“WDH”

水滴公司创建的“大病筹款+人身保险”的健康保障模式，提升了救急、救难的救助效率，在医保之外形成了多条医疗资金供给的有效补充渠道，成功地满足了覆盖整个社会阶层范围的多元化用户群的需求，建立了闭环医疗支付生态系统。

水滴公司业务简介
水滴保
水滴保是水滴公司2017年5月推出的互联网保险经纪平台，运营主体为水滴保险经纪有限公司，是中国银保监会批复的全国性保险经纪公司。公司一直以“用互联网科技助推广大人民群众有保可医，保障亿万家庭”为使命，以“帮助用户优选高性价比保险产品”为服务理念。截至2021年3月，水滴保与62家保险公司合作，提供超过240款健康和寿险产品，覆盖医疗、重疾、意外、寿险、年金等人身健康险各类险种，为成人、少儿、老人以及慢病人群提供全方位的保障和服务；平台累计保障用户覆盖国内97%以上的市县，76%的用户来自小城镇及农村地区。根据调研数据显示，90%的用户通过水滴保完成个人在线投保，复购意愿高达73%。

水滴筹
水滴筹是民政部指定的个人求助网络服务平台，通过移动互联网技术发挥“救急难”的作用，帮助陷入困境的大病患者及家庭。筹款人可以借助水滴筹发起医疗救助并通过微信等社交网络进行分享传播，爱心人士可以便捷地进行帮扶。
截至2026年3月，约有4.94亿人通过水滴筹向超过375万大病患者累计捐赠了约735亿元，每秒钟就有9个人在水滴筹进行捐助，用户每发起一个筹款案例背后有7位水滴筹工作人员的服务。"
unknown:1984784985,1984784985,unknown,风控策略运营专家,满帮集团,互联网,5000-10000人,,长宁区,30-40k,3-5年,本科,,8月11日更新,招1人,,标题领域词=风控; 标题岗位词=运营; 公司标签=互联网,https://www.liepin.com/zpfengkongyunying/,https://www.liepin.com/zpfengkongyunying/pn2/,https://www.liepin.com/job/1984784985.shtml,2026-08-13T11:33:02+08:00,2026-08-17T10:34:33+08:00,"一、岗位职责
1、深入了解货运平台业务流程（用户注册、认证、交易等），挖掘潜在业务风险点，通过策略和规则实现风险预防和收敛；
2、基于数据分析发现业务问题，制定针对性运营策略，推动问题解决；
3、跟踪物流行业动态，研究竞品策略，形成可落地的优化建议；
4、联动产品、技术、客服等团队，推动策略落地，主导专项项目。
二、任职要求
• 本科及以上学历，专业不限（统计学、数学、计算机、商科背景优先）
• 3-5年策略运营、数据分析相关经验，熟练使用SQL，有互联网平台经验者优先
• 结构化思维清晰，能将复杂问题拆解为可落地的子任务
• 沟通表达好，能清晰阐述策略逻辑并推动跨团队协作
• 对数据敏感，擅长从数据中发现业务机会和潜在问题
• 自驱力强，做事有闭环，不推诿","满帮集团是中国领先的数字货运平台企业之一，致力于为中国3000万中小企业提供整车、零担、冷链、城配等一站式综合物流服务平台。
 作为一家“互联网+物流”的科技企业，满帮集团始终坚持“赋能企业更具物流竞争力”的使命，将大数据、云计算、人工智能技术引入物流行业，通过业态模式创新和技术创新，解决了长久以来货运领域运力分散、供需不匹配、信息不透明等问题，全面提升社会物流效率，大大缩短了货车司机平均找货时间，降低了货运空载率，节省油费运费，减少碳排放，成为促进物流行业提质降本增效、助力实体经济发展的新动力。
 2021年6月22日，满帮集团在美国纽交所成功上市，成为“数字货运第一股”，连续五年（2019-2023年）入选“中国互联网综合实力100强企业”，连续三年（2021-2023年）跻身“中国民营企业500强”。"
unknown:1922715735,1922715735,unknown,风控运营,百度网讯,"互联网,计算机软件",已上市,10000人以上,北京-上地,6-10k,经验不限,本科,,90天前更新,招1人,,标题领域词=风控; 标题岗位词=运营; 公司标签=互联网,https://www.liepin.com/zpfengkongyunying/,https://www.liepin.com/zpfengkongyunying/pn2/,https://www.liepin.com/job/1922715735.shtml,2026-04-14T14:01:30+08:00,2026-08-17T10:34:33+08:00,"工作职责：
- 负责系统中客户提交的信息、资质与广告内容的审核、巡查工作，并保证审核的及时性与准确性 
- 参与机审策略与审核标准优化，把控广告质量
- 能够对热点事件进行跟踪，并对舆情和敏感信息进行快速反应和预警 
- 对异常问题定期整理、分类、汇总
- 协助上级完成其他相关工作，有一定的创新意识，能提出建设性意见并推动执行
职位要求：
- 大学本科及以上学历，有互联网风控从业背景优先
- 熟悉互联网广告和广告法，具有一定的新闻敏感性
- 对文字信息具有较好的领悟能力，对新事物接受度较好
- 优秀的沟通协调能力，逻辑能力强，耐心细致，适应高强度工作，有强烈的工作责任感和服务意识，执行力强
- 能熟练应用Office办公软件，精通Powerpoint等","全球最大的中文搜索引擎、最大的中文网站。2000年1月创立于北京中关村。 员工人数超过10000人。如今的此公司，已成为中国最受欢迎、影响力最大的中文网站。此公司拥有数以千计的研发工程师，这是中国乃至全球最为优秀的技术团队，这支队伍掌握着世界上最为先进的搜索引擎技术，使此公司成为中国掌握世界尖端科学核心技术的中国高科技企业。从创立之初，此公司便将“让人们最便捷地获取信息，找到所求”作为自己的使命，10年来，公司秉承“以用户为导向”的理念，始终坚持如一地响应广大网民的需求，不断地为网民提供基于搜索引擎的各种产品，其中包括：以网络搜索为主的功能性搜索，以贴吧为主的社区搜索，针对各区域、行业所需的垂直搜索，Mp3搜索，以及门户频道、IM等，全面覆盖了中文网络世界所有的搜索需求，根据第三方权威数据，此公司在中国的搜索份额超过70%。在面对用户的搜索产品不断丰富的同时，服务于生机勃勃的企业的搜索推广应运而生。多年来，通过搜索推广，极大地促进了中国数十万中小企业的生存与发展。搜索推广，以及基于搜索推广的此公司推广也得到迅速发展，以全球以及中国500强为主的大型企业，在此公司搜索平台上开展以搜索推广为基础的品牌推广，为企业的品牌、产品推广创造了不同凡响的收益。同时，此公司近年来响应网民的诉求，进入C2C电子商务领域，为网民提供更多更好的一站式服务。为推动中国数百万中小网站的发展，此公司借助超大流量的平台优势，联合所有优质的各类网站，建立了世界上最大的网络联盟，使各类企业的搜索推广、品牌营销的价值、覆盖面均大面积提升。

与此同时，各网站也在联盟大家庭的互助下，获得最大的生存与发展机会。 2005年8月5日，此公司在美国纳斯达克上市，其不仅上市当日，即成为该年度全球资本市场上最为耀眼的新星，通过数年来的市场表现，其优异的业绩与值得依赖的回报，使之成为中国企业价值的代表，傲然屹立于全球资本市场。

2008年1月23日，此公司日本公司正式运营，国际化战略全面启动。"
unknown:1982898747,1982898747,unknown,AI大模型AIGC内容安全-机审安全运营-合肥,科大讯飞,"互联网,人工智能",已上市,10000人以上,北京-上地,14-35k·14薪,3年以上,本科,,5月27日更新,招1人,,标题领域词=内容安全; 标题岗位词=运营; 公司标签=互联网,https://www.liepin.com/zpneironganquan/,https://www.liepin.com/zpneironganquan/pn2/,https://www.liepin.com/job/1982898747.shtml,2026-06-01T14:19:06+08:00,2026-08-17T10:34:33+08:00,"岗位职责：
1、负责机器审核策略运营团队的管理，确保团队目标的达成；
2、负责深入业务场景，制定布控的机器审核策略，推进落地保障业务安全并兼顾体验
3、对于各场景反馈的漏杀、误杀问题进行深入分析，提出解决方案并推动实施；
4、定期分析数据的特征，提出机器审核策略的优化需求，确保通用准召指标不断提升
5、与产品、技术、舆情分析、人审等团队紧密合作，保障公司业务安全；
6、跟踪行业动态和竞品发展趋势，推进审核功能和效果的提升。
职位要求：
1、本科及以上学历，
2、3年以上机器审核、风险管理等相关工作经验，有团队管理经验者优先；
3、具备良好的洞察能力，能够从业务反馈、数据特征中发现问题和机会；
4、具备优秀的沟通协调能力和团队合作精神，能够有效推动跨部门合作；
5、对机器学习、自然语言处理等技术有深入理解，有实际项目经验者优先；
6、对工作充满热情，有强烈的责任心和执行力。","科大讯飞公司是国内语音产业仅有的：

■国家智能语音高新技术产业基地
■国家规划布局内重点软件企业
■语音及语言信息处理国家工程实验室
■国家创新型企业100强
■国家863计划成果产业化基地
■国家企业技术中心

科大讯飞（股票代码：002230），是一家专业从事智能语音及语言技术研究、软件及芯片产品开发、语音信息服务及电子政务系统集成的国家骨干软件企业，其智能语音核心技术代表了业界先进水平。
学有所成的你，需要的是一份前景无限的事业，是一个施展才华的平台，更是一个能够不断砥砺成长的环境。科大讯飞是一个充满激情和梦想，高速成长的团队，提供众多广阔空间，让你纵情驰骋理想，不断挑战自我、超越自我。公司为员工提供：

1、加速成长的人才环境
科大讯飞的技术优势和市场竞争力源于创新无限的人才队伍建设与培养。公司内部不仅建立了完善的“iFLY工程”三级培训体系，同时为了让员工有更多深造提升的机会，公司与中国科技大学合作成立了讯飞软件工程硕士班，每年公司全额出资选派70名员工深造。2002年，讯飞博士后科研工作站正式挂牌成立。此外，公司还与国内外著名研究机构进行紧密合作，与中国科学技术大学、清华大学、中国社会科学院语言所等建立讯飞联合实验室；并与加拿大York大学、英国爱丁堡大学等进行研发人员互派培养。
2011年，“国家智能语音高新技术产业化基地”、“语音及语言信息处理国家工程实验室”正式获批，为进一步汇聚产业资源、加强产业合作、加速产业发展提供了更高平台。全体讯飞人正以“敬业、创新、奋进”的企业精神，与各界合作伙伴携手，打造全国乃至全球语音产业高地。

2、高速发展的职业空间
基于拥有自主知识产权的业界先进智能语音技术，科大讯飞已推出从大型电信级应用到小型嵌入式应用，从电信、金融等行业到企业和家庭用户，从PC到手机，从智能家电到玩具，能够满足不同应用环境的多种产品。科大讯飞占有中文语音技术市场70%以上市场份额，开发伙伴超过5000家，以讯飞为核心的中文语音产业链已初具规模。
2010年，科大讯飞在计算机发展第五次浪潮——移动互联网时代来临之际抢占产业制高点，率先发布同时提供语音合成、语音搜索、语音听写等智能语音交互能力的移动互联网智能交互平台——“讯飞语音云”，并持续优化升级，相继推出讯飞语音输入法、讯飞口讯、讯飞语点等示范性应用，且与广大合作伙伴携手推动各类语音应用深入到手机、汽车、家电、玩具等各个领域，推动着移动互联网时代大潮下输入和交互模式的变革。语音时代的到来正加速推动产业高速发展，为讯飞人提供无限广阔的发展空间。

3、国际前沿的研发方向
作为中国优秀的智能语音技术提供商，科大讯飞在智能语音技术领域有着长期的研究积累，并在语音合成、语音识别、语言评测及学习等语音核心技术上拥有国际水平的成果，被原信息产业部确定为中文语音交互技术标准工作组组长单位，牵头制定中文语音技术标准。2003、2011年，两次荣获中国语音产业奖项“国家科技进步奖”，2005、2011年两次荣获中国信息产业自主创新荣誉“信息产业重大技术发明奖”。2006—2012年连续七届在英文语音合成国际大赛（Blizzard Challenge）荣获佳绩。2008—2011年连续四年在国际说话人、语种识别评测大赛中名列前茅。

4、优厚完善的薪酬待遇
　　“成就员工理想，创造社会价值”是科大讯飞公司核心理念。员工不仅享受着公司快速发展带来的能力与职业空间的提升，同时还享受着各项丰厚回报：
 -享受“五险一金”以及补充性商业险等；
 -享受健康体检、休假、旅游等员工健身计划；
 -享受交通、通讯、伙食等生活补贴；
 -享受股权激励政策……"
unknown:1982898745,1982898745,unknown,AI大模型AIGC内容安全-机审安全运营-合肥,科大讯飞,"互联网,人工智能",已上市,10000人以上,长宁区,14-35k·14薪,3年以上,本科,,5月27日更新,招1人,,标题领域词=内容安全; 标题岗位词=运营; 公司标签=互联网,https://www.liepin.com/zpneironganquan/,https://www.liepin.com/zpneironganquan/pn2/,https://www.liepin.com/job/1982898745.shtml,2026-06-01T14:19:06+08:00,2026-08-17T10:34:33+08:00,"岗位职责：
1、负责机器审核策略运营团队的管理，确保团队目标的达成；
2、负责深入业务场景，制定布控的机器审核策略，推进落地保障业务安全并兼顾体验
3、对于各场景反馈的漏杀、误杀问题进行深入分析，提出解决方案并推动实施；
4、定期分析数据的特征，提出机器审核策略的优化需求，确保通用准召指标不断提升
5、与产品、技术、舆情分析、人审等团队紧密合作，保障公司业务安全；
6、跟踪行业动态和竞品发展趋势，推进审核功能和效果的提升。
职位要求：
1、本科及以上学历，
2、3年以上机器审核、风险管理等相关工作经验，有团队管理经验者优先；
3、具备良好的洞察能力，能够从业务反馈、数据特征中发现问题和机会；
4、具备优秀的沟通协调能力和团队合作精神，能够有效推动跨部门合作；
5、对机器学习、自然语言处理等技术有深入理解，有实际项目经验者优先；
6、对工作充满热情，有强烈的责任心和执行力。","科大讯飞公司是国内语音产业仅有的：

■国家智能语音高新技术产业基地
■国家规划布局内重点软件企业
■语音及语言信息处理国家工程实验室
■国家创新型企业100强
■国家863计划成果产业化基地
■国家企业技术中心

科大讯飞（股票代码：002230），是一家专业从事智能语音及语言技术研究、软件及芯片产品开发、语音信息服务及电子政务系统集成的国家骨干软件企业，其智能语音核心技术代表了业界先进水平。
学有所成的你，需要的是一份前景无限的事业，是一个施展才华的平台，更是一个能够不断砥砺成长的环境。科大讯飞是一个充满激情和梦想，高速成长的团队，提供众多广阔空间，让你纵情驰骋理想，不断挑战自我、超越自我。公司为员工提供：

1、加速成长的人才环境
科大讯飞的技术优势和市场竞争力源于创新无限的人才队伍建设与培养。公司内部不仅建立了完善的“iFLY工程”三级培训体系，同时为了让员工有更多深造提升的机会，公司与中国科技大学合作成立了讯飞软件工程硕士班，每年公司全额出资选派70名员工深造。2002年，讯飞博士后科研工作站正式挂牌成立。此外，公司还与国内外著名研究机构进行紧密合作，与中国科学技术大学、清华大学、中国社会科学院语言所等建立讯飞联合实验室；并与加拿大York大学、英国爱丁堡大学等进行研发人员互派培养。
2011年，“国家智能语音高新技术产业化基地”、“语音及语言信息处理国家工程实验室”正式获批，为进一步汇聚产业资源、加强产业合作、加速产业发展提供了更高平台。全体讯飞人正以“敬业、创新、奋进”的企业精神，与各界合作伙伴携手，打造全国乃至全球语音产业高地。

2、高速发展的职业空间
基于拥有自主知识产权的业界先进智能语音技术，科大讯飞已推出从大型电信级应用到小型嵌入式应用，从电信、金融等行业到企业和家庭用户，从PC到手机，从智能家电到玩具，能够满足不同应用环境的多种产品。科大讯飞占有中文语音技术市场70%以上市场份额，开发伙伴超过5000家，以讯飞为核心的中文语音产业链已初具规模。
2010年，科大讯飞在计算机发展第五次浪潮——移动互联网时代来临之际抢占产业制高点，率先发布同时提供语音合成、语音搜索、语音听写等智能语音交互能力的移动互联网智能交互平台——“讯飞语音云”，并持续优化升级，相继推出讯飞语音输入法、讯飞口讯、讯飞语点等示范性应用，且与广大合作伙伴携手推动各类语音应用深入到手机、汽车、家电、玩具等各个领域，推动着移动互联网时代大潮下输入和交互模式的变革。语音时代的到来正加速推动产业高速发展，为讯飞人提供无限广阔的发展空间。

3、国际前沿的研发方向
作为中国优秀的智能语音技术提供商，科大讯飞在智能语音技术领域有着长期的研究积累，并在语音合成、语音识别、语言评测及学习等语音核心技术上拥有国际水平的成果，被原信息产业部确定为中文语音交互技术标准工作组组长单位，牵头制定中文语音技术标准。2003、2011年，两次荣获中国语音产业奖项“国家科技进步奖”，2005、2011年两次荣获中国信息产业自主创新荣誉“信息产业重大技术发明奖”。2006—2012年连续七届在英文语音合成国际大赛（Blizzard Challenge）荣获佳绩。2008—2011年连续四年在国际说话人、语种识别评测大赛中名列前茅。

4、优厚完善的薪酬待遇
　　“成就员工理想，创造社会价值”是科大讯飞公司核心理念。员工不仅享受着公司快速发展带来的能力与职业空间的提升，同时还享受着各项丰厚回报：
 -享受“五险一金”以及补充性商业险等；
 -享受健康体检、休假、旅游等员工健身计划；
 -享受交通、通讯、伙食等生活补贴；
 -享受股权激励政策……"
unknown:1982898743,1982898743,unknown,AI大模型AIGC内容安全-机审安全运营-合肥,科大讯飞,"互联网,人工智能",已上市,10000人以上,杭州-文明路,14-35k·14薪,3年以上,本科,,5月27日更新,招1人,,标题领域词=内容安全; 标题岗位词=运营; 公司标签=互联网,https://www.liepin.com/zpneironganquan/,https://www.liepin.com/zpneironganquan/pn2/,https://www.liepin.com/job/1982898743.shtml,2026-06-01T14:19:06+08:00,2026-08-17T10:34:33+08:00,"岗位职责：
1、负责机器审核策略运营团队的管理，确保团队目标的达成；
2、负责深入业务场景，制定布控的机器审核策略，推进落地保障业务安全并兼顾体验
3、对于各场景反馈的漏杀、误杀问题进行深入分析，提出解决方案并推动实施；
4、定期分析数据的特征，提出机器审核策略的优化需求，确保通用准召指标不断提升
5、与产品、技术、舆情分析、人审等团队紧密合作，保障公司业务安全；
6、跟踪行业动态和竞品发展趋势，推进审核功能和效果的提升。
职位要求：
1、本科及以上学历，
2、3年以上机器审核、风险管理等相关工作经验，有团队管理经验者优先；
3、具备良好的洞察能力，能够从业务反馈、数据特征中发现问题和机会；
4、具备优秀的沟通协调能力和团队合作精神，能够有效推动跨部门合作；
5、对机器学习、自然语言处理等技术有深入理解，有实际项目经验者优先；
6、对工作充满热情，有强烈的责任心和执行力。","科大讯飞公司是国内语音产业仅有的：

■国家智能语音高新技术产业基地
■国家规划布局内重点软件企业
■语音及语言信息处理国家工程实验室
■国家创新型企业100强
■国家863计划成果产业化基地
■国家企业技术中心

科大讯飞（股票代码：002230），是一家专业从事智能语音及语言技术研究、软件及芯片产品开发、语音信息服务及电子政务系统集成的国家骨干软件企业，其智能语音核心技术代表了业界先进水平。
学有所成的你，需要的是一份前景无限的事业，是一个施展才华的平台，更是一个能够不断砥砺成长的环境。科大讯飞是一个充满激情和梦想，高速成长的团队，提供众多广阔空间，让你纵情驰骋理想，不断挑战自我、超越自我。公司为员工提供：

1、加速成长的人才环境
科大讯飞的技术优势和市场竞争力源于创新无限的人才队伍建设与培养。公司内部不仅建立了完善的“iFLY工程”三级培训体系，同时为了让员工有更多深造提升的机会，公司与中国科技大学合作成立了讯飞软件工程硕士班，每年公司全额出资选派70名员工深造。2002年，讯飞博士后科研工作站正式挂牌成立。此外，公司还与国内外著名研究机构进行紧密合作，与中国科学技术大学、清华大学、中国社会科学院语言所等建立讯飞联合实验室；并与加拿大York大学、英国爱丁堡大学等进行研发人员互派培养。
2011年，“国家智能语音高新技术产业化基地”、“语音及语言信息处理国家工程实验室”正式获批，为进一步汇聚产业资源、加强产业合作、加速产业发展提供了更高平台。全体讯飞人正以“敬业、创新、奋进”的企业精神，与各界合作伙伴携手，打造全国乃至全球语音产业高地。

2、高速发展的职业空间
基于拥有自主知识产权的业界先进智能语音技术，科大讯飞已推出从大型电信级应用到小型嵌入式应用，从电信、金融等行业到企业和家庭用户，从PC到手机，从智能家电到玩具，能够满足不同应用环境的多种产品。科大讯飞占有中文语音技术市场70%以上市场份额，开发伙伴超过5000家，以讯飞为核心的中文语音产业链已初具规模。
2010年，科大讯飞在计算机发展第五次浪潮——移动互联网时代来临之际抢占产业制高点，率先发布同时提供语音合成、语音搜索、语音听写等智能语音交互能力的移动互联网智能交互平台——“讯飞语音云”，并持续优化升级，相继推出讯飞语音输入法、讯飞口讯、讯飞语点等示范性应用，且与广大合作伙伴携手推动各类语音应用深入到手机、汽车、家电、玩具等各个领域，推动着移动互联网时代大潮下输入和交互模式的变革。语音时代的到来正加速推动产业高速发展，为讯飞人提供无限广阔的发展空间。

3、国际前沿的研发方向
作为中国优秀的智能语音技术提供商，科大讯飞在智能语音技术领域有着长期的研究积累，并在语音合成、语音识别、语言评测及学习等语音核心技术上拥有国际水平的成果，被原信息产业部确定为中文语音交互技术标准工作组组长单位，牵头制定中文语音技术标准。2003、2011年，两次荣获中国语音产业奖项“国家科技进步奖”，2005、2011年两次荣获中国信息产业自主创新荣誉“信息产业重大技术发明奖”。2006—2012年连续七届在英文语音合成国际大赛（Blizzard Challenge）荣获佳绩。2008—2011年连续四年在国际说话人、语种识别评测大赛中名列前茅。

4、优厚完善的薪酬待遇
　　“成就员工理想，创造社会价值”是科大讯飞公司核心理念。员工不仅享受着公司快速发展带来的能力与职业空间的提升，同时还享受着各项丰厚回报：
 -享受“五险一金”以及补充性商业险等；
 -享受健康体检、休假、旅游等员工健身计划；
 -享受交通、通讯、伙食等生活补贴；
 -享受股权激励政策……"
unknown:1982898741,1982898741,unknown,AI大模型AIGC内容安全-机审安全运营-合肥,科大讯飞,"互联网,人工智能",已上市,10000人以上,合肥-井岗,14-35k·14薪,3年以上,本科,,5月27日更新,招1人,,标题领域词=内容安全; 标题岗位词=运营; 公司标签=互联网,https://www.liepin.com/zpneironganquan/,https://www.liepin.com/zpneironganquan/pn2/,https://www.liepin.com/job/1982898741.shtml,2026-06-01T14:19:06+08:00,2026-08-17T10:34:33+08:00,"岗位职责：
1、负责机器审核策略运营团队的管理，确保团队目标的达成；
2、负责深入业务场景，制定布控的机器审核策略，推进落地保障业务安全并兼顾体验
3、对于各场景反馈的漏杀、误杀问题进行深入分析，提出解决方案并推动实施；
4、定期分析数据的特征，提出机器审核策略的优化需求，确保通用准召指标不断提升
5、与产品、技术、舆情分析、人审等团队紧密合作，保障公司业务安全；
6、跟踪行业动态和竞品发展趋势，推进审核功能和效果的提升。
职位要求：
1、本科及以上学历，
2、3年以上机器审核、风险管理等相关工作经验，有团队管理经验者优先；
3、具备良好的洞察能力，能够从业务反馈、数据特征中发现问题和机会；
4、具备优秀的沟通协调能力和团队合作精神，能够有效推动跨部门合作；
5、对机器学习、自然语言处理等技术有深入理解，有实际项目经验者优先；
6、对工作充满热情，有强烈的责任心和执行力。","科大讯飞公司是国内语音产业仅有的：

■国家智能语音高新技术产业基地
■国家规划布局内重点软件企业
■语音及语言信息处理国家工程实验室
■国家创新型企业100强
■国家863计划成果产业化基地
■国家企业技术中心

科大讯飞（股票代码：002230），是一家专业从事智能语音及语言技术研究、软件及芯片产品开发、语音信息服务及电子政务系统集成的国家骨干软件企业，其智能语音核心技术代表了业界先进水平。
学有所成的你，需要的是一份前景无限的事业，是一个施展才华的平台，更是一个能够不断砥砺成长的环境。科大讯飞是一个充满激情和梦想，高速成长的团队，提供众多广阔空间，让你纵情驰骋理想，不断挑战自我、超越自我。公司为员工提供：

1、加速成长的人才环境
科大讯飞的技术优势和市场竞争力源于创新无限的人才队伍建设与培养。公司内部不仅建立了完善的“iFLY工程”三级培训体系，同时为了让员工有更多深造提升的机会，公司与中国科技大学合作成立了讯飞软件工程硕士班，每年公司全额出资选派70名员工深造。2002年，讯飞博士后科研工作站正式挂牌成立。此外，公司还与国内外著名研究机构进行紧密合作，与中国科学技术大学、清华大学、中国社会科学院语言所等建立讯飞联合实验室；并与加拿大York大学、英国爱丁堡大学等进行研发人员互派培养。
2011年，“国家智能语音高新技术产业化基地”、“语音及语言信息处理国家工程实验室”正式获批，为进一步汇聚产业资源、加强产业合作、加速产业发展提供了更高平台。全体讯飞人正以“敬业、创新、奋进”的企业精神，与各界合作伙伴携手，打造全国乃至全球语音产业高地。

2、高速发展的职业空间
基于拥有自主知识产权的业界先进智能语音技术，科大讯飞已推出从大型电信级应用到小型嵌入式应用，从电信、金融等行业到企业和家庭用户，从PC到手机，从智能家电到玩具，能够满足不同应用环境的多种产品。科大讯飞占有中文语音技术市场70%以上市场份额，开发伙伴超过5000家，以讯飞为核心的中文语音产业链已初具规模。
2010年，科大讯飞在计算机发展第五次浪潮——移动互联网时代来临之际抢占产业制高点，率先发布同时提供语音合成、语音搜索、语音听写等智能语音交互能力的移动互联网智能交互平台——“讯飞语音云”，并持续优化升级，相继推出讯飞语音输入法、讯飞口讯、讯飞语点等示范性应用，且与广大合作伙伴携手推动各类语音应用深入到手机、汽车、家电、玩具等各个领域，推动着移动互联网时代大潮下输入和交互模式的变革。语音时代的到来正加速推动产业高速发展，为讯飞人提供无限广阔的发展空间。

3、国际前沿的研发方向
作为中国优秀的智能语音技术提供商，科大讯飞在智能语音技术领域有着长期的研究积累，并在语音合成、语音识别、语言评测及学习等语音核心技术上拥有国际水平的成果，被原信息产业部确定为中文语音交互技术标准工作组组长单位，牵头制定中文语音技术标准。2003、2011年，两次荣获中国语音产业奖项“国家科技进步奖”，2005、2011年两次荣获中国信息产业自主创新荣誉“信息产业重大技术发明奖”。2006—2012年连续七届在英文语音合成国际大赛（Blizzard Challenge）荣获佳绩。2008—2011年连续四年在国际说话人、语种识别评测大赛中名列前茅。

4、优厚完善的薪酬待遇
　　“成就员工理想，创造社会价值”是科大讯飞公司核心理念。员工不仅享受着公司快速发展带来的能力与职业空间的提升，同时还享受着各项丰厚回报：
 -享受“五险一金”以及补充性商业险等；
 -享受健康体检、休假、旅游等员工健身计划；
 -享受交通、通讯、伙食等生活补贴；
 -享受股权激励政策……"
unknown:1982391545,1982391545,unknown,AI研究院-大模型内容安全运营（机审）-合肥,科大讯飞,"互联网,人工智能",已上市,10000人以上,上海-北新泾,15-35k·14薪,3年以上,本科,,90天前更新,招1人,,标题领域词=内容安全; 标题岗位词=运营; 公司标签=互联网,https://www.liepin.com/zpneironganquan/ | https://www.liepin.com/zpneironganquanyunying/,https://www.liepin.com/zpneironganquan/pn2/ | https://www.liepin.com/zpneironganquanyunying/pn3/,https://www.liepin.com/job/1982391545.shtml,2026-05-12T12:48:39+08:00,2026-08-17T10:34:33+08:00,"岗位职责：
1、负责机器审核策略运营团队的管理，确保团队目标的达成；
2、负责深入业务场景，制定布控的机器审核策略，推进落地保障业务安全并兼顾体验
3、对于各场景反馈的漏杀、误杀问题进行深入分析，提出解决方案并推动实施；
4、定期分析数据的特征，提出机器审核策略的优化需求，确保通用准召指标不断提升
5、与产品、技术、舆情分析、人审等团队紧密合作，保障公司业务安全
6、跟踪行业动态和竞品发展趋势，推进审核功能和效果的优化
职位要求：
1、本科及以上学历，
2、3年以上机器审核、风险管理等相关工作经验，有团队管理经验者优先；
3、具备良好的洞察能力，能够从业务反馈、数据特征中发现问题和机会；
4、具备优秀的沟通协调能力和团队合作精神，能够有效推动跨部门合作；
5、对机器学习、自然语言处理等技术有深入理解，有实际项目经验者优先；
6、对工作充满热情，有强烈的责任心和执行力。","科大讯飞公司是国内语音产业仅有的：

■国家智能语音高新技术产业基地
■国家规划布局内重点软件企业
■语音及语言信息处理国家工程实验室
■国家创新型企业100强
■国家863计划成果产业化基地
■国家企业技术中心

科大讯飞（股票代码：002230），是一家专业从事智能语音及语言技术研究、软件及芯片产品开发、语音信息服务及电子政务系统集成的国家骨干软件企业，其智能语音核心技术代表了业界先进水平。
学有所成的你，需要的是一份前景无限的事业，是一个施展才华的平台，更是一个能够不断砥砺成长的环境。科大讯飞是一个充满激情和梦想，高速成长的团队，提供众多广阔空间，让你纵情驰骋理想，不断挑战自我、超越自我。公司为员工提供：

1、加速成长的人才环境
科大讯飞的技术优势和市场竞争力源于创新无限的人才队伍建设与培养。公司内部不仅建立了完善的“iFLY工程”三级培训体系，同时为了让员工有更多深造提升的机会，公司与中国科技大学合作成立了讯飞软件工程硕士班，每年公司全额出资选派70名员工深造。2002年，讯飞博士后科研工作站正式挂牌成立。此外，公司还与国内外著名研究机构进行紧密合作，与中国科学技术大学、清华大学、中国社会科学院语言所等建立讯飞联合实验室；并与加拿大York大学、英国爱丁堡大学等进行研发人员互派培养。
2011年，“国家智能语音高新技术产业化基地”、“语音及语言信息处理国家工程实验室”正式获批，为进一步汇聚产业资源、加强产业合作、加速产业发展提供了更高平台。全体讯飞人正以“敬业、创新、奋进”的企业精神，与各界合作伙伴携手，打造全国乃至全球语音产业高地。

2、高速发展的职业空间
基于拥有自主知识产权的业界先进智能语音技术，科大讯飞已推出从大型电信级应用到小型嵌入式应用，从电信、金融等行业到企业和家庭用户，从PC到手机，从智能家电到玩具，能够满足不同应用环境的多种产品。科大讯飞占有中文语音技术市场70%以上市场份额，开发伙伴超过5000家，以讯飞为核心的中文语音产业链已初具规模。
2010年，科大讯飞在计算机发展第五次浪潮——移动互联网时代来临之际抢占产业制高点，率先发布同时提供语音合成、语音搜索、语音听写等智能语音交互能力的移动互联网智能交互平台——“讯飞语音云”，并持续优化升级，相继推出讯飞语音输入法、讯飞口讯、讯飞语点等示范性应用，且与广大合作伙伴携手推动各类语音应用深入到手机、汽车、家电、玩具等各个领域，推动着移动互联网时代大潮下输入和交互模式的变革。语音时代的到来正加速推动产业高速发展，为讯飞人提供无限广阔的发展空间。

3、国际前沿的研发方向
作为中国优秀的智能语音技术提供商，科大讯飞在智能语音技术领域有着长期的研究积累，并在语音合成、语音识别、语言评测及学习等语音核心技术上拥有国际水平的成果，被原信息产业部确定为中文语音交互技术标准工作组组长单位，牵头制定中文语音技术标准。2003、2011年，两次荣获中国语音产业奖项“国家科技进步奖”，2005、2011年两次荣获中国信息产业自主创新荣誉“信息产业重大技术发明奖”。2006—2012年连续七届在英文语音合成国际大赛（Blizzard Challenge）荣获佳绩。2008—2011年连续四年在国际说话人、语种识别评测大赛中名列前茅。

4、优厚完善的薪酬待遇
　　“成就员工理想，创造社会价值”是科大讯飞公司核心理念。员工不仅享受着公司快速发展带来的能力与职业空间的提升，同时还享受着各项丰厚回报：
 -享受“五险一金”以及补充性商业险等；
 -享受健康体检、休假、旅游等员工健身计划；
 -享受交通、通讯、伙食等生活补贴；
 -享受股权激励政策……"
unknown:1982202793,1982202793,unknown,AI研究院-大模型内容安全运营（机审）-合肥,科大讯飞,"互联网,人工智能",已上市,10000人以上,合肥-井岗,12-30k·14薪,3年以上,本科,,90天前更新,招1人,,标题领域词=内容安全; 标题岗位词=运营; 公司标签=互联网,https://www.liepin.com/zpneironganquan/ | https://www.liepin.com/zpneironganquanyunying/,https://www.liepin.com/zpneironganquan/pn2/ | https://www.liepin.com/zpneironganquanyunying/pn3/,https://www.liepin.com/job/1982202793.shtml,2026-05-02T12:28:22+08:00,2026-08-17T10:34:33+08:00,"岗位职责：
1、负责机器审核策略运营团队的管理，确保团队目标的达成；
2、负责深入业务场景，制定布控的机器审核策略，推进落地保障业务安全并兼顾体验
3、对于各场景反馈的漏杀、误杀问题进行深入分析，提出解决方案并推动实施；
4、定期分析数据的特征，提出机器审核策略的优化需求，确保通用准召指标不断提升
5、与产品、技术、舆情分析、人审等团队紧密合作，保障公司业务安全
6、跟踪行业动态和竞品发展趋势，推进审核功能和效果的优化
职位要求：
1、本科及以上学历，
2、3年以上机器审核、风险管理等相关工作经验，有团队管理经验者优先；
3、具备良好的洞察能力，能够从业务反馈、数据特征中发现问题和机会；
4、具备优秀的沟通协调能力和团队合作精神，能够有效推动跨部门合作；
5、对机器学习、自然语言处理等技术有深入理解，有实际项目经验者优先；
6、对工作充满热情，有强烈的责任心和执行力。","科大讯飞公司是国内语音产业仅有的：

■国家智能语音高新技术产业基地
■国家规划布局内重点软件企业
■语音及语言信息处理国家工程实验室
■国家创新型企业100强
■国家863计划成果产业化基地
■国家企业技术中心

科大讯飞（股票代码：002230），是一家专业从事智能语音及语言技术研究、软件及芯片产品开发、语音信息服务及电子政务系统集成的国家骨干软件企业，其智能语音核心技术代表了业界先进水平。
学有所成的你，需要的是一份前景无限的事业，是一个施展才华的平台，更是一个能够不断砥砺成长的环境。科大讯飞是一个充满激情和梦想，高速成长的团队，提供众多广阔空间，让你纵情驰骋理想，不断挑战自我、超越自我。公司为员工提供：

1、加速成长的人才环境
科大讯飞的技术优势和市场竞争力源于创新无限的人才队伍建设与培养。公司内部不仅建立了完善的“iFLY工程”三级培训体系，同时为了让员工有更多深造提升的机会，公司与中国科技大学合作成立了讯飞软件工程硕士班，每年公司全额出资选派70名员工深造。2002年，讯飞博士后科研工作站正式挂牌成立。此外，公司还与国内外著名研究机构进行紧密合作，与中国科学技术大学、清华大学、中国社会科学院语言所等建立讯飞联合实验室；并与加拿大York大学、英国爱丁堡大学等进行研发人员互派培养。
2011年，“国家智能语音高新技术产业化基地”、“语音及语言信息处理国家工程实验室”正式获批，为进一步汇聚产业资源、加强产业合作、加速产业发展提供了更高平台。全体讯飞人正以“敬业、创新、奋进”的企业精神，与各界合作伙伴携手，打造全国乃至全球语音产业高地。

2、高速发展的职业空间
基于拥有自主知识产权的业界先进智能语音技术，科大讯飞已推出从大型电信级应用到小型嵌入式应用，从电信、金融等行业到企业和家庭用户，从PC到手机，从智能家电到玩具，能够满足不同应用环境的多种产品。科大讯飞占有中文语音技术市场70%以上市场份额，开发伙伴超过5000家，以讯飞为核心的中文语音产业链已初具规模。
2010年，科大讯飞在计算机发展第五次浪潮——移动互联网时代来临之际抢占产业制高点，率先发布同时提供语音合成、语音搜索、语音听写等智能语音交互能力的移动互联网智能交互平台——“讯飞语音云”，并持续优化升级，相继推出讯飞语音输入法、讯飞口讯、讯飞语点等示范性应用，且与广大合作伙伴携手推动各类语音应用深入到手机、汽车、家电、玩具等各个领域，推动着移动互联网时代大潮下输入和交互模式的变革。语音时代的到来正加速推动产业高速发展，为讯飞人提供无限广阔的发展空间。

3、国际前沿的研发方向
作为中国优秀的智能语音技术提供商，科大讯飞在智能语音技术领域有着长期的研究积累，并在语音合成、语音识别、语言评测及学习等语音核心技术上拥有国际水平的成果，被原信息产业部确定为中文语音交互技术标准工作组组长单位，牵头制定中文语音技术标准。2003、2011年，两次荣获中国语音产业奖项“国家科技进步奖”，2005、2011年两次荣获中国信息产业自主创新荣誉“信息产业重大技术发明奖”。2006—2012年连续七届在英文语音合成国际大赛（Blizzard Challenge）荣获佳绩。2008—2011年连续四年在国际说话人、语种识别评测大赛中名列前茅。

4、优厚完善的薪酬待遇
　　“成就员工理想，创造社会价值”是科大讯飞公司核心理念。员工不仅享受着公司快速发展带来的能力与职业空间的提升，同时还享受着各项丰厚回报：
 -享受“五险一金”以及补充性商业险等；
 -享受健康体检、休假、旅游等员工健身计划；
 -享受交通、通讯、伙食等生活补贴；
 -享受股权激励政策……"
unknown:1974698669,1974698669,unknown,内容安全策略运营,网易集团,互联网,已上市,10000人以上,广州-小新塘,18-30k·16薪,3-5年,本科,,7月17日更新,招1人,,标题领域词=内容安全; 标题岗位词=运营; 公司标签=互联网,https://www.liepin.com/zpneironganquan/,https://www.liepin.com/zpneironganquan/pn1/,https://www.liepin.com/job/1974698669.shtml,2026-04-14T14:01:30+08:00,2026-08-17T10:34:33+08:00,"职位描述
1、 负责网易游戏内容安全治理的工作，从平台、用户、行为特征、内容等多角度制定治理方案，设计收敛风险的安全策略及SOP，并推进落地；
2、 制定网易游戏安全及生态的治理的指标，协调多方资源和相关方，驱动相关指标有效交付；
3、 运用治理思维，定期监控、分析游戏内外域用户舆论及用户日常讨论内容，把控游戏生态环境情况的同时迭代优化游戏治理策略；
4、 通过指标监控和数据分析，及时掌握游戏风险变化，找出解决问题的关键路径不断完善安全策略，提升游戏安全或生态的健康水平。
职位要求
1、 本科以上学历，3年以上内容安全、业务安全治理工作经验，安全敏感度高，游戏行业工作经验加分；
2、 熟练使用SQL，至少会Excel、Python、Power Query，Tableau其中一种数据分析能力，具备数据可视化技能加分；
3、 有较强的内容识别、数据意识、总结复盘能力，能有效结合业务形态和产品逻辑制定解决方案；
4、 良好的资源协调和沟通能力，有跨部门密切配合的经验意识，能有效协调多方资源推动落地；
5、 具有较强的适应能力，工作上有强烈的责任感与使命感，自我驱动不断提升。","网易公司由丁磊先生于 1997 年6月创立,凭借敏锐的市场洞察力和努力，网易公司从10多人的初创团队发展至今，在全世界已拥有上万多名员工，并于2000年6月成功在美国纳斯达克股票市场公开上市（NASDAQ：NTES）。随着公司规模的不断扩大，网易已经成为中国领先的互联网技术公司。网易拥有一批活跃的年轻团队，每位成员都能在充满活力的氛围中孜孜不倦地为理想共同奋斗。我们的团队不仅年轻，而且优秀。网易不断领跑中国互联网发展离不开优秀的团队。无论是领先的技术团队、敏锐的新闻团队、专业的销售团队还是高效的管理团队，都为网易的辉煌，中国互联网事业的发展倾注自己最大的力量。"
unknown:1970797167,1970797167,unknown,内容安全策略运营,网易集团,互联网,已上市,10000人以上,黄埔区,15-20k·16薪,3年以上,本科,,90天前更新,招1人,,标题领域词=内容安全; 标题岗位词=运营; 公司标签=互联网,https://www.liepin.com/zpneironganquan/,https://www.liepin.com/zpneironganquan/pn3/,https://www.liepin.com/job/1970797167.shtml,2026-04-14T14:01:30+08:00,2026-08-17T10:34:33+08:00,"1、负责网易游戏内容安全治理的工作，从平台、用户、行为特征、内容等多角度制定治理方案，设计收敛风险的安全策略及SOP，并推进落地；
2、制定网易游戏安全及生态的治理的指标，协调多方资源和相关方，驱动相关指标有效交付；
3、运用治理思维，定期监控、分析游戏内外域用户舆论及用户日常讨论内容，把控游戏生态环境情况的同时迭代优化游戏治理策略；
4、通过指标监控和数据分析，及时掌握游戏风险变化，找出解决问题的关键路径不断完善安全策略，提升游戏安全或生态的健康水平。
职位要求
1、本科以上学历，3年以上内容安全、业务安全治理工作经验，安全敏感度高，游戏行业工作经验加分；
2、熟练使用数据分析工具，具备数据可视化技能加分；
3、有较强的内容识别、数据意识、总结复盘能力，能有效结合业务形态和产品逻辑制定解决方案；
4、良好的资源协调和沟通能力，有跨部门密切配合的经验意识，能有效协调多方资源推动落地；
5、具有较强的适应能力，工作上有强烈的责任感与使命感，自我驱动不断提升。","网易公司由丁磊先生于 1997 年6月创立,凭借敏锐的市场洞察力和努力，网易公司从10多人的初创团队发展至今，在全世界已拥有上万多名员工，并于2000年6月成功在美国纳斯达克股票市场公开上市（NASDAQ：NTES）。随着公司规模的不断扩大，网易已经成为中国领先的互联网技术公司。网易拥有一批活跃的年轻团队，每位成员都能在充满活力的氛围中孜孜不倦地为理想共同奋斗。我们的团队不仅年轻，而且优秀。网易不断领跑中国互联网发展离不开优秀的团队。无论是领先的技术团队、敏锐的新闻团队、专业的销售团队还是高效的管理团队，都为网易的辉煌，中国互联网事业的发展倾注自己最大的力量。"
unknown:1971373819,1971373819,unknown,风控运营专员（大神/MCN风控）,网易集团,互联网,已上市,10000人以上,黄埔区,12-25k·16薪,1年以上,本科,,90天前更新,招1人,,标题领域词=风控; 标题岗位词=运营; 公司标签=互联网,https://www.liepin.com/zpfengkongyunying/,https://www.liepin.com/zpfengkongyunying/pn2/,https://www.liepin.com/job/1971373819.shtml,2026-04-14T14:01:30+08:00,2026-08-17T10:34:33+08:00,"职位描述
1、负责平台与MCN机构项目政策、运营费用等成本的审核及相关风控；
2、发现与分析平台的黑灰产并打击治理，如刷奖、洗钱、异常用户、违规引流等；
3、分析用户行为，建立用户风险模型，并根据模型搭建相应的风控框架来降低平台风险；
4、及时发现公司与员工潜在问题和风险，并提出改进意见；
5、跟踪监控运营成本使用情况、流程运行状况分析潜在问题和风险并上报；
职位要求
1、具较高保密意识和主观能动性，立场坚定，有原则，有想法；
2、具备业务敏感度，有较强的数据分析和逆向思维能力，懂SQL/Python优先；
3、具高度的责任心、勇于承担责任，能承受较强的工作压力；
4、了解社区、平台、MCN费用相关业务优先。","网易公司由丁磊先生于 1997 年6月创立,凭借敏锐的市场洞察力和努力，网易公司从10多人的初创团队发展至今，在全世界已拥有上万多名员工，并于2000年6月成功在美国纳斯达克股票市场公开上市（NASDAQ：NTES）。随着公司规模的不断扩大，网易已经成为中国领先的互联网技术公司。网易拥有一批活跃的年轻团队，每位成员都能在充满活力的氛围中孜孜不倦地为理想共同奋斗。我们的团队不仅年轻，而且优秀。网易不断领跑中国互联网发展离不开优秀的团队。无论是领先的技术团队、敏锐的新闻团队、专业的销售团队还是高效的管理团队，都为网易的辉煌，中国互联网事业的发展倾注自己最大的力量。"
unknown:1978998343,1978998343,unknown,风控运营经理,网易集团,互联网,已上市,10000人以上,广州-小新塘,50-70k·16薪,10年以上,本科,五险一金 | 年终奖金 | 带薪年假 | 年度旅游,90天前更新,招1人,五险一金 | 年终奖金 | 带薪年假 | 年度旅游 | 团队聚餐 | 休闲餐点 | 优秀员工奖 | 定期体检 | 年底双薪 | 餐费补贴,标题领域词=风控; 标题岗位词=运营; 公司标签=互联网,https://www.liepin.com/zpfengkongyunying/,https://www.liepin.com/zpfengkongyunying/pn1/,https://www.liepin.com/job/1978998343.shtml,2026-04-14T14:01:30+08:00,2026-08-17T10:34:33+08:00,"职位描述
1. 负责MMO游戏的风控工作，包括研究和分析游戏中存在的黑灰产工作室、线下交易、恶意行为问题，并制定相应的治理策略和措施。
2. 负责游戏安全团队的管理，包括招聘、培训和指导团队成员，确保团队高效运作。
3. 根据游戏特点和风控的发展趋势，制定和更新风控治理对策，包括治理机制、安全措施等。
4. 跟进游戏的行业动态，保持对游戏安全领域的最新认知，并及时采取相应的应对措施。
职位要求
1. 具备丰富的MMO游戏风控经验，熟悉梦幻游戏的优先。
2. 具备团队管理经验，能够协调和指导团队成员，确保工作的高效进行。
3. 逻辑思维缜密，积极主动，具备优秀的对接、沟通及跨部门协同能力，合作意识好，可与业务团队高效对接。
4. 具有较强的学习能力与创新思维，持续关注风控的外部信息，能够提出有创造性的解决问题思路。","网易公司由丁磊先生于 1997 年6月创立,凭借敏锐的市场洞察力和努力，网易公司从10多人的初创团队发展至今，在全世界已拥有上万多名员工，并于2000年6月成功在美国纳斯达克股票市场公开上市（NASDAQ：NTES）。随着公司规模的不断扩大，网易已经成为中国领先的互联网技术公司。网易拥有一批活跃的年轻团队，每位成员都能在充满活力的氛围中孜孜不倦地为理想共同奋斗。我们的团队不仅年轻，而且优秀。网易不断领跑中国互联网发展离不开优秀的团队。无论是领先的技术团队、敏锐的新闻团队、专业的销售团队还是高效的管理团队，都为网易的辉煌，中国互联网事业的发展倾注自己最大的力量。"
unknown:1969871131,1969871131,unknown,高级风控运营,网易集团,互联网,已上市,10000人以上,黄埔区,15-25k·16薪,经验不限,本科,,90天前更新,招1人,,标题领域词=风控; 标题岗位词=运营; 公司标签=互联网,https://www.liepin.com/zpfengkongyunying/,https://www.liepin.com/zpfengkongyunying/pn2/,https://www.liepin.com/job/1969871131.shtml,2026-04-14T14:01:30+08:00,2026-08-17T10:34:33+08:00,"1、负责游戏虚拟物品交易平台风控数据建模、系统搭建和上线； 
2、构建高效的模型指标监控体系，持续跟进业务及模型的监控分析； 
3、负责平台通用业务的风控，涉及但不限于：薅羊毛，反爬虫，支付风控，反诈骗、反洗钱、反交易作弊等； 
4、能够持续和黑产对抗，并用模型解决单条策略无法覆盖的样本。

职位要求
1、数学、统计学、计算机、金融等相关专业本科以上学历； 
2、有2年及以上虚拟交易平台或电商行业风控数据分析或策略分析经验； 
3、熟练使用Python、SQL，具备扎实的数据分析功底； 
4、具备优秀的分析解决问题能力，良好的沟通能力，自我驱动力，抗压能力及团队合作精神。","网易公司由丁磊先生于 1997 年6月创立,凭借敏锐的市场洞察力和努力，网易公司从10多人的初创团队发展至今，在全世界已拥有上万多名员工，并于2000年6月成功在美国纳斯达克股票市场公开上市（NASDAQ：NTES）。随着公司规模的不断扩大，网易已经成为中国领先的互联网技术公司。网易拥有一批活跃的年轻团队，每位成员都能在充满活力的氛围中孜孜不倦地为理想共同奋斗。我们的团队不仅年轻，而且优秀。网易不断领跑中国互联网发展离不开优秀的团队。无论是领先的技术团队、敏锐的新闻团队、专业的销售团队还是高效的管理团队，都为网易的辉煌，中国互联网事业的发展倾注自己最大的力量。"
unknown:1960524913,1960524913,unknown,高级风控运营专员,网易集团,互联网,已上市,10000人以上,广州-小新塘,12-20k·16薪,1-3年,本科,五险一金 | 免费班车 | 餐费补贴 | 节日礼物,90天前更新,招1人,五险一金 | 免费班车 | 餐费补贴 | 节日礼物,标题领域词=风控; 标题岗位词=运营; 公司标签=互联网,https://www.liepin.com/zpfengkongyunying/,https://www.liepin.com/zpfengkongyunying/pn2/,https://www.liepin.com/job/1960524913.shtml,2026-04-14T14:01:30+08:00,2026-08-17T10:34:33+08:00,"【岗位职责】
1.负责游戏生态中内容板块的未成年保护风险管理闭环体系，配合全品类游戏进行未成年违规防控；
2.与算法和模型团队合作沟通，输出模型，了解训练模型，并对打击效果进行监控；
3.识别游戏场景中，针对未成年人可能存在的风险点进行预防把控；
4.协助进行风控效果宣发工作。
【岗位要求】
1.本科及以上学历，有防欺诈和防侵害相关项目经验；
2.了解算法、模型，有模型训练相关经验更佳；
3.有良好的资源协调和沟通能力，有跨部门多方密切配合的经验和意识，需要有效协调多方资源；
4.熟悉游戏场景，了解游戏中可能存在的风险点；
5.较强的抗压能力，强烈的责任感与使命感。","网易公司由丁磊先生于 1997 年6月创立,凭借敏锐的市场洞察力和努力，网易公司从10多人的初创团队发展至今，在全世界已拥有上万多名员工，并于2000年6月成功在美国纳斯达克股票市场公开上市（NASDAQ：NTES）。随着公司规模的不断扩大，网易已经成为中国领先的互联网技术公司。网易拥有一批活跃的年轻团队，每位成员都能在充满活力的氛围中孜孜不倦地为理想共同奋斗。我们的团队不仅年轻，而且优秀。网易不断领跑中国互联网发展离不开优秀的团队。无论是领先的技术团队、敏锐的新闻团队、专业的销售团队还是高效的管理团队，都为网易的辉煌，中国互联网事业的发展倾注自己最大的力量。"
unknown:1980276311,1980276311,unknown,商业产品风控运营,美团,"生活服务,互联网,生活服务O2O",已上市,10000人以上,北京-来广营,35-45k,3-8年,本科,,90天前更新,招1人,,标题领域词=风控; 标题岗位词=运营; 公司标签=互联网,https://www.liepin.com/zpfengkongyunying/,https://www.liepin.com/zpfengkongyunying/pn1/,https://www.liepin.com/job/1980276311.shtml,2026-04-14T14:01:30+08:00,2026-08-17T10:34:33+08:00,"学历要求:
大学本科
经验要求:
1年
岗位职责:
1.负责商业产品风控运营工作，包括但不限于了解行业、理解商业产品等运营工作；
2.负责制定并执行商业产品风控策略，保障平台商家及供给方合规经营；
3.负责监控商业产品风控指标，及时发现并解决风险问题；
4.参与商业产品风控规则的优化和完善，提升风控效率和准确性。
岗位要求:
1.大学本科及以上学历，风险管理、统计学、金融等相关专业优先；
2.具备1年以上相关工作经验，熟悉商业产品风控运营流程和方法；
3.具备良好的数据分析能力和风险识别能力，能独立分析和解决问题；
4.具备较强的沟通能力和团队合作精神，能有效协调内外部资源。
岗位亮点:
1.可以在商业产品风控领域积累经验，拓展职业发展空间；
2.参与商业产品风控策略制定和执行，实现个人能力提升；
3.提供良好的职业发展平台。","美团是一家科技零售公司。美团以“零售+科技”的战略践行“帮大家吃得更好，生活更好”的公司使命。
自2010年3月成立以来，美团持续推动服务零售和商品零售在需求侧和供给侧的数字化升级，和广大合作伙伴一起努力为消费者提供品质服务。2018年9月20日，美团在港交所挂牌上市。
美团始终以客户为中心，不断加大在新技术上的研发投入。美团会和大家一起努力，更好承担社会责任，更多创造社会价值。"
unknown:1972791631,1972791631,unknown,金融风险运营,美团,"生活服务,互联网,生活服务O2O",已上市,10000人以上,北京-望京,15-25k,5年以上,本科,,90天前更新,招1人,,标题领域词=风险; 标题岗位词=运营; 公司标签=互联网,https://www.liepin.com/zpfengxianyunying/,https://www.liepin.com/zpfengxianyunying/pn1/,https://www.liepin.com/job/1972791631.shtml,2026-04-14T14:01:30+08:00,2026-08-17T10:34:33+08:00,"【岗位职责】
1、负责金融产品的全生命周期运营，涵盖贷前规划、贷中审核及贷后管理等环节，确保业务流程高效推进，达成既定业务目标。
2、负责酒店客户资质评估，结合酒店行业特点及风控标准，制定并执行科学合理的审批策略，确保业务合规性及风险可控。
3、搭建并优化酒店金融业务数据指标体系，沉淀标准化运营流程，提升业务运营效率与客户服务体验。
4、对标行业产品，定期分析市场及金融业务痛点，提出创新型解决方案，推动落地执行并持续优化。
5、深入一线，洞察客户需求，及时调整产品与运营策略，以确保产品持续满足市场和客户的期望。
【任职要求】
1、金融、经济、管理等相关专业本科及以上学历，5年以上B端金融运营和风险管理工作经验。
2、具有较强的数据分析能力，精通SQL/Python/R等数据分析和建模语言，具备风控策略调优成功案例。
3、具有良好的沟通协调能力和团队合作精神，能够与各部门有效协作，推动项目顺利开展
4、能够接受短期出差
【岗位亮点】
1、深度参与酒店产业金融数字化升级的行业机遇
2、团队氛围好，有机会参与公司金融业务的战略决策和规划。
【具备以下优先】
1、具有酒店/旅游行业B端金融服务经验优先。
2、参与过金融产品从0到1搭建或亿级规模资产运营优先。
3、熟悉机器学习算法、大模型并有成功落地经验者优先。","美团是一家科技零售公司。美团以“零售+科技”的战略践行“帮大家吃得更好，生活更好”的公司使命。
自2010年3月成立以来，美团持续推动服务零售和商品零售在需求侧和供给侧的数字化升级，和广大合作伙伴一起努力为消费者提供品质服务。2018年9月20日，美团在港交所挂牌上市。
美团始终以客户为中心，不断加大在新技术上的研发投入。美团会和大家一起努力，更好承担社会责任，更多创造社会价值。"
unknown:1976448849,1976448849,unknown,内容安全产品运营,钛动科技,"互联网,广告/公关/会展,IT服务",B轮融资,500-999人,北京-来广营,40-70k·15薪,3-5年,本科,五险一金 | 年终奖金 | 全勤奖 | 带薪年假,90天前更新,招1人,五险一金 | 年终奖金 | 全勤奖 | 带薪年假 | 团队聚餐 | 年底双薪,标题领域词=内容安全; 标题岗位词=运营; 公司标签=互联网,https://www.liepin.com/zpneironganquan/,https://www.liepin.com/zpneironganquan/pn3/,https://www.liepin.com/job/1976448849.shtml,2026-04-14T14:01:30+08:00,2026-08-17T10:34:33+08:00,"岗位职责：
1.内容安全标准体系搭建:制定广告内容风险分级标准(禁播/限流/人工复核)，覆盖敏感词、涉政图像、恶意代码等12类风险场景
2.安全策略运营与优化:设计""规则引擎+AI模型”协同策略，通过AB测试验证策略效果，动态阈值管控，根据时段地域/广告主等级自动调整审核强度，实时监控高风险素材特征
3.AI审核大模型应用落地:与算法团队协作完成模型场景适配，优化多模态审核模型在广告场景的误判率;设计模型分级调度策略，低风险素材使用轻量级模型，高风险素材启用混合专家模型;建立模型效果追踪体系，通过对抗样本测试验证模型鲁棒性
4.跨部门协同与效能提升:对接审核中台团队，推动自动化巡检系统与审核流程的API对接，联动法务部门完成GDPR合规改造，输出风控运营报告，对策略覆盖率、误判率、黑产对抗趋势等核心指标进行分析。

任职要求：
1.专业经验
3-5年互联网内容安全/广告风控产品运营经验，主导过至少1个完整风控产品从0到1搭建熟悉广告审核全流程(素材提交一机审一人审一上线)，掌握第三方安全工具对接规范具备对抗黑产实战经验，能解读攻防演练报告
2.技术能力
熟练使用SQL/Python进行数据埋点与分析，掌握AB实验设计方法(如多变量测试)能解读模型输出特征(如CLIP模型的语义相似度评分)了解AI模型基础原理，熟悉广告行业特性:DSP/ADX平台对接规范、广告主投诉工单处理SOP","钛动科技是一家领先的AI营销科技公司，成立于2017年，总部位于广州，专注于为全球商业增长提供效果导向的营销解决方案。凭借自研的专为跨境营销场景打造的钛极多模态大模型（MLLMs），钛动科技提供全链路营销解决方案，帮助企业有效触达、吸引并转化全球消费者，并取得可量化的商业成果。2025年，公司服务超10万家广告主，覆盖电商、游戏、文娱、本地生活等行业。
Founded in 2017, Tec-Do 2.0 is a leading AI martech company delivering result-centric marketing solutions for global business growth. Powered by our Tec-Chi multi-modal large language models (“MLLMs”), we leverage our end-to-end marketing solutions to reach, engage and convert consumers worldwide with measurable success. In 2025, we served over 100,000 advertisers and a diversified customer base spanning e-commerce, gaming, entertainment and local commerce."
unknown:1984438461,1984438461,unknown,阿里健康-风控运营专家-杭州,阿里健康,互联网,已上市,1000-2000人,余杭区,15-30k·16薪,3-5年,本科,,7月27日更新,招1人,,标题领域词=风控; 标题岗位词=运营; 公司标签=互联网,https://www.liepin.com/zpfengkongyunying/,https://www.liepin.com/zpfengkongyunying/,https://www.liepin.com/job/1984438461.shtml,2026-08-03T12:49:08+08:00,2026-08-17T10:34:33+08:00,"岗位职责：1、基于历史数据和专家经验，运用数据分析、挖掘，设计针对违禁/内容安全等风险的安全策略并持续优化，策略设计需要兼顾风险控制和业务发展；

2、针对业务流程，思考并设计多种监控感知方案，保障动态风险对抗能力；

3、深度理解业务逻辑，基于风险、用户分群等维度精细化运营，保障业务健康发展；

4、设计和构建智能化风险治理产品、流程与机制，推进建设体系化风险治理能力。
任职要求：1、良好的数据处理、分析与数据化运营能力，熟练使用至少一种专业分析工具，如SQL，Python，R等；

2、较高的风险敏锐度，能够快速理解新业务特性，主动发现风险点并提出体系化解决方案；

3、自驱、有担当，通过有效的团队协同、资源协调达成业务目标。","阿里健康(00241.HK)是阿里巴巴集团“Double H”战略（Health and Happiness）在医疗健康领域的旗舰平台，是阿里巴巴集团投资控股的公司之一。凭借阿里巴巴集团在电子商务、大数据和云计算领域的优势，阿里健康以用户为核心，为医药健康行业提供全面的互联网解决方案，以期对现有社会医药资源实现跨区域共享配置，大幅提高就医购药的效率。 
目前，阿里健康开展的业务主要集中在医药电商、智慧医疗、产品追溯等领域。"
unknown:1980654619,1980654619,unknown,商品治理能力运营-杭州-内容安全,阿里巴巴集团,互联网,已上市,10000人以上,余杭区,25-45k·16薪,3年以上,本科,,90天前更新,招1人,,标题领域词=内容安全; 标题岗位词=运营; 公司标签=互联网,https://www.liepin.com/zpneironganquan/,https://www.liepin.com/zpneironganquan/pn2/,https://www.liepin.com/job/1980654619.shtml,2026-04-14T14:01:30+08:00,2026-08-17T10:34:33+08:00,"岗位职责
1、能力建设储备：基于行业发展和治理要求从中台视角提前联动算法、产技等团队建设内容、商家商品相关治理能力，如资质合规、商品假劣、知识产权、商品禁限售等识别能力，对识别能力效果负责
2、能力水位持续提升：基于能力触发等机制常态化联动算法进行能力迭代升级，包含内外水位评测，业务风险漏防分析、外部风险感知等
3、业务诉求响应及能力整合输出：及时承接日常业务诉求，做好常规分析，基于对业务风险及能力现状的认知，进行相应产品、能力组织并进行输出
4、能力生产及管理效能提升：内外联动各方包含产技，算法等，通过产品化、线上化方式实现能力更好管理及高效输出

任职要求
1、3年以上风险治理领域从业经验，如果有内容合规&商品治理相关经验优先
2、基础SQL获取数据能力和数据分析能力，有算法相关工作背景优先
3、有优秀的跨团队沟通能力，善于资源整合并能够快速落地
4、工作有激情，有创新精神，且善于深挖需求，分析需求，整合需求","阿里巴巴集团的使命是让天下没有难做的生意。
我们旨在赋能企业改变营销、销售和经营的方式。我们为商家、品牌及其他企业提供基本的互联网基础设施以及营销平台，让其可借助互联网的力量与用户和客户互动。我们的业务包括核心电商、云计算、数字媒体和娱乐以及创新项目和其他业务。我们并通过子公司菜鸟网络及所投资的关联公司口碑，参与物流和本地服务行业，同时与蚂蚁金融服务集团有战略合作，该金融服务集团主要通过中国**的第三方网上支付平台支付宝运营。
我们的愿景
我们旨在构建未来的商务生态系统。我们的愿景是让客户相会、工作和生活在阿里巴巴，并持续发展最少102年。

申请此职位表明您已阅读并同意阿里巴巴及关联公司的《申请工作机会须知》，具体请看链接：***************************************************"
unknown:1984715229,1984715229,unknown,淘宝-风险运营,阿里巴巴集团,互联网,已上市,10000人以上,杭州,20-40k·16薪,2年以上,本科,,8月7日更新,招1人,,标题领域词=风险; 标题岗位词=运营; 公司标签=互联网,https://www.liepin.com/zpfengxianyunying/,https://www.liepin.com/zpfengxianyunying/,https://www.liepin.com/job/1984715229.shtml,2026-08-13T11:33:02+08:00,2026-08-17T10:34:33+08:00,"职位描述
1.负责业务全生命周期数据安全风险评估，建立数据风险识别、分级分类、治理闭环标准化流程。
2.参与数据安全风险评估，指导业务提升系统数据安全水平，推动智能评审、自动化合规检测等AI赋能场景落地。
3.负责数据安全事件挖掘分析，主导案件调查取证及应急响应处置。
4.负责对数据安全领域的培训、考试等，针对重点项目或者节点的数据安全支持。
5.负责对接监管要求与行业标准，建立外部合规对标机制，确保平台实践符合法规要求。

职位要求
1.2年以上互联网行业数据安全、法律合规、内审相关工作经验
2.熟悉数据安全治理体系与风险管理框架，具备数据业务全链路理解能力3.具备SQL查询与数据分析能力，能基于全链路数据构建风险标签体系与监控大盘
4.熟练运用AI工具提升效率，有AI辅助风控建模实践经验5.具备洞察力与跨部门协同能力，能与产研高效沟通技术方案、与业务推动安全措施落地","阿里巴巴集团的使命是让天下没有难做的生意。
我们旨在赋能企业改变营销、销售和经营的方式。我们为商家、品牌及其他企业提供基本的互联网基础设施以及营销平台，让其可借助互联网的力量与用户和客户互动。我们的业务包括核心电商、云计算、数字媒体和娱乐以及创新项目和其他业务。我们并通过子公司菜鸟网络及所投资的关联公司口碑，参与物流和本地服务行业，同时与蚂蚁金融服务集团有战略合作，该金融服务集团主要通过中国**的第三方网上支付平台支付宝运营。
我们的愿景
我们旨在构建未来的商务生态系统。我们的愿景是让客户相会、工作和生活在阿里巴巴，并持续发展最少102年。

申请此职位表明您已阅读并同意阿里巴巴及关联公司的《申请工作机会须知》，具体请看链接：***************************************************"
unknown:1983866701,1983866701,unknown,VCC风控运营(000881),随行付,互联网,融资未公开,1000-2000人,南山区,20-30k·14薪,3-5年,本科,五险一金 | 带薪年假 | 餐费补贴 | 通讯津贴,7月2日更新,招1人,五险一金 | 带薪年假 | 餐费补贴 | 通讯津贴 | 免费班车 | 弹性工作 | 团队聚餐 | 年终奖金 | 补充医疗,标题领域词=风控; 标题岗位词=运营; 公司标签=互联网,https://www.liepin.com/zpfengkongyunying/,https://www.liepin.com/zpfengkongyunying/pn1/,https://www.liepin.com/job/1983866701.shtml,2026-07-03T12:59:01+08:00,2026-08-17T10:34:33+08:00,"职责描述:
1、负责VCC发卡业务日常运营，保障业务稳定落地；
2、负责监控发卡异常、违规交易等风险行为，及时拦截、处置、上报风险问题；
3、落实KYC合规审核、风险排查、业务自查，配合审计、风控合规检查，完善运营及风险管控流程；
4、负责渠道及客户对接、问题答疑，统计发卡量、激活率、异常率等核心数据，输出复盘并优化运营及风控策略；
5、配合产品、技术迭代，优化发卡流程与风控规则，压降业务风险、提升转化指标。

任职资格:
1、本科及以上学历，至少3-5年VCC/虚拟卡、跨境支付等相关运营及风控经验，熟悉发卡业务链路者优先。
2、熟悉VCC发卡规则、交易逻辑及基础风控合规要求，具备风险识别、异常处理能力。
3、熟练使用大数据处理工具，具备常态化AI工具应用能力，数据敏感度高，工作严谨细致，能够独立完成业务数据复盘、交易风险筛查、运营流程梳理及异常问题研判工作。
4、沟通执行力强，抗压性好，无金融行业不良从业记录","随行付是高阳科技（中国）有限公司的关联公司。高阳集团总部位于北京，2002年在香港主板上市（股票代码：HK0818），其业务主要分布在中国大陆及港澳台地区，业务涉及金融、电信、电力等行业，年产值近二十亿元人民币。

随行付成立于2011年，是中国线下场景智慧支付平台。随行付致力于以科技创新为小微企业提供多元化的金融服务。公司业务主要覆盖支付和金融科技两大板块。支付服务为超过600万小微商户提供最综合的支付服务。包括POS、互联网支付、移动支付、移动POS及跨境支付服务等。年交易额突破万亿元。金融科技服务随行付拥有强大的研发能力，截至2019年底，研发人员总数达到37.8%。公司已在人工智能、大数据、云服务等前沿技术领域作出重大投入并取得显著成效。

我们的团队：

在这里，扁平化的管理风格，不讲究论资排辈，you can you up！

在这里，我们坚决抵制官僚主义作风，CEO、COO、CFO，面对高大上的老板们，你可以选择直呼其名，你还可以选择他们最亲民可爱的昵称！

在这里，不管你是高冷艳的产品大拿，还是高精尖的技术专家，更不管你是什么O，统统没有标配单间办公室，在我们6000平方米的开放式办公区域内，老板们可能就坐在那些并不起眼的普通工位上，与我们一起并肩作战！

在这里，你可以和一群技术牛一起玩转编程语言的奇幻世界！

在这里，你还可以和一群骨骼灵秀的资深产品一起涨姿势！

我们的福利：

吃：餐补+食品柜+饮料机+微波炉咖啡机+卡座沙发

行：N趟班车N个时间，配合弹性上班制，东南西北城均可抵达

娱：仅娱乐室就有200多平米，动如跑步机，静如瑜伽，闹如乒乓，帅如桌球，连friends里面的桌上足球也有；还嫌不够？羽毛球专场免费畅打，大型健身房随便去！

游：每月都有team building；每年都有远足旅游；每人都有带薪年假保障：六险一金、补充医疗、健康体检

增值收入：员工期权、股权计划

2021年我们扬帆远航，如果你有梦想、不空谈，如果你的激情从未褪去，请加入我们！"
unknown:1982529803,1982529803,unknown,风控运营主管-商户调查(000845),随行付,互联网,融资未公开,1000-2000人,杭州-文新,15-30k·15薪,5-10年,本科,,90天前更新,招1人,,标题领域词=风控; 标题岗位词=运营; 公司标签=互联网,https://www.liepin.com/zpfengkongyunying/,https://www.liepin.com/zpfengkongyunying/pn1/,https://www.liepin.com/job/1982529803.shtml,2026-05-23T12:52:11+08:00,2026-08-17T10:34:33+08:00,"职责描述:
 1.严格依据公司风控合规政策及内控流程，负责入网商户全量资质审核、身份真实性核验、穿透式尽职调查，核查企业主体、法人、股东及最终受益所有人背景信息，完成商户风险画像与风险等级评定。
2.负责存量商户常态化巡检、高风险商户专项回溯调查，梳理商户经营真实性、业务匹配度及存续经营状态，复盘历史交易流水与资金行为，识别潜在合规及洗钱风险，输出处置建议。
3.参与商户风控准入规则、尽调标准、调查流程及合规制度的梳理、维护与版本更新，结合商户调查业务痛点，提出风控产品及流程优化需求，提升商户尽调与风险调查整体作业效率。
4.聚焦跨境 B2B 贸易类商户专项调查，核查商户经营范围、贸易场景、上下游合作背景、交易真实性，深度分析资金往来路径、流向合理性，排查空壳公司、虚假贸易、代收代付、资金空转等违规风险。
5.深入梳理各类跨境贸易业态、结算模式及境外主体特征，参与搭建商户分层分类调查标准，持续优化商户准入、尽调、巡检、退出全链路风险运营管控体系。
6.独立识别商户异常入驻、股权频繁变更、经营与交易不匹配等高风险特征，开展可疑商户、风险事件及欺诈商户的专项调查取证、成因分析，撰写调查结论与风控报告；持续跟踪行业商户违规套路、欺诈模式及洗钱作案手法，沉淀调查标准与风控拦截规则。

任职资格:
1.全日制一类本科及以上学历，金融、国际贸易、法学、风险管理、财经类相关专业优先。
2.具备基础反洗钱、反欺诈合规知识，熟悉跨境支付、跨境贸易 B2B 业务逻辑及商户准入尽调流程，有志于长期从事跨境支付商户风控、合规调查方向职业发展。
3.对跨境商户调查、风控运营工作有兴趣，逻辑思维清晰，具备较强信息检索、资料核验及疑点排查能力，主动愿意学习行业监管政策、黑产模式及风控规则。
4.具备良好跨部门沟通协作能力，工作细致严谨、原则性强，能承受日常商户集中尽调、专项调查的工作压力。
5.具备基础英语读写能力，可独立查阅境外商户注册资料、英文合规文档，完成简单涉外信息核对与文档整理工作。","随行付是高阳科技（中国）有限公司的关联公司。高阳集团总部位于北京，2002年在香港主板上市（股票代码：HK0818），其业务主要分布在中国大陆及港澳台地区，业务涉及金融、电信、电力等行业，年产值近二十亿元人民币。

随行付成立于2011年，是中国线下场景智慧支付平台。随行付致力于以科技创新为小微企业提供多元化的金融服务。公司业务主要覆盖支付和金融科技两大板块。支付服务为超过600万小微商户提供最综合的支付服务。包括POS、互联网支付、移动支付、移动POS及跨境支付服务等。年交易额突破万亿元。金融科技服务随行付拥有强大的研发能力，截至2019年底，研发人员总数达到37.8%。公司已在人工智能、大数据、云服务等前沿技术领域作出重大投入并取得显著成效。

我们的团队：

在这里，扁平化的管理风格，不讲究论资排辈，you can you up！

在这里，我们坚决抵制官僚主义作风，CEO、COO、CFO，面对高大上的老板们，你可以选择直呼其名，你还可以选择他们最亲民可爱的昵称！

在这里，不管你是高冷艳的产品大拿，还是高精尖的技术专家，更不管你是什么O，统统没有标配单间办公室，在我们6000平方米的开放式办公区域内，老板们可能就坐在那些并不起眼的普通工位上，与我们一起并肩作战！

在这里，你可以和一群技术牛一起玩转编程语言的奇幻世界！

在这里，你还可以和一群骨骼灵秀的资深产品一起涨姿势！

我们的福利：

吃：餐补+食品柜+饮料机+微波炉咖啡机+卡座沙发

行：N趟班车N个时间，配合弹性上班制，东南西北城均可抵达

娱：仅娱乐室就有200多平米，动如跑步机，静如瑜伽，闹如乒乓，帅如桌球，连friends里面的桌上足球也有；还嫌不够？羽毛球专场免费畅打，大型健身房随便去！

游：每月都有team building；每年都有远足旅游；每人都有带薪年假保障：六险一金、补充医疗、健康体检

增值收入：员工期权、股权计划

2021年我们扬帆远航，如果你有梦想、不空谈，如果你的激情从未褪去，请加入我们！"
